rowIndex,recording,recorderState,fromFrame,rawInputMs,acceptedMs,steps,advanceMs,clampLossMs,discardedBacklogMs,markerSpanMs,callbackElapsedMs,observerBookkeepingMs,interMarkerGapMs,snapshotGapMs,previousRowIndex,markerRafOffsetChangeMs
0,1,recording,2696,140,140.0,4,66.66666666666288,0.0,81.3333333333375,17.000000000014552,17.000000000014552,0,,,,
1,1,recording,2697,172,172.0,4,66.66666666666288,0.0,105.33333333333711,4,4,1,148.99999999998545,148.99999999998545,0,-6
2,1,recording,2698,27,27.0,1,16.66666666666572,0.0,0.0,2,2,0,22,22,1,-1
3,1,recording,2699,22,22.0,1,16.66666666666572,0.0,0.0,3,3,0,20,20,2,0
4,1,recording,2700,82,82.0,4,66.66666666666288,0.0,31.000000000003787,3,3,0,79,79,3,0
5,1,recording,2701,31,31.0,1,16.66666666666572,0.0,0.0,3,3,0,28,28,4,0
6,1,recording,2702,15,15.0,1,16.66666666666572,0.0,0.0,3,3,0,12,12,5,0
7,1,recording,2703,13,13.0,1,16.66666666666572,0.0,0.0,3,3,0,10,10,6,0
8,1,recording,2704,21,21.0,1,16.66666666666572,0.0,0.0,2,2,0,19,19,7,1
9,1,recording,2705,17,17.0,1,16.66666666666572,0.0,0.0,2.000000000014552,2.000000000014552,0,14,14,8,-1
10,1,recording,2706,24,24.0,2,33.33333333333144,0.0,0.0,3,3,0,21.999999999985448,21.999999999985448,9,0
11,1,recording,2707,16,16.0,1,16.66666666666572,0.0,0.0,2,2,1,13,13,10,0
12,1,recording,2708,18,18.0,1,16.66666666666572,0.0,0.0,2,2,0,16,16,11,0
13,1,recording,2709,17,17.0,1,16.66666666666572,0.0,0.0,2,2,0,15,15,12,0
14,1,recording,2710,31,31.0,2,33.33333333333144,0.0,0.0,11,10,3,29,30,13,0
15,1,recording,2711,24,24.0,1,16.66666666666572,0.0,0.0,6.999999999985448,6.999999999985448,0,13.000000000014552,13.000000000014552,14,1.4551915228366852e-11
16,1,recording,2712,26,26.0,2,33.33333333333144,0.0,0.0,3,3,1,19,19,15,-1.4551915228366852e-11
17,1,recording,2713,18,18.0,1,16.66666666666572,0.0,0.0,4,3,1,15,16,16,0
18,1,recording,2714,20,20.0,1,16.66666666666572,0.0,0.0,2,2,0,16,16,17,0
19,1,recording,2715,14,14.0,1,16.66666666666572,0.0,0.0,3,3,0,12,12,18,0
20,1,recording,2716,18,18.0,1,16.66666666666572,0.0,0.0,3,3,0,15,15,19,0
21,1,recording,2717,33,33.0,2,33.33333333333144,0.0,0.0,5.000000000014552,5.000000000014552,0,30,30,20,0
22,1,recording,2718,20,20.0,1,16.66666666666572,0.0,0.0,4,4,0,14.999999999985448,14.999999999985448,21,0
23,1,recording,2719,16,16.0,1,16.66666666666572,0.0,0.0,4,4,0,12,12,22,0
24,1,recording,2720,22,22.0,1,16.66666666666572,0.0,0.0,2,2,0,18,18,23,0
25,1,recording,2721,14,14.0,1,16.66666666666572,0.0,0.0,6,6,0,12,12,24,0
26,1,recording,2722,24,24.0,2,33.33333333333144,0.0,0.0,5,5,0,18,18,25,0
27,1,recording,2723,23,23.0,1,16.66666666666572,0.0,0.0,4,4,0,18,18,26,0
28,1,recording,2724,16,16.0,1,16.66666666666572,0.0,0.0,4.999999999985448,4.999999999985448,0,13.000000000014552,13.000000000014552,27,1.000000000014552
29,1,recording,2725,18,18.0,1,16.66666666666572,0.0,0.0,4,4,0,12,12,28,-1.000000000014552
30,1,recording,2726,15,15.0,1,16.66666666666572,0.0,0.0,3,3,0,11,11,29,0
31,1,recording,2727,17,17.0,1,16.66666666666572,0.0,0.0,8,8,0,14,14,30,0
32,1,recording,2728,22,22.0,1,16.66666666666572,0.0,0.0,4,4,0,14,14,31,0
33,1,recording,2729,17,17.0,1,16.66666666666572,0.0,0.0,3,3,1,14,14,32,1
34,1,recording,2730,20,20.0,1,16.66666666666572,0.0,0.0,4,4,0,16,16,33,-1
35,1,recording,2731,20,20.0,2,33.33333333333144,0.0,0.0,6,6,0,16,16,34,0
36,1,recording,2732,28,28.0,1,16.66666666666572,0.0,0.0,8,8,1,23,23,35,1
37,1,recording,2733,34,34.0,2,33.33333333333144,0.0,0.0,2,2,0,25,25,36,-1
38,1,recording,2734,199,199.0,4,66.66666666666288,0.0,147.66666666667047,11,11,1,197,197,37,0
39,1,recording,2735,47,47.0,2,33.33333333333144,0.0,0.0,2,2,0,36,36,38,0
40,1,recording,2736,27,27.0,2,33.33333333333144,0.0,0.0,1,1,0,25,25,39,0
41,1,recording,2737,41,41.0,2,33.33333333333144,0.0,0.0,2,2,0,41,41,40,1
42,1,recording,2738,17,17.0,1,16.66666666666572,0.0,0.0,2,2,0,14,14,41,-1
43,1,recording,2739,17,17.0,1,16.66666666666572,0.0,0.0,4,4,1,15,15,42,0
44,1,recording,2740,20,20.0,2,33.33333333333144,0.0,0.0,2,2,0,16,16,43,0
45,1,recording,2741,20,20.0,1,16.66666666666572,0.0,0.0,2,2,0,18,18,44,0
46,1,recording,2742,19,19.0,1,16.66666666666572,0.0,0.0,4.000000000014552,4.000000000014552,0,17,17,45,0
47,1,recording,2743,19,19.0,1,16.66666666666572,0.0,0.0,1.999999999985448,1.999999999985448,0,15.0,15.0,46,1.4551915228366852e-11
48,1,recording,2744,17,17.0,1,16.66666666666572,0.0,0.0,1,1,0,15,15,47,-1.4551915228366852e-11
49,1,recording,2745,64,64.0,4,66.66666666666288,0.0,8.00000000000381,4,4,0,63,63,48,0
50,1,recording,2746,19,19.0,1,16.66666666666572,0.0,0.0,1,1,0,15,15,49,0
51,1,recording,2747,13,13.0,0,0.0,0.0,0.0,1.999999999985448,1.999999999985448,0,12.000000000014552,12.000000000014552,50,1.4551915228366852e-11
52,1,recording,2748,24,24.0,2,33.33333333333144,0.0,0.0,2,2,0,22,22,51,-1.4551915228366852e-11
53,1,recording,2749,16,16.0,1,16.66666666666572,0.0,0.0,4,4,0,14,14,52,0
54,1,recording,2750,24,24.0,1,16.66666666666572,0.0,0.0,2,2,0,20,20,53,0
55,1,recording,2751,16,16.0,1,16.66666666666572,0.0,0.0,2,2,0,14,14,54,0
56,1,recording,2752,23,23.0,2,33.33333333333144,0.0,0.0,5,5,0,21,21,55,0
57,1,recording,2753,15,15.0,1,16.66666666666572,0.0,0.0,2,2,0,10,10,56,0
58,1,recording,2754,17,17.0,1,16.66666666666572,0.0,0.0,2.000000000014552,2.000000000014552,0,15,15,57,0
59,1,recording,2755,15,15.0,0,0.0,0.0,0.0,3,3,0,12.999999999985448,12.999999999985448,58,0
60,1,recording,2756,13,13.0,1,16.66666666666572,0.0,0.0,4,4,1,10,10,59,0
61,1,recording,2757,19,19.0,1,16.66666666666572,0.0,0.0,2,2,0,15,15,60,0
62,1,recording,2758,15,15.0,1,16.66666666666572,0.0,0.0,3,3,0,13,13,61,0
63,1,recording,2759,21,21.0,2,33.33333333333144,0.0,0.0,8,8,0,18,18,62,0
64,1,recording,2760,19,19.0,1,16.66666666666572,0.0,0.0,3,3,0,11,11,63,0
65,1,recording,2761,15,15.0,1,16.66666666666572,0.0,0.0,6,6,2.000000000014552,12,12,64,0
66,1,recording,2762,16,16.0,1,16.66666666666572,0.0,0.0,1.999999999985448,1.999999999985448,0,10.000000000014552,10.000000000014552,65,1.4551915228366852e-11
67,1,recording,2763,14,14.0,0,0.0,0.0,0.0,1,1,0,12,12,66,-1.4551915228366852e-11
68,1,recording,2764,17,17.0,1,16.66666666666572,0.0,0.0,2,2,0,16,16,67,0
69,1,recording,2765,21,21.0,2,33.33333333333144,0.0,0.0,4,4,0,19,19,68,0
70,1,recording,2766,20,20.0,1,16.66666666666572,0.0,0.0,2,2,0,16,16,69,0
71,1,recording,2767,14,14.0,1,16.66666666666572,0.0,0.0,3,3,0,12,12,70,0
72,1,recording,2768,16,16.0,1,16.66666666666572,0.0,0.0,3,3,0,13,13,71,0
73,1,recording,2769,19,19.0,1,16.66666666666572,0.0,0.0,3,3,0,16,16,72,0
74,1,recording,2770,14,14.0,1,16.66666666666572,0.0,0.0,2,2,0,11,11,73,0
75,1,recording,2771,16,16.0,1,16.66666666666572,0.0,0.0,2,2,0,14,14,74,0
76,1,recording,2772,17,17.0,1,16.66666666666572,0.0,0.0,3,3,0,15,15,75,0
77,1,recording,2773,16,16.0,1,16.66666666666572,0.0,0.0,2,2,0,13,13,76,0
78,1,recording,2774,18,18.0,1,16.66666666666572,0.0,0.0,3,3,0,16,16,77,0
79,1,recording,2775,17,17.0,1,16.66666666666572,0.0,0.0,2,2,0,14,14,78,0
80,1,recording,2776,19,19.0,1,16.66666666666572,0.0,0.0,3.0,3,0,17.000000000014552,17.000000000014552,79,1.4551915228366852e-11
81,1,recording,2777,19,19.0,1,16.66666666666572,0.0,0.0,6,6,0,15.999999999985448,15.999999999985448,80,-1.4551915228366852e-11
82,1,recording,2778,50,50.0,3,49.99999999999716,0.0,0.0,2,2,0,44,44,81,0
83,1,recording,2779,34,34.0,2,33.33333333333144,0.0,0.0,2,2,0,32,32,82,0
84,1,recording,2780,16,16.0,1,16.66666666666572,0.0,0.0,1.999999999985448,1.999999999985448,0,14.000000000014552,14.000000000014552,83,1.4551915228366852e-11
85,1,recording,2781,15,15.0,1,16.66666666666572,0.0,0.0,1.999999999985448,1.999999999985448,0,13.000000000014552,13.000000000014552,84,0.0
86,1,recording,2782,13,13.0,1,16.66666666666572,0.0,0.0,4,4,0,11,11,85,-1.4551915228366852e-11
87,1,recording,2783,16,16.0,1,16.66666666666572,0.0,0.0,2,2,1,12,12,86,0
88,1,recording,2784,21,21.0,1,16.66666666666572,0.0,0.0,2,2,0,19,19,87,0
89,1,recording,2785,17,17.0,1,16.66666666666572,0.0,0.0,2,2,0,16,16,88,1
90,1,recording,2786,14,14.0,1,16.66666666666572,0.0,0.0,1,1,0,11,11,89,-1
91,1,recording,2787,15,15.0,1,16.66666666666572,0.0,0.0,2,2,0,14,14,90,0
92,1,recording,2788,16,16.0,1,16.66666666666572,0.0,0.0,2,2,0,14,14,91,0
93,1,recording,2789,21,21.0,1,16.66666666666572,0.0,0.0,2,2,0,19,19,92,0
94,1,recording,2790,14,14.0,1,16.66666666666572,0.0,0.0,3,3,0,13,13,93,1
95,1,recording,2791,18,18.0,1,16.66666666666572,0.0,0.0,4,4,0,14,14,94,-1
96,1,recording,2792,15,15.0,1,16.66666666666572,0.0,0.0,5,5,0,11,11,95,0
97,1,recording,2793,22,22.0,1,16.66666666666572,0.0,0.0,3,3,0,17,17,96,0
98,1,recording,2794,17,17.0,1,16.66666666666572,0.0,0.0,2,2,0,14,14,97,0
99,1,recording,2795,17,17.0,1,16.66666666666572,0.0,0.0,5.000000000014552,5.000000000014552,1.000000000014552,15,15,98,0
100,1,recording,2796,17,17.0,1,16.66666666666572,0.0,0.0,3.0,3,0,12.0,12.0,99,1.4551915228366852e-11
101,1,recording,2797,19,19.0,1,16.66666666666572,0.0,0.0,4,4,0,15.999999999985448,15.999999999985448,100,-1.4551915228366852e-11
102,1,recording,2798,17,17.0,1,16.66666666666572,0.0,0.0,7,6,1,13,14,101,0
103,1,recording,2799,34,34.0,2,33.33333333333144,0.0,0.0,5,5,0,27,27,102,0
104,1,recording,2800,20,20.0,1,16.66666666666572,0.0,0.0,5,5,0,15,15,103,0
105,1,recording,2801,17,17.0,1,16.66666666666572,0.0,0.0,1.999999999985448,1.999999999985448,0,12.000000000014552,12.000000000014552,104,1.4551915228366852e-11
106,1,recording,2802,12,12.0,1,16.66666666666572,0.0,0.0,1.999999999985448,1.999999999985448,0,10.000000000014552,10.000000000014552,105,0.0
107,1,recording,2803,15,15.0,1,16.66666666666572,0.0,0.0,2,2,0,13,13,106,-1.4551915228366852e-11
108,1,recording,2804,38,38.0,2,33.33333333333144,0.0,0.0,9,9,0,36,36,107,0
109,1,recording,2805,30,30.0,2,33.33333333333144,0.0,0.0,2,2,0,21,21,108,0
110,1,recording,2806,20,20.0,1,16.66666666666572,0.0,0.0,3,3,0,18,18,109,0
111,1,recording,2807,38,38.0,3,49.99999999999716,0.0,0.0,4,4,0,35,35,110,0
112,1,recording,2808,30,30.0,1,16.66666666666572,0.0,0.0,7,7,0,26,26,111,0
113,1,recording,2809,34,34.0,2,33.33333333333144,0.0,0.0,5,5,0,27,27,112,0
114,1,recording,2810,25,25.0,2,33.33333333333144,0.0,0.0,3,3,0,21,21,113,1
115,1,recording,2811,17,17.0,1,16.66666666666572,0.0,0.0,1.999999999985448,1.999999999985448,0,13.000000000014552,13.000000000014552,114,-0.9999999999854481
116,1,recording,2812,22,22.0,1,16.66666666666572,0.0,0.0,4,4,0,20,20,115,-1.4551915228366852e-11
117,1,recording,2813,25,25.0,2,33.33333333333144,0.0,0.0,3,3,0,21,21,116,0
118,1,recording,2814,22,22.0,1,16.66666666666572,0.0,0.0,3,3,0,19,19,117,0
119,1,recording,2815,23,23.0,1,16.66666666666572,0.0,0.0,1,1,0,21,21,118,1
120,1,recording,2816,29,29.0,2,33.33333333333144,0.0,0.0,3,3,0,27,27,119,-1
121,1,recording,2817,16,16.0,1,16.66666666666572,0.0,0.0,1.999999999985448,1.999999999985448,0,13.000000000014552,13.000000000014552,120,1.4551915228366852e-11
122,1,recording,2818,24,24.0,2,33.33333333333144,0.0,0.0,3,3,0,22,22,121,-1.4551915228366852e-11
123,1,recording,2819,19,19.0,1,16.66666666666572,0.0,0.0,2,2,0,17,17,122,1
124,1,recording,2820,43,43.0,2,33.33333333333144,0.0,0.0,3,3,0,40,40,123,-1
125,1,recording,2821,13,13.0,1,16.66666666666572,0.0,0.0,5.000000000014552,5.000000000014552,0,10,10,124,0
126,1,recording,2822,15,15.0,1,16.66666666666572,0.0,0.0,6,6,0,9.999999999985448,9.999999999985448,125,0
127,1,recording,2823,13,13.0,1,16.66666666666572,0.0,0.0,3,3,0,7,7,126,0
128,1,recording,2824,14,14.0,1,16.66666666666572,0.0,0.0,2,2,0,12,12,127,1
129,1,recording,2825,16,16.0,1,16.66666666666572,0.0,0.0,2,2,0,13,13,128,-1
130,1,recording,2826,16,16.0,1,16.66666666666572,0.0,0.0,2,2,0,14,14,129,0
131,1,recording,2827,17,17.0,1,16.66666666666572,0.0,0.0,2,2,0,15,15,130,0
132,1,recording,2828,35,35.0,2,33.33333333333144,0.0,0.0,5,5,0,33,33,131,0
133,1,recording,2829,59,59.0,3,49.99999999999716,0.0,0.0,7,7,0,54,54,132,0
134,1,recording,2830,16,16.0,1,16.66666666666572,0.0,0.0,4,4,1,9,9,133,0
135,1,recording,2831,19,19.0,1,16.66666666666572,0.0,0.0,3,3,0,15,15,134,0
136,1,recording,2832,16,16.0,1,16.66666666666572,0.0,0.0,4,4,0,13,13,135,0
137,1,recording,2833,23,23.0,2,33.33333333333144,0.0,0.0,3,3,0,19,19,136,0
138,1,recording,2834,13,13.0,0,0.0,0.0,0.0,4.000000000014552,4.000000000014552,0,10,10,137,0
139,1,recording,2835,16,16.0,1,16.66666666666572,0.0,0.0,5,5,1,11.999999999985448,11.999999999985448,138,0
140,1,recording,2836,25,25.0,2,33.33333333333144,0.0,0.0,2,2,0,20,20,139,0
141,1,recording,2837,15,15.0,1,16.66666666666572,0.0,0.0,2,2,0,13,13,140,0
142,1,recording,2838,14,14.0,1,16.66666666666572,0.0,0.0,2,2,0,12,12,141,0
143,1,recording,2839,16,16.0,1,16.66666666666572,0.0,0.0,3,3,0,14,14,142,0
144,1,recording,2840,25,25.0,1,16.66666666666572,0.0,0.0,0.9999999999854481,0.9999999999854481,0,22.000000000014552,22.000000000014552,143,1.4551915228366852e-11
145,1,recording,2841,11,11.0,1,16.66666666666572,0.0,0.0,2,2,1.000000000014552,10,10,144,-1.4551915228366852e-11
146,1,recording,2842,17,17.0,1,16.66666666666572,0.0,0.0,3,3,0,15,15,145,0
147,1,recording,2843,13,13.0,1,16.66666666666572,0.0,0.0,4,4,0,10,10,146,0
148,1,recording,2844,19,19.0,1,16.66666666666572,0.0,0.0,2,2,0,15,15,147,0
149,1,recording,2845,15,15.0,1,16.66666666666572,0.0,0.0,3,3,0,13,13,148,0
150,1,recording,2846,16,16.0,1,16.66666666666572,0.0,0.0,2,2,0,13,13,149,0
151,1,recording,2847,17,17.0,1,16.66666666666572,0.0,0.0,3,3,0,15,15,150,0
152,1,recording,2848,16,16.0,1,16.66666666666572,0.0,0.0,2,2,0,13,13,151,0
153,1,recording,2849,19,19.0,1,16.66666666666572,0.0,0.0,0.9999999999854481,0.9999999999854481,0,17.000000000014552,17.000000000014552,152,1.4551915228366852e-11
154,1,recording,2850,14,14.0,1,16.66666666666572,0.0,0.0,2,2,0,13,13,153,-1.4551915228366852e-11
155,1,recording,2851,18,18.0,1,16.66666666666572,0.0,0.0,5,5,1,16,16,154,0
156,1,recording,2852,20,20.0,1,16.66666666666572,0.0,0.0,4,4,0,15,15,155,0
157,1,recording,2853,18,18.0,1,16.66666666666572,0.0,0.0,2,2,0,14,14,156,0
158,1,recording,2854,18,18.0,1,16.66666666666572,0.0,0.0,4,4,0,16,16,157,0
159,1,recording,2855,21,21.0,1,16.66666666666572,0.0,0.0,4.000000000014552,4.000000000014552,0,17,17,158,0
160,1,recording,2856,37,37.0,2,33.33333333333144,0.0,0.0,3,3,0,32.99999999998545,32.99999999998545,159,0
161,1,recording,2857,23,23.0,2,33.33333333333144,0.0,0.0,2,2,0,20,20,160,0
162,1,recording,2858,17,17.0,1,16.66666666666572,0.0,0.0,4,4,1,15,15,161,0
163,1,recording,2859,17,17.0,1,16.66666666666572,0.0,0.0,2,2,0,13,13,162,0
164,1,recording,2860,17,17.0,1,16.66666666666572,0.0,0.0,2,2,0,15,15,163,0
165,1,recording,2861,13,13.0,1,16.66666666666572,0.0,0.0,3,3,0,11,11,164,0
166,1,recording,2862,16,16.0,1,16.66666666666572,0.0,0.0,5,5,0,13,13,165,0
167,1,recording,2863,20,20.0,1,16.66666666666572,0.0,0.0,3,3,0,15,15,166,0
168,1,recording,2864,14,14.0,1,16.66666666666572,0.0,0.0,2,2,0,11,11,167,0
169,1,recording,2865,16,16.0,1,16.66666666666572,0.0,0.0,3,3,0,14,14,168,0
170,1,recording,2866,16,16.0,1,16.66666666666572,0.0,0.0,4,4,0,13,13,169,0
171,1,recording,2867,16,16.0,1,16.66666666666572,0.0,0.0,3,3,0,12,12,170,0
172,1,recording,2868,18,18.0,1,16.66666666666572,0.0,0.0,6,6,0,15,15,171,0
173,1,recording,2869,17,17.0,1,16.66666666666572,0.0,0.0,6.999999999985448,6.999999999985448,0,11.000000000014552,11.000000000014552,172,1.4551915228366852e-11
174,1,recording,2870,16,16.0,1,16.66666666666572,0.0,0.0,3,3,0,9,9,173,-1.4551915228366852e-11
175,1,recording,2871,20,20.0,1,16.66666666666572,0.0,0.0,6,6,0,17,17,174,0
176,1,recording,2872,17,17.0,1,16.66666666666572,0.0,0.0,4,4,0,11,11,175,0
177,1,recording,2873,18,18.0,1,16.66666666666572,0.0,0.0,3,3,0,14,14,176,0
178,1,recording,2874,16,16.0,1,16.66666666666572,0.0,0.0,4,4,0,13,13,177,0
179,1,recording,2875,17,17.0,1,16.66666666666572,0.0,0.0,3.000000000014552,3.000000000014552,0,13,13,178,0
180,1,recording,2876,12,12.0,1,16.66666666666572,0.0,0.0,3.0,3,0,9.0,9.0,179,1.4551915228366852e-11
181,1,recording,2877,17,17.0,1,16.66666666666572,0.0,0.0,2,2,0,13.999999999985448,13.999999999985448,180,-1.4551915228366852e-11
182,1,recording,2878,16,16.0,1,16.66666666666572,0.0,0.0,1,1,0,14,14,181,0
183,1,recording,2879,16,16.0,1,16.66666666666572,0.0,0.0,4,4,0,15,15,182,0
184,1,recording,2880,20,20.0,1,16.66666666666572,0.0,0.0,3,3,0,16,16,183,0
185,1,recording,2881,15,15.0,1,16.66666666666572,0.0,0.0,2,2,0,12,12,184,0
186,1,recording,2882,17,17.0,1,16.66666666666572,0.0,0.0,2,2,0,16,16,185,1
187,1,recording,2883,15,15.0,1,16.66666666666572,0.0,0.0,1.999999999985448,1.999999999985448,1.999999999985448,12.000000000014552,12.000000000014552,186,-0.9999999999854481
188,1,recording,2884,22,22.0,1,16.66666666666572,0.0,0.0,4,4,0,20,20,187,-1.4551915228366852e-11
189,1,recording,2885,56,56.0,3,49.99999999999716,0.0,0.0,1,1,0,53,53,188,1
190,1,recording,2886,32,32.0,2,33.33333333333144,0.0,0.0,4,4,0,30,30,189,-1
191,1,recording,2887,23,23.0,2,33.33333333333144,0.0,0.0,1.000000000014552,1.000000000014552,0,19,19,190,0
192,1,recording,2888,14,14.0,0,0.0,0.0,0.0,4,4,0,12.999999999985448,12.999999999985448,191,0
193,1,recording,2889,21,21.0,2,33.33333333333144,0.0,0.0,3,3,0,17,17,192,0
194,1,recording,2890,13,13.0,0,0.0,0.0,0.0,2,2,0,10,10,193,0
195,1,recording,2891,12,12.0,1,16.66666666666572,0.0,0.0,3,3,0,10,10,194,0
196,1,recording,2892,17,17.0,1,16.66666666666572,0.0,0.0,4,4,1,15,15,195,1
197,1,recording,2893,24,24.0,2,33.33333333333144,0.0,0.0,2,2,0,19,19,196,-1
198,1,recording,2894,21,21.0,1,16.66666666666572,0.0,0.0,1.000000000014552,1.000000000014552,0,19,19,197,0
199,1,recording,2895,15,15.0,1,16.66666666666572,0.0,0.0,3,3,0,13.999999999985448,13.999999999985448,198,0
200,1,recording,2896,14,14.0,1,16.66666666666572,0.0,0.0,1,1,0,11,11,199,0
201,1,recording,2897,17,17.0,1,16.66666666666572,0.0,0.0,2,2,0,16,16,200,0
202,1,recording,2898,16,16.0,1,16.66666666666572,0.0,0.0,6,6,0,14,14,201,0
203,1,recording,2899,26,26.0,1,16.66666666666572,0.0,0.0,3,3,0,20,20,202,0
204,1,recording,2900,19,19.0,1,16.66666666666572,0.0,0.0,5,5,0,16,16,203,0
205,1,recording,2901,19,19.0,1,16.66666666666572,0.0,0.0,1.999999999985448,1.999999999985448,0,14.000000000014552,14.000000000014552,204,1.4551915228366852e-11
206,1,recording,2902,15,15.0,1,16.66666666666572,0.0,0.0,1.999999999985448,1.999999999985448,0,13.000000000014552,13.000000000014552,205,0.0
207,1,recording,2903,16,16.0,1,16.66666666666572,0.0,0.0,3,3,0,14,14,206,-1.4551915228366852e-11
208,1,recording,2904,17,17.0,1,16.66666666666572,0.0,0.0,6,6,0,14,14,207,0
209,1,recording,2905,17,17.0,1,16.66666666666572,0.0,0.0,3,3,0,11,11,208,0
210,1,recording,2906,15,15.0,1,16.66666666666572,0.0,0.0,4,4,0,12,12,209,0
211,1,recording,2907,14,14.0,1,16.66666666666572,0.0,0.0,4,4,0,10,10,210,0
212,1,recording,2908,31,31.0,2,33.33333333333144,0.0,0.0,6.0,6,0,27.000000000014552,27.000000000014552,211,1.4551915228366852e-11
213,1,recording,2909,23,23.0,1,16.66666666666572,0.0,0.0,3,3,0,16.999999999985448,16.999999999985448,212,-1.4551915228366852e-11
214,1,recording,2910,26,26.0,2,33.33333333333144,0.0,0.0,3,3,0,23,23,213,0
215,1,recording,2911,14,14.0,1,16.66666666666572,0.0,0.0,1,1,0,11,11,214,0
216,1,recording,2912,14,14.0,1,16.66666666666572,0.0,0.0,2,2,0,13,13,215,0
217,1,recording,2913,17,17.0,1,16.66666666666572,0.0,0.0,2,2,0,15,15,216,0
218,1,recording,2914,19,19.0,1,16.66666666666572,0.0,0.0,3,3,0,17,17,217,0
219,1,recording,2915,18,18.0,1,16.66666666666572,0.0,0.0,3.0,3,0,15.000000000014552,15.000000000014552,218,1.4551915228366852e-11
220,1,recording,2916,13,13.0,1,16.66666666666572,0.0,0.0,2.000000000014552,2.000000000014552,0,9.999999999985448,9.999999999985448,219,-1.4551915228366852e-11
221,1,recording,2917,19,19.0,1,16.66666666666572,0.0,0.0,3,3,0,16.999999999985448,16.999999999985448,220,0
222,1,recording,2918,17,17.0,1,16.66666666666572,0.0,0.0,2,2,0,14,14,221,0
223,1,recording,2919,20,20.0,1,16.66666666666572,0.0,0.0,3,3,0,18,18,222,0
224,1,recording,2920,16,16.0,1,16.66666666666572,0.0,0.0,3,3,0,13,13,223,0
225,1,recording,2921,12,12.0,1,16.66666666666572,0.0,0.0,2,2,0,9,9,224,0
226,1,recording,2922,17,17.0,1,16.66666666666572,0.0,0.0,1,1,0,15,15,225,0
227,1,recording,2923,16,16.0,1,16.66666666666572,0.0,0.0,2,2,0,15,15,226,0
228,1,recording,2924,16,16.0,1,16.66666666666572,0.0,0.0,2,2,0,14,14,227,0
229,1,recording,2925,23,23.0,1,16.66666666666572,0.0,0.0,4,4,0,21,21,228,0
230,1,recording,2926,15,15.0,1,16.66666666666572,0.0,0.0,1,1,0,11,11,229,0
231,1,recording,2927,14,14.0,1,16.66666666666572,0.0,0.0,2,2,0,13,13,230,0
232,1,recording,2928,15,15.0,1,16.66666666666572,0.0,0.0,2,2,0,13,13,231,0
233,1,recording,2929,17,17.0,1,16.66666666666572,0.0,0.0,5,5,0,15,15,232,0
234,1,recording,2930,17,17.0,1,16.66666666666572,0.0,0.0,1.999999999985448,1.999999999985448,0,12.000000000014552,12.000000000014552,233,1.4551915228366852e-11
235,1,recording,2931,16,16.0,1,16.66666666666572,0.0,0.0,2.000000000014552,2.000000000014552,0,14,14,234,-1.4551915228366852e-11
236,1,recording,2932,17,17.0,1,16.66666666666572,0.0,0.0,1,1,0,14.999999999985448,14.999999999985448,235,0
237,1,recording,2933,16,16.0,1,16.66666666666572,0.0,0.0,2,2,0,15,15,236,0
238,1,recording,2934,23,23.0,1,16.66666666666572,0.0,0.0,3,3,0,21,21,237,0
239,1,recording,2935,15,15.0,1,16.66666666666572,0.0,0.0,2,2,0,12,12,238,0
240,1,recording,2936,14,14.0,1,16.66666666666572,0.0,0.0,1,1,0,12,12,239,0
241,1,recording,2937,15,15.0,1,16.66666666666572,0.0,0.0,1.999999999985448,1.999999999985448,0,14.000000000014552,14.000000000014552,240,1.4551915228366852e-11
242,1,recording,2938,17,17.0,1,16.66666666666572,0.0,0.0,1.000000000014552,1.000000000014552,0,15,15,241,-1.4551915228366852e-11
243,1,recording,2939,22,22.0,1,16.66666666666572,0.0,0.0,2,2,0,20.999999999985448,20.999999999985448,242,0
244,1,recording,2940,49,49.0,3,49.99999999999716,0.0,0.0,4,4,0,47,47,243,0
245,1,recording,2941,32,32.0,2,33.33333333333144,0.0,0.0,4,4,0,28,28,244,0
246,1,recording,2942,14,14.0,1,16.66666666666572,0.0,0.0,3.0,3,0,10.000000000014552,10.000000000014552,245,1.4551915228366852e-11
247,1,recording,2943,18,18.0,1,16.66666666666572,0.0,0.0,3.999999999985448,3.999999999985448,0,15.0,15.0,246,0.0
248,1,recording,2944,12,12.0,0,0.0,0.0,0.0,2,2,0,8,8,247,-1.4551915228366852e-11
249,1,recording,2945,15,15.0,1,16.66666666666572,0.0,0.0,2,2,0,14,14,248,1
250,1,recording,2946,16,16.0,1,16.66666666666572,0.0,0.0,6,6,0,13,13,249,-1
251,1,recording,2947,30,30.0,2,33.33333333333144,0.0,0.0,7,7,0,24,24,250,0
252,1,recording,2948,30,30.0,2,33.33333333333144,0.0,0.0,4.000000000014552,4.000000000014552,0.9999999999854481,23,23,251,0
253,1,recording,2949,12,12.0,1,16.66666666666572,0.0,0.0,2,2,0,7.999999999985448,7.999999999985448,252,0
254,1,recording,2950,20,20.0,1,16.66666666666572,0.0,0.0,2,2,0,18,18,253,0
255,1,recording,2951,19,19.0,1,16.66666666666572,0.0,0.0,1,1,0,17,17,254,0
256,1,recording,2952,20,20.0,1,16.66666666666572,0.0,0.0,1,1,0,19,19,255,0
257,1,recording,2953,13,13.0,1,16.66666666666572,0.0,0.0,2,2,0,12,12,256,0
258,1,recording,2954,16,16.0,1,16.66666666666572,0.0,0.0,3,3,0,14,14,257,0
259,1,recording,2955,15,15.0,1,16.66666666666572,0.0,0.0,1,1,0,12,12,258,0
260,1,recording,2956,15,15.0,1,16.66666666666572,0.0,0.0,2.000000000014552,2.000000000014552,0,14,14,259,0
261,1,recording,2957,15,15.0,1,16.66666666666572,0.0,0.0,2.000000000014552,2.000000000014552,0,12.999999999985448,12.999999999985448,260,0
262,1,recording,2958,19,19.0,1,16.66666666666572,0.0,0.0,2,2,0,16.999999999985448,16.999999999985448,261,0
263,1,recording,2959,14,14.0,1,16.66666666666572,0.0,0.0,2,2,0,12,12,262,0
264,1,recording,2960,17,17.0,1,16.66666666666572,0.0,0.0,1,1,0,15,15,263,0
265,1,recording,2961,17,17.0,1,16.66666666666572,0.0,0.0,1,1,0,16,16,264,0
266,1,recording,2962,17,17.0,1,16.66666666666572,0.0,0.0,1,1,0,16,16,265,0
267,1,recording,2963,16,16.0,1,16.66666666666572,0.0,0.0,1.999999999985448,1.999999999985448,0,15.000000000014552,15.000000000014552,266,1.4551915228366852e-11
268,1,recording,2964,17,17.0,1,16.66666666666572,0.0,0.0,2,2,0,15,15,267,-1.4551915228366852e-11
269,1,recording,2965,16,16.0,1,16.66666666666572,0.0,0.0,2,2,0,14,14,268,0
270,1,recording,2966,17,17.0,1,16.66666666666572,0.0,0.0,1,1,0,15,15,269,0
271,1,recording,2967,21,21.0,1,16.66666666666572,0.0,0.0,4,4,0,20,20,270,0
272,1,recording,2968,16,16.0,1,16.66666666666572,0.0,0.0,2,2,1,12,12,271,0
273,1,recording,2969,21,21.0,1,16.66666666666572,0.0,0.0,2,2,0,19,19,272,0
274,1,recording,2970,23,23.0,1,16.66666666666572,0.0,0.0,0.9999999999854481,0.9999999999854481,0,21.000000000014552,21.000000000014552,273,1.4551915228366852e-11
275,1,recording,2971,19,19.0,2,33.33333333333144,0.0,0.0,5.000000000014552,5.000000000014552,0,18,18,274,-1.4551915228366852e-11
276,1,recording,2972,22,22.0,1,16.66666666666572,0.0,0.0,1,1,0,16.999999999985448,16.999999999985448,275,0
277,1,recording,2973,13,13.0,1,16.66666666666572,0.0,0.0,4,4,0,12,12,276,0
278,1,recording,2974,19,19.0,1,16.66666666666572,0.0,0.0,4,4,0,15,15,277,0
279,1,recording,2975,14,14.0,1,16.66666666666572,0.0,0.0,1,1,0,10,10,278,0
280,1,recording,2976,17,17.0,1,16.66666666666572,0.0,0.0,3,3,0,17,17,279,1
281,1,recording,2977,16,16.0,1,16.66666666666572,0.0,0.0,3,3,0,12,12,280,-1
282,1,recording,2978,16,16.0,1,16.66666666666572,0.0,0.0,3,3,0,13,13,281,0
283,1,recording,2979,16,16.0,1,16.66666666666572,0.0,0.0,3,3,0,13,13,282,0
284,1,recording,2980,17,17.0,1,16.66666666666572,0.0,0.0,2,2,0,14,14,283,0
285,1,recording,2981,18,18.0,1,16.66666666666572,0.0,0.0,6,6,0,16,16,284,0
286,1,recording,2982,18,18.0,1,16.66666666666572,0.0,0.0,7,7,0,12,12,285,0
287,1,recording,2983,19,19.0,1,16.66666666666572,0.0,0.0,2,2,0,12,12,286,0
288,1,recording,2984,13,13.0,1,16.66666666666572,0.0,0.0,3,3,0,11,11,287,0
289,1,recording,2985,16,16.0,1,16.66666666666572,0.0,0.0,3.0,3,0,13.000000000014552,13.000000000014552,288,1.4551915228366852e-11
290,1,recording,2986,16,16.0,1,16.66666666666572,0.0,0.0,4,4,0,12.999999999985448,12.999999999985448,289,-1.4551915228366852e-11
291,1,recording,2987,17,17.0,1,16.66666666666572,0.0,0.0,4,4,0,13,13,290,0
292,1,recording,2988,17,17.0,1,16.66666666666572,0.0,0.0,7,7,0,13,13,291,0
293,1,recording,2989,22,22.0,1,16.66666666666572,0.0,0.0,4,4,0,15,15,292,0
294,1,recording,2990,15,15.0,1,16.66666666666572,0.0,0.0,1,1,0,11,11,293,0
295,1,recording,2991,15,15.0,1,16.66666666666572,0.0,0.0,2,2,0,14,14,294,0
296,1,recording,2992,16,16.0,1,16.66666666666572,0.0,0.0,3,3,0,14,14,295,0
297,1,recording,2993,16,16.0,1,16.66666666666572,0.0,0.0,0.9999999999854481,0.9999999999854481,0,13.000000000014552,13.000000000014552,296,1.4551915228366852e-11
298,1,recording,2994,15,15.0,1,16.66666666666572,0.0,0.0,2,2,0,14,14,297,-1.4551915228366852e-11
299,1,recording,2995,17,17.0,1,16.66666666666572,0.0,0.0,3,3,0,15,15,298,0
300,1,recording,2996,30,30.0,1,16.66666666666572,0.0,0.0,4,4,0,27,27,299,0
301,1,recording,2997,12,12.0,1,16.66666666666572,0.0,0.0,2,2,0,8,8,300,0
302,1,recording,2998,31,31.0,2,33.33333333333144,0.0,0.0,2.000000000014552,2.000000000014552,0,29,29,301,0
303,1,recording,2999,34,34.0,2,33.33333333333144,0.0,0.0,2,2,0,31.999999999985448,31.999999999985448,302,0
304,1,recording,3000,33,33.0,2,33.33333333333144,0.0,0.0,1,1,0,31,31,303,0
305,1,recording,3001,13,13.0,1,16.66666666666572,0.0,0.0,1,1,0,12,12,304,0
306,1,recording,3002,15,15.0,1,16.66666666666572,0.0,0.0,3,3,0,14,14,305,0
307,1,recording,3003,18,18.0,1,16.66666666666572,0.0,0.0,4,4,0,15,15,306,0
308,1,recording,3004,15,15.0,1,16.66666666666572,0.0,0.0,2.000000000014552,2.000000000014552,0,11,11,307,0
309,1,recording,3005,15,15.0,1,16.66666666666572,0.0,0.0,2,2,0,13.999999999985448,13.999999999985448,308,1
310,1,recording,3006,17,17.0,1,16.66666666666572,0.0,0.0,2,2,0,14,14,309,-1
311,1,recording,3007,17,17.0,1,16.66666666666572,0.0,0.0,3,3,0,15,15,310,0
312,1,recording,3008,18,18.0,1,16.66666666666572,0.0,0.0,3,3,0,15,15,311,0
313,1,recording,3009,20,20.0,1,16.66666666666572,0.0,0.0,4,4,0,17,17,312,0
314,1,recording,3010,13,13.0,1,16.66666666666572,0.0,0.0,3,3,0,9,9,313,0
315,1,recording,3011,17,17.0,1,16.66666666666572,0.0,0.0,1,1,0,14,14,314,0
316,1,recording,3012,16,16.0,1,16.66666666666572,0.0,0.0,1.999999999985448,1.999999999985448,0,15.000000000014552,15.000000000014552,315,1.4551915228366852e-11
317,1,recording,3013,16,16.0,1,16.66666666666572,0.0,0.0,1,1,0,14,14,316,-1.4551915228366852e-11
318,1,recording,3014,17,17.0,1,16.66666666666572,0.0,0.0,1,1,0,16,16,317,0
319,1,recording,3015,16,16.0,1,16.66666666666572,0.0,0.0,3,3,0,15,15,318,0
320,1,recording,3016,18,18.0,1,16.66666666666572,0.0,0.0,2,2,0,15,15,319,0
321,1,recording,3017,24,24.0,1,16.66666666666572,0.0,0.0,6,6,0,22,22,320,0
322,1,recording,3018,17,17.0,1,16.66666666666572,0.0,0.0,3,3,0,11,11,321,0
323,1,recording,3019,16,16.0,1,16.66666666666572,0.0,0.0,2,2,0,13,13,322,0
324,1,recording,3020,16,16.0,1,16.66666666666572,0.0,0.0,101.99999999998545,101.99999999998545,3,14.000000000014552,14.000000000014552,323,1.4551915228366852e-11
325,1,recording,3021,137,137.0,4,66.66666666666288,0.0,78.66666666667058,12,12,0,35,35,324,-1.4551915228366852e-11
326,1,recording,3022,31,31.0,1,16.66666666666572,0.0,0.0,3,3,0,19,19,325,0
327,1,recording,3023,29,29.0,2,33.33333333333144,0.0,0.0,4,4,0,26,26,326,0
328,1,recording,3024,19,19.0,1,16.66666666666572,0.0,0.0,3,3,0,15,15,327,0
329,1,recording,3025,11,11.0,1,16.66666666666572,0.0,0.0,3,3,0,8,8,328,0
330,1,recording,3026,21,21.0,1,16.66666666666572,0.0,0.0,3,3,0,18,18,329,0
331,1,recording,3027,15,15.0,1,16.66666666666572,0.0,0.0,4,4,0,12,12,330,0
332,1,recording,3028,19,19.0,1,16.66666666666572,0.0,0.0,3,3,1,15,15,331,0
333,1,recording,3029,14,14.0,1,16.66666666666572,0.0,0.0,4,4,0,11,11,332,0
334,1,recording,3030,17,17.0,1,16.66666666666572,0.0,0.0,4,4,0,13,13,333,0
335,1,recording,3031,39,39.0,2,33.33333333333144,0.0,0.0,5.000000000014552,5.000000000014552,0,35,35,334,0
336,1,recording,3032,22,22.0,2,33.33333333333144,0.0,0.0,2,2,0,16.999999999985448,16.999999999985448,335,0
337,1,recording,3033,16,16.0,1,16.66666666666572,0.0,0.0,4,4,0,14,14,336,0
338,1,recording,3034,20,20.0,1,16.66666666666572,0.0,0.0,3,3,0,16,16,337,0
339,1,recording,3035,17,17.0,1,16.66666666666572,0.0,0.0,3,3,0,14,14,338,0
340,1,recording,3036,21,21.0,1,16.66666666666572,0.0,0.0,3,3,1,18,18,339,0
341,1,recording,3037,16,16.0,1,16.66666666666572,0.0,0.0,3,3,0,13,13,340,0
342,1,recording,3038,24,24.0,2,33.33333333333144,0.0,0.0,12.999999999985448,12.999999999985448,0,21.000000000014552,21.000000000014552,341,1.4551915228366852e-11
343,1,recording,3039,41,41.0,2,33.33333333333144,0.0,0.0,2,2,0,28,28,342,-1.4551915228366852e-11
344,1,recording,3040,22,22.0,1,16.66666666666572,0.0,0.0,2,2,0,20,20,343,0
345,1,recording,3041,13,13.0,1,16.66666666666572,0.0,0.0,2,2,0,11,11,344,0
346,1,recording,3042,24,24.0,2,33.33333333333144,0.0,0.0,2,2,0,22,22,345,0
347,1,recording,3043,14,14.0,0,0.0,0.0,0.0,2.000000000014552,2.000000000014552,0,12,12,346,0
348,1,recording,3044,14,14.0,1,16.66666666666572,0.0,0.0,3.0,3,0,12.0,12.0,347,1.4551915228366852e-11
349,1,recording,3045,52,52.0,3,49.99999999999716,0.0,0.0,3,3,0,48.99999999998545,48.99999999998545,348,-1.4551915228366852e-11
350,1,recording,3046,46,46.0,3,49.99999999999716,0.0,0.0,2,2,0,43,43,349,0
351,1,recording,3047,22,22.0,1,16.66666666666572,0.0,0.0,4,4,0,20,20,350,0
352,1,recording,3048,29,29.0,2,33.33333333333144,0.0,0.0,7,7,0,25,25,351,0
353,1,recording,3049,22,22.0,2,33.33333333333144,0.0,0.0,3,3,0,15,15,352,0
354,1,recording,3050,16,16.0,0,0.0,0.0,0.0,1,1,0,13,13,353,0
355,1,recording,3051,17,17.0,1,16.66666666666572,0.0,0.0,4,4,0,17,17,354,1
356,1,recording,3052,23,23.0,2,33.33333333333144,0.0,0.0,6,6,1,18,18,355,-1
357,1,recording,3053,29,29.0,2,33.33333333333144,0.0,0.0,9.0,9,0,23.000000000014552,23.000000000014552,356,1.4551915228366852e-11
358,1,recording,3054,22,22.0,1,16.66666666666572,0.0,0.0,5,5,0,12.999999999985448,12.999999999985448,357,-1.4551915228366852e-11
359,1,recording,3055,19,19.0,1,16.66666666666572,0.0,0.0,3,3,0,14,14,358,0
360,1,recording,3056,22,22.0,1,16.66666666666572,0.0,0.0,3,3,0,19,19,359,0
361,1,recording,3057,28,28.0,2,33.33333333333144,0.0,0.0,7,7,0,25,25,360,0
362,1,recording,3058,25,25.0,2,33.33333333333144,0.0,0.0,3.0,3,0.9999999999854481,18.000000000014552,18.000000000014552,361,1.4551915228366852e-11
363,1,recording,3059,11,11.0,0,0.0,0.0,0.0,2,2,0,7.999999999985448,7.999999999985448,362,-1.4551915228366852e-11
364,1,recording,3060,20,20.0,1,16.66666666666572,0.0,0.0,2,2,0,18,18,363,0
365,1,recording,3061,25,25.0,2,33.33333333333144,0.0,0.0,6,6,0,23,23,364,0
366,1,recording,3062,34,34.0,2,33.33333333333144,0.0,0.0,5,5,0,28,28,365,0
367,1,recording,3063,25,25.0,1,16.66666666666572,0.0,0.0,1.999999999985448,1.999999999985448,0,21.000000000014552,21.000000000014552,366,1.000000000014552
368,1,recording,3064,16,16.0,1,16.66666666666572,0.0,0.0,3.0,3,0,13.000000000014552,13.000000000014552,367,-1.0
369,1,recording,3065,32,32.0,2,33.33333333333144,0.0,0.0,2,2,0,28.999999999985448,28.999999999985448,368,-1.4551915228366852e-11
370,1,recording,3066,31,31.0,2,33.33333333333144,0.0,0.0,3,3,0,29,29,369,0
371,1,recording,3067,16,16.0,1,16.66666666666572,0.0,0.0,3,3,0,13,13,370,0
372,1,recording,3068,13,13.0,1,16.66666666666572,0.0,0.0,2,2,0,10,10,371,0
373,1,recording,3069,15,15.0,1,16.66666666666572,0.0,0.0,1.999999999985448,1.999999999985448,0,13.000000000014552,13.000000000014552,372,1.4551915228366852e-11
374,1,recording,3070,18,18.0,1,16.66666666666572,0.0,0.0,1.999999999985448,1.999999999985448,0,16.000000000014552,16.000000000014552,373,0.0
375,1,recording,3071,20,20.0,1,16.66666666666572,0.0,0.0,2,2,0,18,18,374,-1.4551915228366852e-11
376,1,recording,3072,12,12.0,1,16.66666666666572,0.0,0.0,2,2,0,10,10,375,0
377,1,recording,3073,20,20.0,1,16.66666666666572,0.0,0.0,4,4,0,18,18,376,0
378,1,recording,3074,15,15.0,1,16.66666666666572,0.0,0.0,2,2,0,11,11,377,0
379,1,recording,3075,17,17.0,1,16.66666666666572,0.0,0.0,3,3,0,15,15,378,0
380,1,recording,3076,15,15.0,1,16.66666666666572,0.0,0.0,2,2,0,12,12,379,0
381,1,recording,3077,16,16.0,1,16.66666666666572,0.0,0.0,2,2,0,14,14,380,0
382,1,recording,3078,20,20.0,1,16.66666666666572,0.0,0.0,4,4,0,18,18,381,0
383,1,recording,3079,14,14.0,1,16.66666666666572,0.0,0.0,2,2,0,10,10,382,0
384,1,recording,3080,20,20.0,1,16.66666666666572,0.0,0.0,4,4,0,18,18,383,0
385,1,recording,3081,19,19.0,1,16.66666666666572,0.0,0.0,3,3,0,15,15,384,0
386,1,recording,3082,14,14.0,1,16.66666666666572,0.0,0.0,2,2,0,11,11,385,0
387,1,recording,3083,18,18.0,1,16.66666666666572,0.0,0.0,7,7,0,16,16,386,0
388,1,recording,3084,26,26.0,2,33.33333333333144,0.0,0.0,3,3,0,19,19,387,0
389,1,recording,3085,29,29.0,1,16.66666666666572,0.0,0.0,3,3,0,26,26,388,0
390,1,recording,3086,41,41.0,3,49.99999999999716,0.0,0.0,9,9,0,38,38,389,0
391,1,recording,3087,21,21.0,1,16.66666666666572,0.0,0.0,3,3,0,12,12,390,0
392,1,recording,3088,17,17.0,1,16.66666666666572,0.0,0.0,4,4,0,14,14,391,0
393,1,recording,3089,26,26.0,2,33.33333333333144,0.0,0.0,8,8,0,22,22,392,0
394,1,recording,3090,81,81.0,4,66.66666666666288,0.0,18.000000000003848,3,3,0,73,73,393,0
395,1,recording,3091,36,36.0,2,33.33333333333144,0.0,0.0,3.0,3,0,33.00000000001455,33.00000000001455,394,1.4551915228366852e-11
396,1,recording,3092,30,30.0,1,16.66666666666572,0.0,0.0,2,2,0,26.999999999985448,26.999999999985448,395,-1.4551915228366852e-11
397,1,recording,3093,11,11.0,1,16.66666666666572,0.0,0.0,3,3,0,10,10,396,1
398,1,recording,3094,22,22.0,1,16.66666666666572,0.0,0.0,3,3,0,18,18,397,-1
399,1,recording,3095,19,19.0,2,33.33333333333144,0.0,0.0,2,2,0,16,16,398,0
400,1,recording,3096,12,12.0,0,0.0,0.0,0.0,3,3,0,10,10,399,0
401,1,recording,3097,15,15.0,1,16.66666666666572,0.0,0.0,3,3,0,12,12,400,0
402,1,recording,3098,13,13.0,1,16.66666666666572,0.0,0.0,3.0,3,0,10.000000000014552,10.000000000014552,401,1.4551915228366852e-11
403,1,recording,3099,16,16.0,1,16.66666666666572,0.0,0.0,1,1,0,12.999999999985448,12.999999999985448,402,-1.4551915228366852e-11
404,1,recording,3100,18,18.0,1,16.66666666666572,0.0,0.0,2,2,0,17,17,403,0
405,1,recording,3101,12,12.0,1,16.66666666666572,0.0,0.0,4,4,0,10,10,404,0
406,1,recording,3102,21,21.0,1,16.66666666666572,0.0,0.0,2,2,0,17,17,405,0
407,1,recording,3103,17,17.0,1,16.66666666666572,0.0,0.0,4,4,0,15,15,406,0
408,1,recording,3104,15,15.0,1,16.66666666666572,0.0,0.0,1,1,0,11,11,407,0
409,1,recording,3105,15,15.0,1,16.66666666666572,0.0,0.0,1,1,0,14,14,408,0
410,1,recording,3106,17,17.0,1,16.66666666666572,0.0,0.0,1.999999999985448,1.999999999985448,0,16.000000000014552,16.000000000014552,409,1.4551915228366852e-11
411,1,recording,3107,16,16.0,1,16.66666666666572,0.0,0.0,4,4,0,14,14,410,-1.4551915228366852e-11
412,1,recording,3108,16,16.0,1,16.66666666666572,0.0,0.0,3,3,0,12,12,411,0
413,1,recording,3109,17,17.0,1,16.66666666666572,0.0,0.0,2,2,0,14,14,412,0
414,1,recording,3110,17,17.0,1,16.66666666666572,0.0,0.0,2,2,0,15,15,413,0
415,1,recording,3111,16,16.0,1,16.66666666666572,0.0,0.0,2,2,0,14,14,414,0
416,1,recording,3112,20,20.0,1,16.66666666666572,0.0,0.0,3,3,0,18,18,415,0
417,1,recording,3113,14,14.0,1,16.66666666666572,0.0,0.0,0.9999999999854481,0.9999999999854481,0,11.000000000014552,11.000000000014552,416,1.4551915228366852e-11
418,1,recording,3114,16,16.0,1,16.66666666666572,0.0,0.0,3,2,1,15,16,417,-1.4551915228366852e-11
419,1,recording,3115,17,17.0,1,16.66666666666572,0.0,0.0,2,2,0,14,14,418,0
420,1,recording,3116,16,16.0,1,16.66666666666572,0.0,0.0,5,5,0,14,14,419,0
421,1,recording,3117,21,21.0,1,16.66666666666572,0.0,0.0,2,2,0,16,16,420,0
422,1,recording,3118,15,15.0,1,16.66666666666572,0.0,0.0,3,3,0,13,13,421,0
423,1,recording,3119,18,18.0,1,16.66666666666572,0.0,0.0,3,3,0,15,15,422,0
424,1,recording,3120,14,14.0,1,16.66666666666572,0.0,0.0,2.000000000014552,2.000000000014552,0,11,11,423,0
425,1,recording,3121,18,18.0,1,16.66666666666572,0.0,0.0,7,7,0,15.999999999985448,15.999999999985448,424,0
426,1,recording,3122,23,23.0,1,16.66666666666572,0.0,0.0,4,4,0,16,16,425,0
427,1,recording,3123,15,15.0,1,16.66666666666572,0.0,0.0,5,5,0,11,11,426,0
428,1,recording,3124,19,19.0,1,16.66666666666572,0.0,0.0,2,2,0,14,14,427,0
429,1,recording,3125,14,14.0,1,16.66666666666572,0.0,0.0,4,4,0,12,12,428,0
430,1,recording,3126,20,20.0,1,16.66666666666572,0.0,0.0,2,2,0,16,16,429,0
431,1,recording,3127,16,16.0,1,16.66666666666572,0.0,0.0,2.000000000014552,2.000000000014552,0,14,14,430,0
432,1,recording,3128,18,18.0,1,16.66666666666572,0.0,0.0,2.000000000014552,2.000000000014552,0,15.999999999985448,15.999999999985448,431,0
433,1,recording,3129,24,24.0,2,33.33333333333144,0.0,0.0,4,4,0,21.999999999985448,21.999999999985448,432,0
434,1,recording,3130,14,14.0,1,16.66666666666572,0.0,0.0,4,4,0,11,11,433,1
435,1,recording,3131,19,19.0,1,16.66666666666572,0.0,0.0,2,2,0,14,14,434,-1
436,1,recording,3132,13,13.0,1,16.66666666666572,0.0,0.0,3,3,0,12,12,435,1
437,1,recording,3133,16,16.0,1,16.66666666666572,0.0,0.0,2,2,0,12,12,436,-1
438,1,recording,3134,14,14.0,0,0.0,0.0,0.0,2,2,0,12,12,437,0
439,1,recording,3135,20,20.0,2,33.33333333333144,0.0,0.0,4.000000000014552,4.000000000014552,0,18,18,438,0
440,1,recording,3136,18,18.0,1,16.66666666666572,0.0,0.0,2,2,0,13.999999999985448,13.999999999985448,439,0
441,1,recording,3137,19,19.0,1,16.66666666666572,0.0,0.0,1,1,0,17,17,440,0
442,1,recording,3138,15,15.0,1,16.66666666666572,0.0,0.0,2,2,0,14,14,441,0
443,1,recording,3139,20,20.0,1,16.66666666666572,0.0,0.0,2,2,0,18,18,442,0
444,1,recording,3140,15,15.0,1,16.66666666666572,0.0,0.0,2,2,0,13,13,443,0
445,1,recording,3141,24,24.0,1,16.66666666666572,0.0,0.0,1.999999999985448,1.999999999985448,0,22.000000000014552,22.000000000014552,444,1.4551915228366852e-11
446,1,recording,3142,15,15.0,1,16.66666666666572,0.0,0.0,3.999999999985448,3.999999999985448,0,13.000000000014552,13.000000000014552,445,0.0
447,1,recording,3143,18,18.0,1,16.66666666666572,0.0,0.0,3.999999999985448,3.999999999985448,0,14.000000000014552,14.000000000014552,446,0.0
448,1,recording,3144,17,17.0,1,16.66666666666572,0.0,0.0,4,4,0,13,13,447,-1.4551915228366852e-11
449,1,recording,3145,16,16.0,1,16.66666666666572,0.0,0.0,2,2,0,13,13,448,1
450,1,recording,3146,20,20.0,1,16.66666666666572,0.0,0.0,2,2,0,17,17,449,-1
451,1,recording,3147,39,39.0,3,49.99999999999716,0.0,0.0,1.999999999985448,1.999999999985448,0,37.00000000001455,37.00000000001455,450,1.4551915228366852e-11
452,1,recording,3148,23,23.0,1,16.66666666666572,0.0,0.0,2,2,0,21,21,451,-1.4551915228366852e-11
453,1,recording,3149,35,35.0,2,33.33333333333144,0.0,0.0,2,2,0,33,33,452,0
454,1,recording,3150,17,17.0,1,16.66666666666572,0.0,0.0,2,2,0,15,15,453,0
455,1,recording,3151,18,18.0,1,16.66666666666572,0.0,0.0,2,2,0,16,16,454,0
456,1,recording,3152,33,33.0,2,33.33333333333144,0.0,0.0,2.000000000014552,2.000000000014552,0,31,31,455,0
457,1,recording,3153,12,12.0,1,16.66666666666572,0.0,0.0,3,3,0,9.999999999985448,9.999999999985448,456,0
458,1,recording,3154,19,19.0,1,16.66666666666572,0.0,0.0,2,2,0,16,16,457,0
459,1,recording,3155,19,19.0,1,16.66666666666572,0.0,0.0,3,3,0,17,17,458,0
460,1,recording,3156,16,16.0,1,16.66666666666572,0.0,0.0,2,2,0,13,13,459,0
461,1,recording,3157,17,17.0,1,16.66666666666572,0.0,0.0,4,4,1,15,15,460,0
462,1,recording,3158,21,21.0,2,33.33333333333144,0.0,0.0,4,4,0,17,17,461,0
463,1,recording,3159,20,20.0,1,16.66666666666572,0.0,0.0,3.0,3,0,16.000000000014552,16.000000000014552,462,1.4551915228366852e-11
464,1,recording,3160,18,18.0,1,16.66666666666572,0.0,0.0,3.999999999985448,3.999999999985448,0,15.0,15.0,463,0.0
465,1,recording,3161,23,23.0,1,16.66666666666572,0.0,0.0,2,2,0,19,19,464,-1.4551915228366852e-11
466,1,recording,3162,19,19.0,1,16.66666666666572,0.0,0.0,3,3,0,17,17,465,0
467,1,recording,3163,20,20.0,2,33.33333333333144,0.0,0.0,10,10,0,17,17,466,0
468,1,recording,3164,24,24.0,1,16.66666666666572,0.0,0.0,2,2,0,15,15,467,1
469,1,recording,3165,20,20.0,1,16.66666666666572,0.0,0.0,3,3,0,17,17,468,-1
470,1,recording,3166,15,15.0,1,16.66666666666572,0.0,0.0,4.000000000014552,4.000000000014552,0,12,12,469,0
471,1,recording,3167,19,19.0,1,16.66666666666572,0.0,0.0,1.999999999985448,1.999999999985448,0,15.0,15.0,470,1.4551915228366852e-11
472,1,recording,3168,20,20.0,1,16.66666666666572,0.0,0.0,1,1,0,18,18,471,-1.4551915228366852e-11
473,1,recording,3169,17,17.0,1,16.66666666666572,0.0,0.0,2,2,0,16,16,472,0
474,1,recording,3170,15,15.0,1,16.66666666666572,0.0,0.0,2,2,0,13,13,473,0
475,1,recording,3171,13,13.0,1,16.66666666666572,0.0,0.0,4,4,0,11,11,474,0
476,1,recording,3172,18,18.0,1,16.66666666666572,0.0,0.0,2,2,0,14,14,475,0
477,1,recording,3173,25,25.0,2,33.33333333333144,0.0,0.0,5.000000000014552,5.000000000014552,0,23,23,476,0
478,1,recording,3174,21,21.0,1,16.66666666666572,0.0,0.0,2,2,0,15.999999999985448,15.999999999985448,477,0
479,1,recording,3175,20,20.0,1,16.66666666666572,0.0,0.0,2,2,0,19,19,478,1
480,1,recording,3176,19,19.0,1,16.66666666666572,0.0,0.0,3,3,0,16,16,479,-1
481,1,recording,3177,18,18.0,1,16.66666666666572,0.0,0.0,2,2,0,15,15,480,0
482,1,recording,3178,14,14.0,1,16.66666666666572,0.0,0.0,3,3,0,12,12,481,0
483,1,recording,3179,17,17.0,1,16.66666666666572,0.0,0.0,3.0,3,0,14.000000000014552,14.000000000014552,482,1.4551915228366852e-11
484,1,recording,3180,15,15.0,1,16.66666666666572,0.0,0.0,3.0,3,0,12.0,12.0,483,0.0
485,1,recording,3181,21,21.0,1,16.66666666666572,0.0,0.0,2,2,0,17.999999999985448,17.999999999985448,484,-1.4551915228366852e-11
486,1,recording,3182,14,14.0,1,16.66666666666572,0.0,0.0,2,2,0,12,12,485,0
487,1,recording,3183,20,20.0,1,16.66666666666572,0.0,0.0,2,2,0,18,18,486,0
488,1,recording,3184,21,21.0,2,33.33333333333144,0.0,0.0,4,4,0,19,19,487,0
489,1,recording,3185,21,21.0,1,16.66666666666572,0.0,0.0,2,2,0,17,17,488,0
490,1,recording,3186,19,19.0,1,16.66666666666572,0.0,0.0,3.0,3,0,17.000000000014552,17.000000000014552,489,1.4551915228366852e-11
491,1,recording,3187,18,18.0,1,16.66666666666572,0.0,0.0,1.999999999985448,1.999999999985448,0,15.0,15.0,490,0.0
492,1,recording,3188,31,31.0,2,33.33333333333144,0.0,0.0,3,3,0,29,29,491,-1.4551915228366852e-11
493,1,recording,3189,16,16.0,1,16.66666666666572,0.0,0.0,2,2,1,13,13,492,0
494,1,recording,3190,20,20.0,1,16.66666666666572,0.0,0.0,3,3,0,18,18,493,0
495,1,recording,3191,22,22.0,2,33.33333333333144,0.0,0.0,2,2,0,19,19,494,0
496,1,recording,3192,17,17.0,1,16.66666666666572,0.0,0.0,2,2,0,15,15,495,0
497,1,recording,3193,19,19.0,1,16.66666666666572,0.0,0.0,6.0,6,0,17.000000000014552,17.000000000014552,496,1.4551915228366852e-11
498,1,recording,3194,18,18.0,1,16.66666666666572,0.0,0.0,3,3,0,11.999999999985448,11.999999999985448,497,-1.4551915228366852e-11
499,1,recording,3195,22,22.0,1,16.66666666666572,0.0,0.0,2,2,0,19,19,498,0
500,1,recording,3196,19,19.0,1,16.66666666666572,0.0,0.0,3,3,0,17,17,499,0
501,1,recording,3197,22,22.0,2,33.33333333333144,0.0,0.0,6,6,0,19,19,500,0
502,1,recording,3198,28,28.0,1,16.66666666666572,0.0,0.0,4.000000000014552,4.000000000014552,0,22,22,501,0
503,1,recording,3199,21,21.0,2,33.33333333333144,0.0,0.0,4.000000000014552,4.000000000014552,0,16.999999999985448,16.999999999985448,502,0
504,1,recording,3200,61,61.0,3,49.99999999999716,0.0,0.0,4,4,0,56.99999999998545,56.99999999998545,503,0
505,1,recording,3201,22,22.0,1,16.66666666666572,0.0,0.0,3,3,0,18,18,504,0
506,1,recording,3202,15,15.0,1,16.66666666666572,0.0,0.0,3,3,0,12,12,505,0
507,1,recording,3203,18,18.0,1,16.66666666666572,0.0,0.0,3,3,0,15,15,506,0
508,1,recording,3204,25,25.0,2,33.33333333333144,0.0,0.0,5,5,0,22,22,507,0
509,1,recording,3205,23,23.0,1,16.66666666666572,0.0,0.0,2,2,0,18,18,508,0
510,1,recording,3206,16,16.0,1,16.66666666666572,0.0,0.0,2,2,0,14,14,509,0
511,1,recording,3207,28,28.0,2,33.33333333333144,0.0,0.0,2,2,0,26,26,510,0
512,1,recording,3208,17,17.0,1,16.66666666666572,0.0,0.0,2.000000000014552,2.000000000014552,0,15,15,511,0
513,1,recording,3209,24,24.0,1,16.66666666666572,0.0,0.0,3,3,0,21.999999999985448,21.999999999985448,512,0
514,1,recording,3210,16,16.0,1,16.66666666666572,0.0,0.0,3,3,0,13,13,513,0
515,1,recording,3211,17,17.0,1,16.66666666666572,0.0,0.0,1,1,0,14,14,514,0
516,1,recording,3212,13,13.0,1,16.66666666666572,0.0,0.0,4,4,0,12,12,515,0
517,1,recording,3213,17,17.0,1,16.66666666666572,0.0,0.0,2,2,0,13,13,516,0
518,1,recording,3214,14,14.0,1,16.66666666666572,0.0,0.0,3,3,0,12,12,517,0
519,1,recording,3215,34,34.0,2,33.33333333333144,0.0,0.0,2,2,0,31,31,518,0
520,1,recording,3216,28,28.0,2,33.33333333333144,0.0,0.0,2,2,0,27,27,519,1
521,1,recording,3217,21,21.0,1,16.66666666666572,0.0,0.0,2,2,0,18,18,520,-1
522,1,recording,3218,17,17.0,1,16.66666666666572,0.0,0.0,3,3,0,15,15,521,0
523,1,recording,3219,15,15.0,1,16.66666666666572,0.0,0.0,3,3,0,12,12,522,0
524,1,recording,3220,15,15.0,1,16.66666666666572,0.0,0.0,4,4,0,12,12,523,0
525,1,recording,3221,17,17.0,1,16.66666666666572,0.0,0.0,1.000000000014552,1.000000000014552,0,13,13,524,0
526,1,recording,3222,18,18.0,1,16.66666666666572,0.0,0.0,4.000000000014552,4.000000000014552,0,16.999999999985448,16.999999999985448,525,0
527,1,recording,3223,14,14.0,1,16.66666666666572,0.0,0.0,3,3,0,9.999999999985448,9.999999999985448,526,0
528,1,recording,3224,16,16.0,1,16.66666666666572,0.0,0.0,4,4,0,13,13,527,0
529,1,recording,3225,17,17.0,1,16.66666666666572,0.0,0.0,2,2,0,13,13,528,0
530,1,recording,3226,35,35.0,2,33.33333333333144,0.0,0.0,2,2,1,33,33,529,0
531,1,recording,3227,19,19.0,1,16.66666666666572,0.0,0.0,3,3,0,17,17,530,0
532,1,recording,3228,14,14.0,1,16.66666666666572,0.0,0.0,4,4,0,11,11,531,0
533,1,recording,3229,26,26.0,1,16.66666666666572,0.0,0.0,2,2,0,23,23,532,1
534,1,recording,3230,21,21.0,2,33.33333333333144,0.0,0.0,4,4,0,18,18,533,-1
535,1,recording,3231,18,18.0,1,16.66666666666572,0.0,0.0,5,5,0,14,14,534,0
536,1,recording,3232,23,23.0,1,16.66666666666572,0.0,0.0,2,2,0,18,18,535,0
537,1,recording,3233,11,11.0,1,16.66666666666572,0.0,0.0,3,3,0,9,9,536,0
538,1,recording,3234,16,16.0,1,16.66666666666572,0.0,0.0,3.999999999985448,3.999999999985448,0,13.000000000014552,13.000000000014552,537,1.4551915228366852e-11
539,1,recording,3235,19,19.0,1,16.66666666666572,0.0,0.0,3,3,0,15,15,538,-1.4551915228366852e-11
540,1,recording,3236,14,14.0,1,16.66666666666572,0.0,0.0,2.999999999985448,2.999999999985448,0,11.000000000014552,11.000000000014552,539,1.4551915228366852e-11
541,1,recording,3237,18,18.0,1,16.66666666666572,0.0,0.0,2,2,0,15,15,540,-1.4551915228366852e-11
542,1,recording,3238,16,16.0,1,16.66666666666572,0.0,0.0,3,3,0,14,14,541,0
543,1,recording,3239,19,19.0,1,16.66666666666572,0.0,0.0,3,3,0,16,16,542,0
544,1,recording,3240,15,15.0,1,16.66666666666572,0.0,0.0,2,2,0,12,12,543,0
545,1,recording,3241,16,16.0,1,16.66666666666572,0.0,0.0,3,3,0,14,14,544,0
546,1,recording,3242,17,17.0,1,16.66666666666572,0.0,0.0,0.9999999999854481,0.9999999999854481,0,14.000000000014552,14.000000000014552,545,1.4551915228366852e-11
547,1,recording,3243,20,20.0,1,16.66666666666572,0.0,0.0,3,3,0,19,19,546,-1.4551915228366852e-11
548,1,recording,3244,15,15.0,1,16.66666666666572,0.0,0.0,2,2,0,12,12,547,0
549,1,recording,3245,18,18.0,1,16.66666666666572,0.0,0.0,3,3,0,16,16,548,0
550,1,recording,3246,13,13.0,1,16.66666666666572,0.0,0.0,4,4,0,10,10,549,0
551,1,recording,3247,21,21.0,1,16.66666666666572,0.0,0.0,3,3,0,17,17,550,0
552,1,recording,3248,17,17.0,1,16.66666666666572,0.0,0.0,2,2,0,14,14,551,0
553,1,recording,3249,14,14.0,1,16.66666666666572,0.0,0.0,2,2,0,12,12,552,0
554,1,recording,3250,18,18.0,1,16.66666666666572,0.0,0.0,2,2,0,16,16,553,0
555,1,recording,3251,15,15.0,1,16.66666666666572,0.0,0.0,1,1,0,13,13,554,0
556,1,recording,3252,16,16.0,1,16.66666666666572,0.0,0.0,3,3,0,15,15,555,0
557,1,recording,3253,17,17.0,1,16.66666666666572,0.0,0.0,3,3,0,14,14,556,0
558,1,recording,3254,20,20.0,1,16.66666666666572,0.0,0.0,3,3,0,17,17,557,0
559,1,recording,3255,50,50.0,3,49.99999999999716,0.0,0.0,6,6,0,47,47,558,0
560,1,recording,3256,36,36.0,2,33.33333333333144,0.0,0.0,5,5,0,30,30,559,0
561,1,recording,3257,23,23.0,2,33.33333333333144,0.0,0.0,4,4,0,18,18,560,0
562,1,recording,3258,20,20.0,1,16.66666666666572,0.0,0.0,1,1,0,16,16,561,0
563,1,recording,3259,12,12.0,1,16.66666666666572,0.0,0.0,1,1,0,11,11,562,0
564,1,recording,3260,12,12.0,0,0.0,0.0,0.0,2,2,0,11,11,563,0
565,1,recording,3261,16,16.0,1,16.66666666666572,0.0,0.0,4,4,0,14,14,564,0
566,1,recording,3262,18,18.0,1,16.66666666666572,0.0,0.0,3,3,0,14,14,565,0
567,1,recording,3263,17,17.0,1,16.66666666666572,0.0,0.0,1,1,0,14,14,566,0
568,1,recording,3264,13,13.0,1,16.66666666666572,0.0,0.0,2,1,1,12,13,567,0
569,1,recording,3265,34,34.0,2,33.33333333333144,0.0,0.0,6,6,0,32,32,568,0
570,1,recording,3266,21,21.0,1,16.66666666666572,0.0,0.0,2,2,0,15,15,569,0
571,1,recording,3267,17,17.0,1,16.66666666666572,0.0,0.0,3,3,0,15,15,570,0
572,1,recording,3268,27,27.0,2,33.33333333333144,0.0,0.0,9,7.999999999985448,1.000000000014552,24,25.000000000014552,571,0
573,1,recording,3269,25,25.0,2,33.33333333333144,0.0,0.0,3,3,0,17,17,572,1
574,1,recording,3270,19,19.0,1,16.66666666666572,0.0,0.0,6,5,1,15,15,573,-1
575,1,recording,3271,20,20.0,1,16.66666666666572,0.0,0.0,7,7,0,14,15,574,0
576,1,recording,3272,24,24.0,1,16.66666666666572,0.0,0.0,5,5,0,17,17,575,0
577,1,recording,3273,15,15.0,1,16.66666666666572,0.0,0.0,4,4,0,10,10,576,0
578,1,recording,3274,19,19.0,1,16.66666666666572,0.0,0.0,6,6,0,15,15,577,0
579,1,recording,3275,18,18.0,1,16.66666666666572,0.0,0.0,3,3,0,12,12,578,0
580,1,recording,3276,17,17.0,1,16.66666666666572,0.0,0.0,3,3,0,14,14,579,0
581,1,recording,3277,15,15.0,1,16.66666666666572,0.0,0.0,3,3,0,12,12,580,0
582,1,recording,3278,19,19.0,1,16.66666666666572,0.0,0.0,1,1,0,16,16,581,0
583,1,recording,3279,16,16.0,1,16.66666666666572,0.0,0.0,2,2,0,15,15,582,0
584,1,recording,3280,14,14.0,1,16.66666666666572,0.0,0.0,1.999999999985448,1.999999999985448,0,12.000000000014552,12.000000000014552,583,1.4551915228366852e-11
585,1,recording,3281,19,19.0,1,16.66666666666572,0.0,0.0,2.000000000014552,2.000000000014552,0,17,17,584,-1.4551915228366852e-11
586,1,recording,3282,16,16.0,1,16.66666666666572,0.0,0.0,1,1,0,13.999999999985448,13.999999999985448,585,0
587,1,recording,3283,16,16.0,1,16.66666666666572,0.0,0.0,2,2,0,15,15,586,0
588,1,recording,3284,23,23.0,2,33.33333333333144,0.0,0.0,2,2,0,21,21,587,0
589,1,recording,3285,16,16.0,1,16.66666666666572,0.0,0.0,2,2,0,14,14,588,0
590,1,recording,3286,16,16.0,1,16.66666666666572,0.0,0.0,2,2,0,14,14,589,0
591,1,recording,3287,22,22.0,1,16.66666666666572,0.0,0.0,1.999999999985448,1.999999999985448,0,20.000000000014552,20.000000000014552,590,1.4551915228366852e-11
592,1,recording,3288,14,14.0,1,16.66666666666572,0.0,0.0,3,3,0,12,12,591,-1.4551915228366852e-11
593,1,recording,3289,16,16.0,1,16.66666666666572,0.0,0.0,1.999999999985448,1.999999999985448,0,13.000000000014552,13.000000000014552,592,1.4551915228366852e-11
594,1,recording,3290,16,16.0,1,16.66666666666572,0.0,0.0,4,4,0,14,14,593,-1.4551915228366852e-11
595,1,recording,3291,14,14.0,1,16.66666666666572,0.0,0.0,1,1,0,10,10,594,0
596,1,recording,3292,14,14.0,0,0.0,0.0,0.0,2,2,0,13,13,595,0
597,1,recording,3293,12,12.0,1,16.66666666666572,0.0,0.0,2,2,0,10,10,596,0
598,1,recording,3294,16,16.0,1,16.66666666666572,0.0,0.0,2,2,0,14,14,597,0
599,1,recording,3295,17,17.0,1,16.66666666666572,0.0,0.0,4,4,0,15,15,598,0
600,1,recording,3296,16,16.0,1,16.66666666666572,0.0,0.0,2.000000000014552,2.000000000014552,0,12,12,599,0
601,1,recording,3297,12,12.0,1,16.66666666666572,0.0,0.0,3,3,1,9.999999999985448,9.999999999985448,600,0
602,1,recording,3298,17,17.0,1,16.66666666666572,0.0,0.0,2,2,0,14,14,601,0
603,1,recording,3299,16,16.0,1,16.66666666666572,0.0,0.0,4,4,0,14,14,602,0
604,1,recording,3300,17,17.0,1,16.66666666666572,0.0,0.0,1,1,0,13,13,603,0
605,1,recording,3301,18,18.0,1,16.66666666666572,0.0,0.0,2,2,0,17,17,604,0
606,1,recording,3302,16,16.0,1,16.66666666666572,0.0,0.0,1,1,0,14,14,605,0
607,1,recording,3303,16,16.0,1,16.66666666666572,0.0,0.0,1.999999999985448,1.999999999985448,0,15.000000000014552,15.000000000014552,606,1.4551915228366852e-11
608,1,recording,3304,18,18.0,1,16.66666666666572,0.0,0.0,3.0,3,0,16.000000000014552,16.000000000014552,607,0.0
609,1,recording,3305,28,28.0,2,33.33333333333144,0.0,0.0,2,2,0,24.999999999985448,24.999999999985448,608,-1.4551915228366852e-11
610,1,recording,3306,19,19.0,1,16.66666666666572,0.0,0.0,5,5,0,17,17,609,0
611,1,recording,3307,21,21.0,1,16.66666666666572,0.0,0.0,3,3,0,16,16,610,0
612,1,recording,3308,15,15.0,1,16.66666666666572,0.0,0.0,2,2,0,12,12,611,0
613,1,recording,3309,16,16.0,1,16.66666666666572,0.0,0.0,9,9,0,14,14,612,0
614,1,recording,3310,68,68.0,4,66.66666666666288,0.0,6.000000000003905,15,15,0,59,59,613,0
615,1,recording,3311,36,36.0,2,33.33333333333144,0.0,0.0,5,5,0,21,21,614,0
616,1,recording,3312,15,15.0,1,16.66666666666572,0.0,0.0,5,5,0,10,10,615,0
617,1,recording,3313,15,15.0,0,0.0,0.0,0.0,2.000000000014552,2.000000000014552,0,10,10,616,0
618,1,recording,3314,14,14.0,1,16.66666666666572,0.0,0.0,3.0,3,0,12.0,12.0,617,1.4551915228366852e-11
619,1,recording,3315,14,14.0,1,16.66666666666572,0.0,0.0,3,3,0,10.999999999985448,10.999999999985448,618,-1.4551915228366852e-11
620,1,recording,3316,14,14.0,1,16.66666666666572,0.0,0.0,5,5,0,11,11,619,0
621,1,recording,3317,16,16.0,1,16.66666666666572,0.0,0.0,3,3,0,11,11,620,0
622,1,recording,3318,17,17.0,1,16.66666666666572,0.0,0.0,3,3,0,14,14,621,0
623,1,recording,3319,14,14.0,1,16.66666666666572,0.0,0.0,2,2,0,11,11,622,0
624,1,recording,3320,17,17.0,1,16.66666666666572,0.0,0.0,2,2,0,15,15,623,0
625,1,recording,3321,24,24.0,1,16.66666666666572,0.0,0.0,3.0,3,0,22.000000000014552,22.000000000014552,624,1.4551915228366852e-11
626,1,recording,3322,22,22.0,2,33.33333333333144,0.0,0.0,1,1,0,18.999999999985448,18.999999999985448,625,-1.4551915228366852e-11
627,1,recording,3323,12,12.0,0,0.0,0.0,0.0,2,2,0,11,11,626,0
628,1,recording,3324,17,17.0,1,16.666666666672825,0.0,0.0,2,2,0,15,15,627,0
629,1,recording,3325,13,13.0,1,16.66666666666572,0.0,0.0,1,1,0,11,11,628,0
630,1,recording,3326,20,20.0,1,16.66666666666572,0.0,0.0,4,4,0,19,19,629,0
631,1,recording,3327,18,18.0,1,16.66666666666572,0.0,0.0,4,4,0,14,14,630,0
632,1,recording,3328,22,22.0,2,33.33333333333144,0.0,0.0,4.000000000014552,4.000000000014552,0,18,18,631,0
633,1,recording,3329,15,15.0,1,16.66666666666572,0.0,0.0,2,2,0,10.999999999985448,10.999999999985448,632,0
634,1,recording,3330,16,16.0,1,16.66666666666572,0.0,0.0,2,2,0,14,14,633,0
635,1,recording,3331,15,15.0,0,0.0,0.0,0.0,2,2,0,13,13,634,0
636,1,recording,3332,16,16.0,1,16.66666666666572,0.0,0.0,3,3,0,14,14,635,0
637,1,recording,3333,16,16.0,1,16.66666666666572,0.0,0.0,4,4,0,13,13,636,0
638,1,recording,3334,21,21.0,2,33.33333333333144,0.0,0.0,2,2,0,17,17,637,0
639,1,recording,3335,13,13.0,0,0.0,0.0,0.0,2,2,0,11,11,638,0
640,1,recording,3336,20,20.0,2,33.33333333333144,0.0,0.0,3.0,3,0,18.000000000014552,18.000000000014552,639,1.4551915228366852e-11
641,1,recording,3337,16,16.0,1,16.66666666666572,0.0,0.0,2.000000000014552,2.000000000014552,0,12.999999999985448,12.999999999985448,640,-1.4551915228366852e-11
642,1,recording,3338,14,14.0,0,0.0,0.0,0.0,5,5,1,11.999999999985448,11.999999999985448,641,0
643,1,recording,3339,22,22.0,2,33.33333333333144,0.0,0.0,2,2,0,17,17,642,0
644,1,recording,3340,21,21.0,1,16.66666666666572,0.0,0.0,3,3,0,19,19,643,0
645,1,recording,3341,27,27.0,2,33.33333333333144,0.0,0.0,4,4,0,25,25,644,1
646,1,recording,3342,21,21.0,1,16.66666666666572,0.0,0.0,3,3,0,16,16,645,-1
647,1,recording,3343,13,13.0,1,16.66666666666572,0.0,0.0,4.999999999985448,4.999999999985448,0,10.000000000014552,10.000000000014552,646,1.4551915228366852e-11
648,1,recording,3344,17,17.0,1,16.66666666666572,0.0,0.0,4,4,0,12,12,647,-1.4551915228366852e-11
649,1,recording,3345,15,15.0,1,16.66666666666572,0.0,0.0,6,6,0,11,11,648,0
650,1,recording,3346,17,17.0,1,16.66666666666572,0.0,0.0,4,4,0,11,11,649,0
651,1,recording,3347,17,17.0,1,16.66666666666572,0.0,0.0,4,4,0,13,13,650,0
652,1,recording,3348,14,14.0,0,0.0,0.0,0.0,1,1,0,10,10,651,0
653,1,recording,3349,16,16.0,1,16.66666666666572,0.0,0.0,5,5,0,15,15,652,0
654,1,recording,3350,17,17.0,1,16.66666666666572,0.0,0.0,3.999999999985448,3.999999999985448,0,12.000000000014552,12.000000000014552,653,1.4551915228366852e-11
655,1,recording,3351,22,22.0,2,33.33333333333144,0.0,0.0,9,9,0,18,18,654,-1.4551915228366852e-11
656,1,recording,3352,20,20.0,1,16.66666666666572,0.0,0.0,5,5,0,11,11,655,0
657,1,recording,3353,21,21.0,1,16.66666666666572,0.0,0.0,5,5,0,16,16,656,0
658,1,recording,3354,24,24.0,2,33.33333333333144,0.0,0.0,8,8,0,19,19,657,0
659,1,recording,3355,21,21.0,1,16.66666666666572,0.0,0.0,2,2,1,13,13,658,0
660,1,recording,3356,18,18.0,1,16.66666666666572,0.0,0.0,1,1,0,16,16,659,0
661,1,recording,3357,19,19.0,1,16.66666666666572,0.0,0.0,4.000000000014552,4.000000000014552,0,18,18,660,0
662,1,recording,3358,17,17.0,1,16.66666666666572,0.0,0.0,2,2,1,12.999999999985448,12.999999999985448,661,0
663,1,recording,3359,15,15.0,1,16.66666666666572,0.0,0.0,4,4,0,13,13,662,0
664,1,recording,3360,18,18.0,1,16.66666666666572,0.0,0.0,2,2,0,14,14,663,0
665,1,recording,3361,16,16.0,1,16.66666666666572,0.0,0.0,2,2,0,14,14,664,0
666,1,recording,3362,14,14.0,1,16.66666666666572,0.0,0.0,4,3,1,12,12,665,0
667,1,recording,3363,24,24.0,1,16.66666666666572,0.0,0.0,3,3,0,20,21,666,0
668,1,recording,3364,22,22.0,2,33.33333333333144,0.0,0.0,1.999999999985448,1.999999999985448,0,19.000000000014552,19.000000000014552,667,1.4551915228366852e-11
669,1,recording,3365,17,17.0,1,16.66666666666572,0.0,0.0,4,4,0,15,15,668,-1.4551915228366852e-11
670,1,recording,3366,44,44.0,2,33.33333333333144,0.0,0.0,2,2,0,40,40,669,0
671,1,recording,3367,44,44.0,3,49.99999999999716,0.0,0.0,1,1,0,42,42,670,0
672,1,recording,3368,26,26.0,2,33.33333333333144,0.0,0.0,1.999999999985448,1.999999999985448,0.9999999999854481,25.000000000014552,25.000000000014552,671,1.4551915228366852e-11
673,1,recording,3369,22,22.0,1,16.66666666666572,0.0,0.0,4,4,0,20,20,672,-1.4551915228366852e-11
674,1,recording,3370,17,17.0,1,16.66666666666572,0.0,0.0,2,2,0,13,13,673,0
675,1,recording,3371,17,17.0,1,16.66666666666572,0.0,0.0,4,4,0,15,15,674,0
676,1,recording,3372,17,17.0,1,16.66666666666572,0.0,0.0,3,3,0,13,13,675,0
677,1,recording,3373,21,21.0,1,16.66666666666572,0.0,0.0,2,2,0,18,18,676,0
678,1,recording,3374,21,21.0,1,16.66666666666572,0.0,0.0,5,5,0,19,19,677,0
679,1,recording,3375,19,19.0,2,33.33333333333144,0.0,0.0,3,3,0,14,14,678,0
680,1,recording,3376,20,20.0,1,16.66666666666572,0.0,0.0,3,3,0,17,17,679,0
681,1,recording,3377,16,16.0,1,16.66666666666572,0.0,0.0,2,2,0,13,13,680,0
682,1,recording,3378,17,17.0,1,16.66666666666572,0.0,0.0,1,1,0,15,15,681,0
683,1,recording,3379,16,16.0,1,16.66666666666572,0.0,0.0,3,3,0,15,15,682,0
684,1,recording,3380,16,16.0,1,16.66666666666572,0.0,0.0,2,2,0,13,13,683,0
685,1,recording,3381,16,16.0,1,16.66666666666572,0.0,0.0,3.0,3,0,14.000000000014552,14.000000000014552,684,1.4551915228366852e-11
686,1,recording,3382,15,15.0,1,16.66666666666572,0.0,0.0,2.999999999985448,2.999999999985448,0,12.0,12.0,685,0.0
687,1,recording,3383,19,19.0,1,16.66666666666572,0.0,0.0,5,5,0,16,16,686,-1.4551915228366852e-11
688,1,recording,3384,16,16.0,1,16.66666666666572,0.0,0.0,3,3,0,11,11,687,0
689,1,recording,3385,14,14.0,1,16.66666666666572,0.0,0.0,5,5,0,11,11,688,0
690,1,recording,3386,20,20.0,1,16.66666666666572,0.0,0.0,4,4,0,15,15,689,0
691,1,recording,3387,15,15.0,1,16.66666666666572,0.0,0.0,6,6,0,11,11,690,0
692,1,recording,3388,20,20.0,1,16.66666666666572,0.0,0.0,3.999999999985448,3.999999999985448,0,14.000000000014552,14.000000000014552,691,1.4551915228366852e-11
693,1,recording,3389,15,15.0,1,16.66666666666572,0.0,0.0,3.999999999985448,3.999999999985448,0,11.000000000014552,11.000000000014552,692,0.0
694,1,recording,3390,20,20.0,1,16.66666666666572,0.0,0.0,5,5,0,16,16,693,-1.4551915228366852e-11
695,1,recording,3391,24,24.0,1,16.66666666666572,0.0,0.0,4,4,0,19,19,694,0
696,1,recording,3392,21,21.0,2,33.33333333333144,0.0,0.0,5,5,0,17,17,695,0
697,1,recording,3393,15,15.0,1,16.66666666666572,0.0,0.0,3,3,0,10,10,696,0
698,1,recording,3394,17,17.0,1,16.66666666666572,0.0,0.0,2,2,0,14,14,697,0
699,1,recording,3395,15,15.0,0,0.0,0.0,0.0,1.999999999985448,1.999999999985448,0,14.000000000014552,14.000000000014552,698,1.000000000014552
700,1,recording,3396,16,16.0,1,16.66666666666572,0.0,0.0,3.0,3,0,13.000000000014552,13.000000000014552,699,-1.0
701,1,recording,3397,18,18.0,1,16.66666666666572,0.0,0.0,3,3,0,14.999999999985448,14.999999999985448,700,-1.4551915228366852e-11
702,1,recording,3398,24,24.0,2,33.33333333333144,0.0,0.0,6,6,1,21,21,701,0
703,1,recording,3399,18,18.0,1,16.66666666666572,0.0,0.0,3,3,0,12,12,702,0
704,1,recording,3400,14,14.0,1,16.66666666666572,0.0,0.0,3,3,1,11,11,703,0
705,1,recording,3401,16,16.0,1,16.66666666666572,0.0,0.0,5.000000000014552,5.000000000014552,0,13,13,704,0
706,1,recording,3402,21,21.0,1,16.66666666666572,0.0,0.0,3,3,0,15.999999999985448,15.999999999985448,705,0
707,1,recording,3403,27,27.0,2,33.33333333333144,0.0,0.0,3,3,0,24,24,706,0
708,1,recording,3404,16,16.0,1,16.66666666666572,0.0,0.0,2,2,0,13,13,707,0
709,1,recording,3405,13,13.0,0,0.0,0.0,0.0,4,4,0,11,11,708,0
710,1,recording,3406,18,18.0,1,16.66666666666572,0.0,0.0,4,4,0,14,14,709,0
711,1,recording,3407,18,18.0,2,33.33333333333144,0.0,0.0,2,2,0,14,14,710,0
712,1,recording,3408,17,17.0,1,16.66666666666572,0.0,0.0,1.999999999985448,1.999999999985448,0,15.000000000014552,15.000000000014552,711,1.4551915228366852e-11
713,1,recording,3409,16,16.0,1,16.66666666666572,0.0,0.0,2.000000000014552,2.000000000014552,0,14,14,712,-1.4551915228366852e-11
714,1,recording,3410,14,14.0,0,0.0,0.0,0.0,1,1,0,12.999999999985448,12.999999999985448,713,1
715,1,recording,3411,21,21.0,2,33.33333333333144,0.0,0.0,2,2,0,19,19,714,-1
716,1,recording,3412,15,15.0,1,16.66666666666572,0.0,0.0,3,3,0,13,13,715,0
717,1,recording,3413,15,15.0,0,0.0,0.0,0.0,2,2,0,12,12,716,0
718,1,recording,3414,17,17.0,1,16.66666666666572,0.0,0.0,2,2,0,15,15,717,0
719,1,recording,3415,17,17.0,1,16.66666666666572,0.0,0.0,2,2,1,15,15,718,0
720,1,recording,3416,17,17.0,2,33.33333333333144,0.0,0.0,4,4,0,15,15,719,0
721,1,recording,3417,17,17.0,1,16.66666666666572,0.0,0.0,0.9999999999854481,0.9999999999854481,0,13.000000000014552,13.000000000014552,720,1.4551915228366852e-11
722,1,recording,3418,19,19.0,1,16.66666666666572,0.0,0.0,2,2,0,18,18,721,-1.4551915228366852e-11
723,1,recording,3419,16,16.0,1,16.66666666666572,0.0,0.0,2,2,0,14,14,722,0
724,1,recording,3420,16,16.0,1,16.66666666666572,0.0,0.0,3,3,0,14,14,723,0
725,1,recording,3421,17,17.0,1,16.66666666666572,0.0,0.0,4,4,0,14,14,724,0
726,1,recording,3422,14,14.0,0,0.0,0.0,0.0,1,1,0,10,10,725,0
727,1,recording,3423,57,57.0,4,66.66666666666288,0.0,6.000000000003835,5,5,0,56,56,726,0
728,1,recording,3424,29,29.0,1,16.66666666666572,0.0,0.0,2,2,0,25,25,727,1
729,1,recording,3425,25,25.0,2,33.33333333333144,0.0,0.0,3,3,0,22,22,728,-1
730,1,recording,3426,22,22.0,1,16.66666666666572,0.0,0.0,3,3,0,19,19,729,0
731,1,recording,3427,15,15.0,1,16.66666666666572,0.0,0.0,4,4,0,12,12,730,0
732,1,recording,3428,15,15.0,1,16.66666666666572,0.0,0.0,3,3,0,11,11,731,0
733,1,recording,3429,16,16.0,1,16.66666666666572,0.0,0.0,3,3,0,14,14,732,1
734,1,recording,3430,26,26.0,1,16.66666666666572,0.0,0.0,6,6,0,22,22,733,-1
735,1,recording,3431,26,26.0,2,33.33333333333144,0.0,0.0,2,2,0,20,20,734,0
736,1,recording,3432,22,22.0,1,16.66666666666572,0.0,0.0,1,1,0,20,20,735,0
737,1,recording,3433,15,15.0,1,16.66666666666572,0.0,0.0,2,2,0,14,14,736,0
738,1,recording,3434,20,20.0,1,16.66666666666572,0.0,0.0,4,4,0,18,18,737,0
739,1,recording,3435,20,20.0,2,33.33333333333144,0.0,0.0,3,3,0,16,16,738,0
740,1,recording,3436,24,24.0,1,16.66666666666572,0.0,0.0,3,3,0,21,21,739,0
741,1,recording,3437,16,16.0,1,16.66666666666572,0.0,0.0,3,3,0,13,13,740,0
742,1,recording,3438,18,18.0,1,16.66666666666572,0.0,0.0,2,2,0,15,15,741,0
743,1,recording,3439,14,14.0,1,16.66666666666572,0.0,0.0,1,1,0,12,12,742,0
744,1,recording,3440,20,20.0,1,16.66666666666572,0.0,0.0,1.999999999985448,1.999999999985448,0,19.000000000014552,19.000000000014552,743,1.4551915228366852e-11
745,1,recording,3441,22,22.0,1,16.66666666666572,0.0,0.0,3,3,0,20,20,744,-1.4551915228366852e-11
746,1,recording,3442,17,17.0,1,16.66666666666572,0.0,0.0,2,2,0,14,14,745,0
747,1,recording,3443,17,17.0,1,16.66666666666572,0.0,0.0,2,2,0,15,15,746,0
748,1,recording,3444,22,22.0,2,33.33333333333144,0.0,0.0,5,5,0,20,20,747,0
749,1,recording,3445,19,19.0,1,16.66666666666572,0.0,0.0,4,4,0,14,14,748,0
750,1,recording,3446,16,16.0,1,16.66666666666572,0.0,0.0,1,1,0,13,13,749,1
751,1,recording,3447,22,22.0,1,16.66666666666572,0.0,0.0,3,3,0,20,20,750,-1
752,1,recording,3448,15,15.0,1,16.66666666666572,0.0,0.0,3,3,0,12,12,751,0
753,1,recording,3449,17,17.0,1,16.66666666666572,0.0,0.0,2,2,0,14,14,752,0
754,1,recording,3450,22,22.0,1,16.66666666666572,0.0,0.0,2,2,0,20,20,753,0
755,1,recording,3451,20,20.0,2,33.33333333333144,0.0,0.0,2,2,0,18,18,754,0
756,1,recording,3452,25,25.0,1,16.66666666666572,0.0,0.0,4,4,0,23,23,755,0
757,1,recording,3453,18,18.0,1,16.66666666666572,0.0,0.0,3,3,0,14,14,756,0
758,1,recording,3454,19,19.0,1,16.66666666666572,0.0,0.0,0.9999999999854481,0.9999999999854481,0,16.000000000014552,16.000000000014552,757,1.4551915228366852e-11
759,1,recording,3455,16,16.0,1,16.66666666666572,0.0,0.0,2,2,0,15,15,758,-1.4551915228366852e-11
760,1,recording,3456,13,13.0,1,16.66666666666572,0.0,0.0,40,40,0,11,11,759,0
761,1,recording,3457,162,162.0,4,66.66666666666288,0.0,105.00000000000381,14,14,0,122,122,760,0
762,1,recording,3458,25,25.0,1,16.66666666666572,0.0,0.0,3,3,0,11,11,761,0
763,1,recording,3459,37,37.0,2,33.33333333333144,0.0,0.0,5.999999999985448,5.999999999985448,0,34.00000000001455,34.00000000001455,762,1.4551915228366852e-11
764,1,recording,3460,23,23.0,2,33.33333333333144,0.0,0.0,6,6,0,17,17,763,-1.4551915228366852e-11
765,1,recording,3461,25,25.0,1,16.66666666666572,0.0,0.0,6,6,0,19,19,764,0
766,1,recording,3462,21,21.0,1,16.66666666666572,0.0,0.0,3,3,0,15,15,765,0
767,1,recording,3463,25,25.0,2,33.33333333333144,0.0,0.0,3,3,0,22,22,766,0
768,1,recording,3464,15,15.0,1,16.66666666666572,0.0,0.0,3,3,0,12,12,767,0
769,1,recording,3465,53,53.0,3,49.99999999999716,0.0,0.0,5,5,0,50,50,768,0
770,1,recording,3466,42,42.0,2,33.33333333333144,0.0,0.0,3,3,0,37,37,769,0
771,1,recording,3467,17,17.0,1,16.66666666666572,0.0,0.0,3,3,0,14,14,770,0
772,1,recording,3468,34,34.0,3,49.99999999999716,0.0,0.0,2,2,0,31,31,771,0
773,1,recording,3469,15,15.0,0,0.0,0.0,0.0,1,1,0,13,13,772,0
774,1,recording,3470,14,14.0,1,16.66666666666572,0.0,0.0,2,2,0,13,13,773,0
775,1,recording,3471,15,15.0,1,16.66666666666572,0.0,0.0,1,1,0,13,13,774,0
776,1,recording,3472,16,16.0,1,16.66666666666572,0.0,0.0,2,2,0,15,15,775,0
777,1,recording,3473,14,14.0,1,16.66666666666572,0.0,0.0,3,3,0,12,12,776,0
778,1,recording,3474,13,13.0,1,16.66666666666572,0.0,0.0,1.999999999985448,1.999999999985448,0,10.000000000014552,10.000000000014552,777,1.4551915228366852e-11
779,1,recording,3475,17,17.0,1,16.66666666666572,0.0,0.0,3,3,0,15,15,778,-1.4551915228366852e-11
780,1,recording,3476,16,16.0,1,16.66666666666572,0.0,0.0,3.999999999985448,3.999999999985448,0,13.000000000014552,13.000000000014552,779,1.4551915228366852e-11
781,1,recording,3477,22,22.0,1,16.66666666666572,0.0,0.0,3,3,0,18,18,780,-1.4551915228366852e-11
782,1,recording,3478,17,17.0,1,16.66666666666572,0.0,0.0,3,3,1,14,14,781,0
783,1,recording,3479,15,15.0,1,16.66666666666572,0.0,0.0,4,4,0,12,12,782,0
784,1,recording,3480,15,15.0,1,16.66666666666572,0.0,0.0,1,1,0,11,11,783,0
785,1,recording,3481,14,14.0,1,16.66666666666572,0.0,0.0,2,2,0,13,13,784,0
786,1,recording,3482,18,18.0,1,16.66666666666572,0.0,0.0,1.999999999985448,1.999999999985448,0,16.000000000014552,16.000000000014552,785,1.4551915228366852e-11
787,1,recording,3483,17,17.0,1,16.66666666666572,0.0,0.0,2,2,0,15,15,786,-1.4551915228366852e-11
788,1,recording,3484,27,27.0,1,16.66666666666572,0.0,0.0,3,3,0,26,26,787,1
789,1,recording,3485,20,20.0,2,33.33333333333144,0.0,0.0,3,3,0,16,16,788,-1
790,1,recording,3486,19,19.0,1,16.66666666666572,0.0,0.0,2,2,0,16,16,789,0
791,1,recording,3487,16,16.0,1,16.66666666666572,0.0,0.0,2,2,0,14,14,790,0
792,1,recording,3488,13,13.0,1,16.66666666666572,0.0,0.0,4.000000000014552,4.000000000014552,0,11,11,791,0
793,1,recording,3489,15,15.0,0,0.0,0.0,0.0,4.000000000014552,4.000000000014552,0,10.999999999985448,10.999999999985448,792,0
794,1,recording,3490,16,16.0,1,16.66666666666572,0.0,0.0,3.0,3,0,12.0,12.0,793,1.4551915228366852e-11
795,1,recording,3491,16,16.0,1,16.66666666666572,0.0,0.0,2,2,0,12.999999999985448,12.999999999985448,794,-1.4551915228366852e-11
796,1,recording,3492,15,15.0,1,16.66666666666572,0.0,0.0,5,5,0,13,13,795,0
797,1,recording,3493,18,18.0,1,16.66666666666572,0.0,0.0,3,3,1,13,13,796,0
798,1,recording,3494,16,16.0,1,16.66666666666572,0.0,0.0,2,2,0,13,13,797,0
799,1,recording,3495,17,17.0,1,16.66666666666572,0.0,0.0,3,3,0,15,15,798,0
800,1,recording,3496,14,14.0,1,16.66666666666572,0.0,0.0,5.000000000014552,5.000000000014552,0,11,11,799,0
801,1,recording,3497,22,22.0,1,16.66666666666572,0.0,0.0,5,5,0,16.999999999985448,16.999999999985448,800,0
802,1,recording,3498,18,18.0,2,33.33333333333144,0.0,0.0,7,7,0,14,14,801,1
803,1,recording,3499,21,21.0,1,16.66666666666572,0.0,0.0,2,2,0,13,13,802,-1
804,1,recording,3500,14,14.0,1,16.66666666666572,0.0,0.0,4,4,0,12,12,803,0
805,1,recording,3501,17,17.0,1,16.66666666666572,0.0,0.0,1,1,0,13,13,804,0
806,1,recording,3502,11,11.0,0,0.0,0.0,0.0,3,3,0,10,10,805,0
807,1,recording,3503,18,18.0,1,16.66666666666572,0.0,0.0,4,4,0,15,15,806,0
808,1,recording,3504,16,16.0,1,16.66666666666572,0.0,0.0,3,3,0,12,12,807,0
809,1,recording,3505,16,16.0,1,16.66666666666572,0.0,0.0,3,3,0,13,13,808,0
810,1,recording,3506,21,21.0,2,33.33333333333144,0.0,0.0,3,3,0,18,18,809,0
811,1,recording,3507,20,20.0,1,16.66666666666572,0.0,0.0,2,2,0,17,17,810,0
812,1,recording,3508,16,16.0,1,16.66666666666572,0.0,0.0,3,3,1,14,14,811,0
813,1,recording,3509,21,21.0,1,16.66666666666572,0.0,0.0,2,2,0,18,18,812,0
814,1,recording,3510,15,15.0,1,16.66666666666572,0.0,0.0,2,2,0,13,13,813,0
815,1,recording,3511,16,16.0,1,16.66666666666572,0.0,0.0,4,4,0,14,14,814,0
816,1,recording,3512,17,17.0,1,16.66666666666572,0.0,0.0,1.999999999985448,1.999999999985448,0,13.000000000014552,13.000000000014552,815,1.4551915228366852e-11
817,1,recording,3513,15,15.0,1,16.66666666666572,0.0,0.0,2,2,0,13,13,816,-1.4551915228366852e-11
818,1,recording,3514,19,19.0,1,16.66666666666572,0.0,0.0,2,2,0,17,17,817,0
819,1,recording,3515,14,14.0,1,16.66666666666572,0.0,0.0,2,2,0,12,12,818,0
820,1,recording,3516,18,18.0,1,16.66666666666572,0.0,0.0,2,2,0,16,16,819,0
821,1,recording,3517,18,18.0,1,16.66666666666572,0.0,0.0,3,3,0,16,16,820,0
822,1,recording,3518,15,15.0,1,16.66666666666572,0.0,0.0,2.000000000014552,2.000000000014552,0,12,12,821,0
823,1,recording,3519,17,17.0,1,16.66666666666572,0.0,0.0,3.0,3,0,15.0,15.0,822,1.4551915228366852e-11
824,1,recording,3520,16,16.0,1,16.66666666666572,0.0,0.0,3,3,0,12.999999999985448,12.999999999985448,823,-1.4551915228366852e-11
825,1,recording,3521,17,17.0,1,16.66666666666572,0.0,0.0,2,2,0,14,14,824,0
826,1,recording,3522,33,33.0,2,33.33333333333144,0.0,0.0,5,5,0,31,31,825,0
827,1,recording,3523,135,135.0,4,66.66666666666288,0.0,73.00000000000387,6,6,0,130,130,826,0
828,1,recording,3524,20,20.0,1,16.66666666666572,0.0,0.0,2,2,0,14,14,827,0
829,1,recording,3525,17,17.0,1,16.66666666666572,0.0,0.0,0.9999999999854481,0.9999999999854481,0,15.000000000014552,15.000000000014552,828,1.4551915228366852e-11
830,1,recording,3526,56,56.0,3,49.99999999999716,0.0,0.0,6,6,0,55,55,829,-1.4551915228366852e-11
831,1,recording,3527,32,32.0,2,33.33333333333144,0.0,0.0,8,8,1,26,26,830,0
832,1,recording,3528,52,52.0,3,49.99999999999716,0.0,0.0,4,4,0,45,45,831,1
833,1,recording,3529,19,19.0,1,16.66666666666572,0.0,0.0,5,5,0,14,14,832,-1
834,1,recording,3530,21,21.0,2,33.33333333333144,0.0,0.0,6,6,0,16,16,833,0
835,1,recording,3531,16,16.0,0,0.0,0.0,0.0,2,2,0,10,10,834,0
836,1,recording,3532,16,16.0,1,16.66666666666572,0.0,0.0,5,5,0,14,14,835,0
837,1,recording,3533,15,15.0,1,16.66666666666572,0.0,0.0,3,3,0,10,10,836,0
838,1,recording,3534,17,17.0,1,16.66666666666572,0.0,0.0,3.0,3,0,14.000000000014552,14.000000000014552,837,1.4551915228366852e-11
839,1,recording,3535,19,19.0,2,33.33333333333144,0.0,0.0,2.000000000014552,2.000000000014552,0,15.999999999985448,15.999999999985448,838,-1.4551915228366852e-11
840,1,recording,3536,18,18.0,1,16.66666666666572,0.0,0.0,4,4,0,15.999999999985448,15.999999999985448,839,0
841,1,recording,3537,17,17.0,1,16.66666666666572,0.0,0.0,4,4,0,13,13,840,0
842,1,recording,3538,19,19.0,1,16.66666666666572,0.0,0.0,2,2,0,15,15,841,0
843,1,recording,3539,17,17.0,1,16.66666666666572,0.0,0.0,4,4,0,15,15,842,0
844,1,recording,3540,18,18.0,1,16.66666666666572,0.0,0.0,3,3,0,14,14,843,0
845,1,recording,3541,15,15.0,1,16.66666666666572,0.0,0.0,2.000000000014552,2.000000000014552,0,12,12,844,0
846,1,recording,3542,18,18.0,1,16.66666666666572,0.0,0.0,1,1,0,15.999999999985448,15.999999999985448,845,0
847,1,recording,3543,16,16.0,1,16.66666666666572,0.0,0.0,3,3,0,15,15,846,0
848,1,recording,3544,16,16.0,1,16.66666666666572,0.0,0.0,3,3,1,13,13,847,0
849,1,recording,3545,19,19.0,1,16.66666666666572,0.0,0.0,2,2,0,16,16,848,0
850,1,recording,3546,26,26.0,1,16.66666666666572,0.0,0.0,2,2,0,24,24,849,0
851,1,recording,3547,20,20.0,2,33.33333333333144,0.0,0.0,1,1,0,18,18,850,0
852,1,recording,3548,14,14.0,0,0.0,0.0,0.0,1.999999999985448,1.999999999985448,0,14.000000000014552,14.000000000014552,851,1.000000000014552
853,1,recording,3549,22,22.0,2,33.33333333333144,0.0,0.0,1.999999999985448,1.999999999985448,0,19.000000000014552,19.000000000014552,852,-1.0
854,1,recording,3550,14,14.0,1,16.66666666666572,0.0,0.0,3,3,1,12,12,853,-1.4551915228366852e-11
855,1,recording,3551,16,16.0,1,16.66666666666572,0.0,0.0,4,4,0,13,13,854,0
856,1,recording,3552,17,17.0,1,16.66666666666572,0.0,0.0,2,2,1,13,13,855,0
857,1,recording,3553,13,13.0,0,0.0,0.0,0.0,2,2,0,11,11,856,0
858,1,recording,3554,17,17.0,1,16.66666666666572,0.0,0.0,3,3,0,15,15,857,0
859,1,recording,3555,17,17.0,1,16.66666666666572,0.0,0.0,4,4,0,14,14,858,0
860,1,recording,3556,16,16.0,1,16.66666666666572,0.0,0.0,1.999999999985448,1.999999999985448,0,12.000000000014552,12.000000000014552,859,1.4551915228366852e-11
861,1,recording,3557,16,16.0,1,16.66666666666572,0.0,0.0,1,1,0,14,14,860,-1.4551915228366852e-11
862,1,recording,3558,17,17.0,1,16.66666666666572,0.0,0.0,4,4,0,16,16,861,0
863,1,recording,3559,18,18.0,1,16.66666666666572,0.0,0.0,2,2,0,14,14,862,0
864,1,recording,3560,15,15.0,1,16.66666666666572,0.0,0.0,3,3,0,13,13,863,0
865,1,recording,3561,19,19.0,2,33.33333333333144,0.0,0.0,1,1,0,16,16,864,0
866,1,recording,3562,15,15.0,0,0.0,0.0,0.0,1,1,0,14,14,865,0
867,1,recording,3563,16,16.0,1,16.66666666666572,0.0,0.0,1.999999999985448,1.999999999985448,0,15.000000000014552,15.000000000014552,866,1.4551915228366852e-11
868,1,recording,3564,17,17.0,1,16.66666666666572,0.0,0.0,2,2,0,15,15,867,-1.4551915228366852e-11
869,1,recording,3565,17,17.0,1,16.66666666666572,0.0,0.0,4,4,0,15,15,868,0
870,1,recording,3566,16,16.0,1,16.66666666666572,0.0,0.0,2,2,0,12,12,869,0
871,1,recording,3567,18,18.0,1,16.66666666666572,0.0,0.0,3,3,0,16,16,870,0
872,1,recording,3568,24,24.0,2,33.33333333333144,0.0,0.0,4,4,0,21,21,871,0
873,1,recording,3569,76,76.0,4,66.66666666666288,0.0,15.666666666670464,11,11,0,72,72,872,0
874,1,recording,3570,29,29.0,1,16.66666666666572,0.0,0.0,3,3,0,18,18,873,0
875,1,recording,3571,14,14.0,1,16.66666666666572,0.0,0.0,2,2,0,11,11,874,0
876,1,recording,3572,14,14.0,1,16.66666666666572,0.0,0.0,7,7,0,12,12,875,0
877,1,recording,3573,24,24.0,1,16.66666666666572,0.0,0.0,3,3,0,17,17,876,0
878,1,recording,3574,18,18.0,1,16.66666666666572,0.0,0.0,4.000000000014552,4.000000000014552,0,15,15,877,0
879,1,recording,3575,17,17.0,1,16.66666666666572,0.0,0.0,2.000000000014552,2.000000000014552,0,12.999999999985448,12.999999999985448,878,0
880,1,recording,3576,19,19.0,2,33.33333333333144,0.0,0.0,4,4,0,16.999999999985448,16.999999999985448,879,0
881,1,recording,3577,14,14.0,0,0.0,0.0,0.0,2,2,0,10,10,880,0
882,1,recording,3578,20,20.0,2,33.33333333333144,0.0,0.0,4,4,0,18,18,881,0
883,1,recording,3579,22,22.0,1,16.66666666666572,0.0,0.0,2,2,0,18,18,882,0
884,1,recording,3580,20,20.0,1,16.66666666666572,0.0,0.0,1,1,0,18,18,883,0
885,1,recording,3581,16,16.0,1,16.66666666666572,0.0,0.0,5,5,0,15,15,884,0
886,1,recording,3582,18,18.0,1,16.66666666666572,0.0,0.0,1,1,0,13,13,885,0
887,1,recording,3583,18,18.0,1,16.66666666666572,0.0,0.0,3,3,0,17,17,886,0
888,1,recording,3584,16,16.0,1,16.66666666666572,0.0,0.0,1,1,0,13,13,887,0
889,1,recording,3585,18,18.0,1,16.66666666666572,0.0,0.0,2,2,0,17,17,888,0
890,1,recording,3586,19,19.0,1,16.66666666666572,0.0,0.0,2,2,0,17,17,889,0
891,1,recording,3587,20,20.0,2,33.33333333333144,0.0,0.0,1,1,0,18,18,890,0
892,1,recording,3588,17,17.0,1,16.66666666666572,0.0,0.0,1.999999999985448,1.999999999985448,0,16.000000000014552,16.000000000014552,891,1.4551915228366852e-11
893,1,recording,3589,15,15.0,1,16.66666666666572,0.0,0.0,2.999999999985448,2.999999999985448,0.9999999999854481,13.000000000014552,13.000000000014552,892,0.0
894,1,recording,3590,29,29.0,1,16.66666666666572,0.0,0.0,2,2,0,26,26,893,-1.4551915228366852e-11
895,1,recording,3591,18,18.0,1,16.66666666666572,0.0,0.0,2,2,0,16,16,894,0
896,1,recording,3592,15,15.0,1,16.66666666666572,0.0,0.0,2,2,0,13,13,895,0
897,1,recording,3593,20,20.0,2,33.33333333333144,0.0,0.0,4,4,0,18,18,896,0
898,1,recording,3594,15,15.0,0,0.0,0.0,0.0,1.000000000014552,1.000000000014552,0,11,11,897,0
899,1,recording,3595,16,16.0,1,16.66666666666572,0.0,0.0,3.0,3,0.9999999999854481,15.0,15.0,898,1.4551915228366852e-11
900,1,recording,3596,20,20.0,2,33.33333333333144,0.0,0.0,3,3,0,16.999999999985448,16.999999999985448,899,-1.4551915228366852e-11
901,1,recording,3597,33,33.0,2,33.33333333333144,0.0,0.0,4,4,0,30,30,900,0
902,1,recording,3598,20,20.0,1,16.66666666666572,0.0,0.0,4,4,0,16,16,901,0
903,1,recording,3599,15,15.0,1,16.66666666666572,0.0,0.0,8,8,0,11,11,902,0
904,1,recording,3600,21,21.0,1,16.66666666666572,0.0,0.0,6.0,6,0,14.000000000014552,14.000000000014552,903,1.000000000014552
905,1,recording,3601,21,21.0,1,16.66666666666572,0.0,0.0,5,5,0,13.999999999985448,13.999999999985448,904,-1.000000000014552
906,1,recording,3602,19,19.0,1,16.66666666666572,0.0,0.0,3,3,0,14,14,905,0
907,1,recording,3603,17,17.0,1,16.66666666666572,0.0,0.0,5,5,0,14,14,906,0
908,1,recording,3604,23,23.0,2,33.33333333333144,0.0,0.0,6,6,0,19,19,907,1
909,1,recording,3605,22,22.0,1,16.66666666666572,0.0,0.0,3,3,0,15,15,908,-1
910,1,recording,3606,19,19.0,1,16.66666666666572,0.0,0.0,2.000000000014552,2.000000000014552,0,16,16,909,0
911,1,recording,3607,16,16.0,1,16.66666666666572,0.0,0.0,4.000000000014552,4.000000000014552,0,13.999999999985448,13.999999999985448,910,0
912,1,recording,3608,19,19.0,1,16.66666666666572,0.0,0.0,3,3,0,14.999999999985448,14.999999999985448,911,0
913,1,recording,3609,16,16.0,1,16.66666666666572,0.0,0.0,5,5,0,13,13,912,0
914,1,recording,3610,18,18.0,1,16.66666666666572,0.0,0.0,5,5,0,13,13,913,0
915,1,recording,3611,31,31.0,2,33.33333333333144,0.0,0.0,2,2,0,26,26,914,0
916,1,recording,3612,17,17.0,1,16.66666666666572,0.0,0.0,3,3,0,15,15,915,0
917,1,recording,3613,23,23.0,2,33.33333333333144,0.0,0.0,4,4,0,20,20,916,0
918,1,recording,3614,36,36.0,2,33.33333333333144,0.0,0.0,2,2,0,32,32,917,0
919,1,recording,3615,13,13.0,1,16.66666666666572,0.0,0.0,2,2,0,11,11,918,0
920,1,recording,3616,36,36.0,2,33.33333333333144,0.0,0.0,2,2,0,34,34,919,0
921,1,recording,3617,22,22.0,1,16.66666666666572,0.0,0.0,1,1,0,20,20,920,0
922,1,recording,3618,31,31.0,2,33.33333333333144,0.0,0.0,1.000000000014552,1.000000000014552,0,30,30,921,0
923,1,recording,3619,59,59.0,3,49.99999999999716,0.0,0.0,4,4,0,57.99999999998545,57.99999999998545,922,0
924,1,recording,3620,18,18.0,1,16.66666666666572,0.0,0.0,4,4,1,14,14,923,0
925,1,recording,3621,20,20.0,2,33.33333333333144,0.0,0.0,1,1,0,16,16,924,0
926,1,recording,3622,19,19.0,1,16.66666666666572,0.0,0.0,2,2,0,18,18,925,0
927,1,recording,3623,28,28.0,1,16.66666666666572,0.0,0.0,2,2,0,26,26,926,0
928,1,recording,3624,25,25.0,2,33.33333333333144,0.0,0.0,2,2,0,23,23,927,0
929,1,recording,3625,15,15.0,1,16.66666666666572,0.0,0.0,2,2,0,13,13,928,0
930,1,recording,3626,18,18.0,1,16.66666666666572,0.0,0.0,3,3,0,17,17,929,1
931,1,recording,3627,23,23.0,1,16.66666666666572,0.0,0.0,3,3,0,19,19,930,-1
932,1,recording,3628,17,17.0,1,16.66666666666572,0.0,0.0,1.999999999985448,1.999999999985448,0,14.000000000014552,14.000000000014552,931,1.4551915228366852e-11
933,1,recording,3629,16,16.0,1,16.66666666666572,0.0,0.0,4,4,0,14,14,932,-1.4551915228366852e-11
934,1,recording,3630,15,15.0,1,16.66666666666572,0.0,0.0,1,1,0,11,11,933,0
935,1,recording,3631,17,17.0,1,16.66666666666572,0.0,0.0,3,3,1,16,16,934,0
936,1,recording,3632,25,25.0,2,33.33333333333144,0.0,0.0,9,9,0,22,22,935,0
937,1,recording,3633,20,20.0,1,16.66666666666572,0.0,0.0,6,6,0,11,11,936,0
938,1,recording,3634,16,16.0,1,16.66666666666572,0.0,0.0,3,3,0,10,10,937,0
939,1,recording,3635,13,13.0,1,16.66666666666572,0.0,0.0,3.0,3,0,10.000000000014552,10.000000000014552,938,1.4551915228366852e-11
940,1,recording,3636,18,18.0,1,16.66666666666572,0.0,0.0,1.999999999985448,1.999999999985448,0,15.0,15.0,939,0.0
941,1,recording,3637,16,16.0,1,16.66666666666572,0.0,0.0,5,5,0,15,15,940,0.9999999999854481
942,1,recording,3638,24,24.0,1,16.66666666666572,0.0,0.0,3,3,1,18,18,941,-1
943,1,recording,3639,22,22.0,1,16.66666666666572,0.0,0.0,5,5,0,19,19,942,0
944,1,recording,3640,21,21.0,2,33.33333333333144,0.0,0.0,9.000000000014552,9.000000000014552,0,16,16,943,0
945,1,recording,3641,24,24.0,1,16.66666666666572,0.0,0.0,3.0,3,0,15.0,15.0,944,1.4551915228366852e-11
946,1,recording,3642,21,21.0,1,16.66666666666572,0.0,0.0,3,3,0,17.999999999985448,17.999999999985448,945,-1.4551915228366852e-11
947,1,recording,3643,17,17.0,1,16.66666666666572,0.0,0.0,2,2,0,14,14,946,0
948,1,recording,3644,18,18.0,2,33.33333333333144,0.0,0.0,1,1,0,17,17,947,1
949,1,recording,3645,11,11.0,0,0.0,0.0,0.0,2,2,0,9,9,948,-1
950,1,recording,3646,11,11.0,1,16.66666666666572,0.0,0.0,2,2,0,9,9,949,0
951,1,recording,3647,20,20.0,1,16.66666666666572,0.0,0.0,3,3,0,18,18,950,0
952,1,recording,3648,14,14.0,1,16.66666666666572,0.0,0.0,4.000000000014552,4.000000000014552,0,11,11,951,0
953,1,recording,3649,16,16.0,1,16.66666666666572,0.0,0.0,3.0,3,0,12.0,12.0,952,1.4551915228366852e-11
954,1,recording,3650,25,25.0,1,16.66666666666572,0.0,0.0,2,2,0,21.999999999985448,21.999999999985448,953,-1.4551915228366852e-11
955,1,recording,3651,20,20.0,2,33.33333333333144,0.0,0.0,3,3,0,18,18,954,0
956,1,recording,3652,19,19.0,1,16.66666666666572,0.0,0.0,4,4,0,16,16,955,0
957,1,recording,3653,21,21.0,1,16.66666666666572,0.0,0.0,2,2,0,17,17,956,0
958,1,recording,3654,22,22.0,1,16.66666666666572,0.0,0.0,3.999999999985448,3.999999999985448,0,20.000000000014552,20.000000000014552,957,1.4551915228366852e-11
959,1,recording,3655,22,22.0,2,33.33333333333144,0.0,0.0,5.000000000014552,5.000000000014552,0,18,18,958,-1.4551915228366852e-11
960,1,recording,3656,22,22.0,1,16.66666666666572,0.0,0.0,3,3,0,16.999999999985448,16.999999999985448,959,0
961,1,recording,3657,26,26.0,1,16.66666666666572,0.0,0.0,2,2,0,23,23,960,0
962,1,recording,3658,34,34.0,3,49.99999999999716,0.0,0.0,2,2,0,32,32,961,0
963,1,recording,3659,20,20.0,1,16.66666666666572,0.0,0.0,1.000000000014552,1.000000000014552,0,18,18,962,0
964,1,recording,3660,15,15.0,1,16.66666666666572,0.0,0.0,4.000000000014552,4.000000000014552,0,13.999999999985448,13.999999999985448,963,0
965,1,recording,3661,31,31.0,1,16.66666666666572,0.0,0.0,2,2,0,26.999999999985448,26.999999999985448,964,0
966,1,recording,3662,28,28.0,2,33.33333333333144,0.0,0.0,3,3,0,26,26,965,0
967,1,recording,3663,33,33.0,2,33.33333333333144,0.0,0.0,5,5,0,30,30,966,0
968,1,recording,3664,30,30.0,2,33.33333333333144,0.0,0.0,2,2,0,25,25,967,0
969,1,recording,3665,18,18.0,1,16.66666666666572,0.0,0.0,1.000000000014552,1.000000000014552,0,16,16,968,0
970,1,recording,3666,34,34.0,2,33.33333333333144,0.0,0.0,5,5,0,32.99999999998545,32.99999999998545,969,0
971,1,recording,3667,58,58.0,4,66.66666666666288,0.0,0.6666666666705068,7.999999999985448,7.999999999985448,0.9999999999854481,54.00000000001455,54.00000000001455,970,1.000000000014552
972,1,recording,3668,36,36.0,2,33.33333333333144,0.0,0.0,5,5,0,27,27,971,-1.000000000014552
973,1,recording,3669,35,35.0,2,33.33333333333144,0.0,0.0,8,8,0,30,30,972,0
974,1,recording,3670,33,33.0,2,33.33333333333144,0.0,0.0,3,3,0,25,25,973,0
975,1,recording,3671,23,23.0,1,16.66666666666572,0.0,0.0,2.000000000014552,2.000000000014552,0,20,20,974,0
976,1,recording,3672,15,15.0,1,16.66666666666572,0.0,0.0,2.000000000014552,2.000000000014552,0,12.999999999985448,12.999999999985448,975,0
977,1,recording,3673,17,17.0,1,16.66666666666572,0.0,0.0,1.999999999985448,1.999999999985448,0,15.0,15.0,976,1.4551915228366852e-11
978,1,recording,3674,18,18.0,1,16.66666666666572,0.0,0.0,4,4,0,16,16,977,-1.4551915228366852e-11
979,1,recording,3675,19,19.0,1,16.66666666666572,0.0,0.0,2,2,0,15,15,978,0
980,1,recording,3676,18,18.0,1,16.66666666666572,0.0,0.0,2,2,0,16,16,979,0
981,1,recording,3677,18,18.0,1,16.66666666666572,0.0,0.0,3,3,0,16,16,980,0
982,1,recording,3678,20,20.0,2,33.33333333333144,0.0,0.0,3,3,0,17,17,981,0
983,1,recording,3679,25,25.0,1,16.66666666666572,0.0,0.0,3.999999999985448,3.999999999985448,0.9999999999854481,23.000000000014552,23.000000000014552,982,1.000000000014552
984,1,recording,3680,37,37.0,2,33.33333333333144,0.0,0.0,2,2,0,32,32,983,-1.000000000014552
985,1,recording,3681,16,16.0,1,16.66666666666572,0.0,0.0,3,3,0,14,14,984,0
986,1,recording,3682,22,22.0,2,33.33333333333144,0.0,0.0,3,3,0,19,19,985,0
987,1,recording,3683,19,19.0,1,16.66666666666572,0.0,0.0,1,1,0,16,16,986,0
988,1,recording,3684,20,20.0,1,16.66666666666572,0.0,0.0,1.999999999985448,1.999999999985448,0,19.000000000014552,19.000000000014552,987,1.4551915228366852e-11
989,1,recording,3685,29,29.0,2,33.33333333333144,0.0,0.0,2,2,0,27,27,988,-1.4551915228366852e-11
990,1,recording,3686,13,13.0,0,0.0,0.0,0.0,2,2,0,11,11,989,0
991,1,recording,3687,24,24.0,2,33.33333333333144,0.0,0.0,2,2,0,23,23,990,1
992,1,recording,3688,17,17.0,1,16.66666666666572,0.0,0.0,2,2,0,14,14,991,-1
993,1,recording,3689,25,25.0,1,16.66666666666572,0.0,0.0,2.000000000014552,2.000000000014552,0,23,23,992,0
994,1,recording,3690,24,24.0,2,33.33333333333144,0.0,0.0,2.000000000014552,2.000000000014552,0,21.999999999985448,21.999999999985448,993,0
995,1,recording,3691,18,18.0,1,16.66666666666572,0.0,0.0,2,2,0,15.999999999985448,15.999999999985448,994,0
996,1,recording,3692,34,34.0,2,33.33333333333144,0.0,0.0,3,3,0,32,32,995,0
997,1,recording,3693,30,30.0,2,33.33333333333144,0.0,0.0,3,3,0,27,27,996,0
998,1,recording,3694,17,17.0,1,16.66666666666572,0.0,0.0,4.000000000014552,4.000000000014552,0,14,14,997,0
999,1,recording,3695,16,16.0,1,16.66666666666572,0.0,0.0,1.999999999985448,1.999999999985448,0,12.0,12.0,998,1.4551915228366852e-11
1000,1,recording,3696,12,12.0,1,16.66666666666572,0.0,0.0,2.000000000014552,2.000000000014552,0,11,11,999,0.9999999999854481
1001,1,recording,3697,33,33.0,1,16.66666666666572,0.0,0.0,7,7,0,29.999999999985448,29.999999999985448,1000,-1
1002,1,recording,3698,18,18.0,2,33.33333333333144,0.0,0.0,8,8,0,11,11,1001,0
1003,1,recording,3699,32,32.0,1,16.66666666666572,0.0,0.0,9,9,0,24,24,1002,0
1004,1,recording,3700,28,28.0,2,33.33333333333144,0.0,0.0,5.000000000014552,5.000000000014552,0,19,19,1003,0
1005,1,recording,3701,18,18.0,1,16.66666666666572,0.0,0.0,2.000000000014552,2.000000000014552,1.000000000014552,12.999999999985448,12.999999999985448,1004,0
1006,1,recording,3702,16,16.0,1,16.66666666666572,0.0,0.0,4,4,0,13.999999999985448,13.999999999985448,1005,0
1007,1,recording,3703,15,15.0,1,16.66666666666572,0.0,0.0,7,7,0,11,11,1006,0
1008,1,recording,3704,18,18.0,1,16.66666666666572,0.0,0.0,2,2,0,11,11,1007,0
1009,1,recording,3705,17,17.0,1,16.66666666666572,0.0,0.0,2,2,0,15,15,1008,0
1010,1,recording,3706,14,14.0,1,16.66666666666572,0.0,0.0,3,3,0,12,12,1009,0
1011,1,recording,3707,27,27.0,2,33.33333333333144,0.0,0.0,2.000000000014552,2.000000000014552,0,24,24,1010,0
1012,1,recording,3708,13,13.0,0,0.0,0.0,0.0,4.000000000014552,4.000000000014552,0,10.999999999985448,10.999999999985448,1011,0
1013,1,recording,3709,23,23.0,2,33.33333333333144,0.0,0.0,2,2,0,18.999999999985448,18.999999999985448,1012,0
1014,1,recording,3710,12,12.0,1,16.66666666666572,0.0,0.0,3,3,0,10,10,1013,0
1015,1,recording,3711,19,19.0,1,16.66666666666572,0.0,0.0,1,1,0,16,16,1014,0
1016,1,recording,3712,16,16.0,1,16.66666666666572,0.0,0.0,3,3,0,15,15,1015,0
1017,1,recording,3713,16,16.0,1,16.66666666666572,0.0,0.0,1,1,0,13,13,1016,0
1018,1,recording,3714,23,23.0,1,16.66666666666572,0.0,0.0,2.000000000014552,2.000000000014552,0,22,22,1017,0
1019,1,recording,3715,53,53.0,3,49.99999999999716,0.0,0.0,5,5,0,50.99999999998545,50.99999999998545,1018,0
1020,1,recording,3716,23,23.0,2,33.33333333333144,0.0,0.0,2,2,0,18,18,1019,0
1021,1,recording,3717,15,15.0,0,0.0,0.0,0.0,2,2,0,13,13,1020,0
1022,1,recording,3718,36,36.0,3,49.99999999999716,0.0,0.0,1,1,0,35,35,1021,1
1023,1,recording,3719,64,64.0,3,49.99999999999716,0.0,0.0,3,3,0,62,62,1022,-1
1024,1,recording,3720,35,35.0,3,49.99999999999716,0.0,0.0,3,3,0,33,33,1023,1
1025,1,recording,3721,28,28.0,1,16.66666666666572,0.0,0.0,3,3,0,24,24,1024,-1
1026,1,recording,3722,27,27.0,2,33.33333333333144,0.0,0.0,4,4,0,24,24,1025,0
1027,1,recording,3723,21,21.0,1,16.66666666666572,0.0,0.0,3,3,0,17,17,1026,0
1028,1,recording,3724,21,21.0,1,16.66666666666572,0.0,0.0,2,2,0,18,18,1027,0
1029,1,recording,3725,20,20.0,2,33.33333333333144,0.0,0.0,2,2,0,18,18,1028,0
1030,1,recording,3726,23,23.0,1,16.66666666666572,0.0,0.0,4,4,0,21,21,1029,0
1031,1,recording,3727,17,17.0,1,16.66666666666572,0.0,0.0,3.0,3,0,13.000000000014552,13.000000000014552,1030,1.4551915228366852e-11
1032,1,recording,3728,15,15.0,1,16.66666666666572,0.0,0.0,4.999999999985448,4.999999999985448,0,12.0,12.0,1031,0.0
1033,1,recording,3729,17,17.0,1,16.66666666666572,0.0,0.0,4,4,0,12,12,1032,-1.4551915228366852e-11
1034,1,recording,3730,24,24.0,1,16.66666666666572,0.0,0.0,3,3,0,20,20,1033,0
1035,1,recording,3731,23,23.0,2,33.33333333333144,0.0,0.0,4,4,0,21,21,1034,1
1036,1,recording,3732,19,19.0,1,16.66666666666572,0.0,0.0,7,7,0,14,14,1035,-1
1037,1,recording,3733,27,27.0,1,16.66666666666572,0.0,0.0,3.0,3,0,20.000000000014552,20.000000000014552,1036,1.4551915228366852e-11
1038,1,recording,3734,24,24.0,2,33.33333333333144,0.0,0.0,7,7,0,20.999999999985448,20.999999999985448,1037,-1.4551915228366852e-11
1039,1,recording,3735,33,33.0,2,33.33333333333144,0.0,0.0,2,2,0,26,26,1038,0
1040,1,recording,3736,22,22.0,1,16.66666666666572,0.0,0.0,2,2,0,20,20,1039,0
1041,1,recording,3737,14,14.0,1,16.66666666666572,0.0,0.0,3,3,0,12,12,1040,0
1042,1,recording,3738,29,29.0,2,33.33333333333144,0.0,0.0,6.999999999985448,6.999999999985448,0,26.000000000014552,26.000000000014552,1041,1.4551915228366852e-11
1043,1,recording,3739,21,21.0,1,16.66666666666572,0.0,0.0,1.999999999985448,1.999999999985448,0.9999999999854481,14.000000000014552,14.000000000014552,1042,0.0
1044,1,recording,3740,19,19.0,1,16.66666666666572,0.0,0.0,2,2,0,17,17,1043,-1.4551915228366852e-11
1045,1,recording,3741,19,19.0,1,16.66666666666572,0.0,0.0,2,2,0,17,17,1044,0
1046,1,recording,3742,26,26.0,2,33.33333333333144,0.0,0.0,1,1,0,24,24,1045,0
1047,1,recording,3743,33,33.0,2,33.33333333333144,0.0,0.0,5,5,0,32,32,1046,0
1048,1,recording,3744,20,20.0,1,16.66666666666572,0.0,0.0,2.000000000014552,2.000000000014552,0,15,15,1047,0
1049,1,recording,3745,23,23.0,1,16.66666666666572,0.0,0.0,3,3,0,20.999999999985448,20.999999999985448,1048,0
1050,1,recording,3746,18,18.0,2,33.33333333333144,0.0,0.0,2,2,0,15,15,1049,0
1051,1,recording,3747,14,14.0,0,0.0,0.0,0.0,2,2,1,12,12,1050,0
1052,1,recording,3748,17,17.0,1,16.66666666666572,0.0,0.0,2,2,0,15,15,1051,0
1053,1,recording,3749,17,17.0,1,16.66666666666572,0.0,0.0,4,4,0,15,15,1052,0
1054,1,recording,3750,18,18.0,1,16.66666666666572,0.0,0.0,2.000000000014552,2.000000000014552,0,14,14,1053,0
1055,1,recording,3751,19,19.0,2,33.33333333333144,0.0,0.0,1.000000000014552,1.000000000014552,0,16.999999999985448,16.999999999985448,1054,0
1056,1,recording,3752,21,21.0,1,16.66666666666572,0.0,0.0,2,2,0,19.999999999985448,19.999999999985448,1055,0
1057,1,recording,3753,15,15.0,1,16.66666666666572,0.0,0.0,3,3,0,13,13,1056,0
1058,1,recording,3754,23,23.0,1,16.66666666666572,0.0,0.0,3,3,0,20,20,1057,0
1059,1,recording,3755,24,24.0,2,33.33333333333144,0.0,0.0,5,5,0,21,21,1058,0
1060,1,recording,3756,14,14.0,0,0.0,0.0,0.0,2.000000000014552,2.000000000014552,0,9,9,1059,0
1061,1,recording,3757,87,87.0,4,66.66666666666288,0.0,36.000000000003865,3,3,0,84.99999999998545,84.99999999998545,1060,0
1062,1,recording,3758,46,46.0,2,33.33333333333144,0.0,0.0,4.999999999985448,4.999999999985448,0,43.00000000001455,43.00000000001455,1061,1.4551915228366852e-11
1063,1,recording,3759,22,22.0,2,33.33333333333144,0.0,0.0,4,4,0,17,17,1062,-1.4551915228366852e-11
1064,1,recording,3760,20,20.0,1,16.66666666666572,0.0,0.0,4,4,0,16,16,1063,0
1065,1,recording,3761,53,53.0,3,49.99999999999716,0.0,0.0,8,8,0,49,49,1064,0
1066,1,recording,3762,26,26.0,2,33.33333333333144,0.0,0.0,3,3,0,18,18,1065,0
1067,1,recording,3763,18,18.0,1,16.66666666666572,0.0,0.0,5,5,0,15,15,1066,0
1068,1,recording,3764,31,31.0,1,16.66666666666572,0.0,0.0,6,6,0,26,26,1067,0
1069,1,recording,3765,22,22.0,2,33.33333333333144,0.0,0.0,6,6,0,16,16,1068,0
1070,1,recording,3766,21,21.0,1,16.66666666666572,0.0,0.0,3,3,0,15,15,1069,0
1071,1,recording,3767,23,23.0,1,16.66666666666572,0.0,0.0,2,2,0,20,20,1070,0
1072,1,recording,3768,35,35.0,3,49.99999999999716,0.0,0.0,3.0,3,0,33.00000000001455,33.00000000001455,1071,1.4551915228366852e-11
1073,1,recording,3769,16,16.0,0,0.0,0.0,0.0,2,2,0,12.999999999985448,12.999999999985448,1072,-1.4551915228366852e-11
1074,1,recording,3770,17,17.0,2,33.33333333333144,0.0,0.0,3,3,0,15,15,1073,0
1075,1,recording,3771,17,17.0,1,16.66666666666572,0.0,0.0,3,3,0,14,14,1074,0
1076,1,recording,3772,20,20.0,1,16.66666666666572,0.0,0.0,2,2,0,18,18,1075,1
1077,1,recording,3773,12,12.0,0,0.0,0.0,0.0,2,2,0,9,9,1076,-1
1078,1,recording,3774,14,14.0,1,16.66666666666572,0.0,0.0,1,1,0,12,12,1077,0
1079,1,recording,3775,16,16.0,1,16.66666666666572,0.0,0.0,2,2,0,15,15,1078,0
1080,1,recording,3776,19,19.0,1,16.66666666666572,0.0,0.0,1.999999999985448,1.999999999985448,0,17.000000000014552,17.000000000014552,1079,1.4551915228366852e-11
1081,1,recording,3777,19,19.0,2,33.33333333333144,0.0,0.0,3,3,0,17,17,1080,-1.4551915228366852e-11
1082,1,recording,3778,13,13.0,0,0.0,0.0,0.0,2,2,0,10,10,1081,0
1083,1,recording,3779,20,20.0,2,33.33333333333144,0.0,0.0,2,2,1,18,18,1082,0
1084,1,recording,3780,18,18.0,1,16.66666666666572,0.0,0.0,2,2,0,16,16,1083,0
1085,1,recording,3781,22,22.0,1,16.66666666666572,0.0,0.0,1.999999999985448,1.999999999985448,0,20.000000000014552,20.000000000014552,1084,1.4551915228366852e-11
1086,1,recording,3782,17,17.0,1,16.66666666666572,0.0,0.0,3,3,0,15,15,1085,-1.4551915228366852e-11
1087,1,recording,3783,19,19.0,1,16.66666666666572,0.0,0.0,2.999999999985448,2.999999999985448,0,16.000000000014552,16.000000000014552,1086,1.4551915228366852e-11
1088,1,recording,3784,20,20.0,1,16.66666666666572,0.0,0.0,2,2,0,17,17,1087,-1.4551915228366852e-11
1089,1,recording,3785,16,16.0,1,16.66666666666572,0.0,0.0,1,1,0,14,14,1088,0
1090,1,recording,3786,16,16.0,1,16.66666666666572,0.0,0.0,4,4,0,15,15,1089,0
1091,1,recording,3787,18,18.0,1,16.66666666666572,0.0,0.0,5,5,1,14,14,1090,0
1092,1,recording,3788,25,25.0,2,33.33333333333144,0.0,0.0,0.9999999999854481,0.9999999999854481,0,20.000000000014552,20.000000000014552,1091,1.4551915228366852e-11
1093,1,recording,3789,19,19.0,1,16.66666666666572,0.0,0.0,4,4,1,18,18,1092,-1.4551915228366852e-11
1094,1,recording,3790,19,19.0,1,16.66666666666572,0.0,0.0,2,2,0,15,15,1093,0
1095,1,recording,3791,17,17.0,1,16.66666666666572,0.0,0.0,3,3,0,15,15,1094,0
1096,1,recording,3792,18,18.0,1,16.66666666666572,0.0,0.0,6,6,2,15,15,1095,0
1097,1,recording,3793,17,17.0,1,16.66666666666572,0.0,0.0,3,3,0,11,11,1096,0
1098,1,recording,3794,16,16.0,1,16.66666666666572,0.0,0.0,2,2,0,13,13,1097,0
1099,1,recording,3795,15,15.0,1,16.66666666666572,0.0,0.0,6,6,0,13,13,1098,0
1100,1,recording,3796,23,23.0,1,16.66666666666572,0.0,0.0,3,3,0,17,17,1099,0
1101,1,recording,3797,14,14.0,1,16.66666666666572,0.0,0.0,4,4,0,11,11,1100,0
1102,1,recording,3798,20,20.0,1,16.66666666666572,0.0,0.0,4,4,0,16,16,1101,0
1103,1,recording,3799,14,14.0,1,16.66666666666572,0.0,0.0,3,3,0,10,10,1102,0
1104,1,recording,3800,16,16.0,1,16.66666666666572,0.0,0.0,5,5,0,13,13,1103,0
1105,1,recording,3801,19,19.0,1,16.66666666666572,0.0,0.0,4,4,0,14,14,1104,0
1106,1,recording,3802,16,16.0,1,16.66666666666572,0.0,0.0,4.000000000014552,4.000000000014552,0,12,12,1105,0
1107,1,recording,3803,16,16.0,1,16.66666666666572,0.0,0.0,1.999999999985448,1.999999999985448,0,12.0,12.0,1106,1.4551915228366852e-11
1108,1,recording,3804,18,18.0,1,16.66666666666572,0.0,0.0,1.999999999985448,1.999999999985448,0,16.000000000014552,16.000000000014552,1107,0.0
1109,1,recording,3805,15,15.0,1,16.66666666666572,0.0,0.0,2,2,0,13,13,1108,-1.4551915228366852e-11
1110,1,recording,3806,18,18.0,1,16.66666666666572,0.0,0.0,1,1,0,16,16,1109,0
1111,1,recording,3807,42,42.0,3,49.99999999999716,0.0,0.0,3,2,1,41,42,1110,0
1112,1,recording,3808,32,32.0,2,33.33333333333144,0.0,0.0,1.999999999985448,1.999999999985448,0,29.000000000014552,29.000000000014552,1111,1.4551915228366852e-11
1113,1,recording,3809,15,15.0,1,16.66666666666572,0.0,0.0,3.999999999985448,3.999999999985448,0,13.000000000014552,13.000000000014552,1112,0.0
1114,1,recording,3810,26,26.0,1,16.66666666666572,0.0,0.0,2,2,0,22,22,1113,-1.4551915228366852e-11
1115,1,recording,3811,16,16.0,1,16.66666666666572,0.0,0.0,2,2,1,14,14,1114,0
1116,1,recording,3812,19,19.0,1,16.66666666666572,0.0,0.0,1,1,0,17,17,1115,0
1117,1,recording,3813,15,15.0,1,16.66666666666572,0.0,0.0,4,4,0,14,14,1116,0
1118,1,recording,3814,16,16.0,1,16.66666666666572,0.0,0.0,1.999999999985448,1.999999999985448,0,12.000000000014552,12.000000000014552,1117,1.4551915228366852e-11
1119,1,recording,3815,17,17.0,1,16.66666666666572,0.0,0.0,2,2,0,15,15,1118,-1.4551915228366852e-11
1120,1,recording,3816,20,20.0,1,16.66666666666572,0.0,0.0,6,6,0,18,18,1119,0
1121,1,recording,3817,21,21.0,2,33.33333333333144,0.0,0.0,4,4,0,15,15,1120,0
1122,1,recording,3818,17,17.0,1,16.66666666666572,0.0,0.0,3,3,0,13,13,1121,0
1123,1,recording,3819,19,19.0,1,16.66666666666572,0.0,0.0,1,1,0,17,17,1122,1
1124,1,recording,3820,13,13.0,1,16.66666666666572,0.0,0.0,4,4,0,11,11,1123,-1
1125,1,recording,3821,26,26.0,1,16.66666666666572,0.0,0.0,2,2,0,22,22,1124,0
1126,1,recording,3822,17,17.0,1,16.66666666666572,0.0,0.0,2.000000000014552,2.000000000014552,0,15,15,1125,0
1127,1,recording,3823,12,12.0,1,16.66666666666572,0.0,0.0,2.000000000014552,2.000000000014552,0,9.999999999985448,9.999999999985448,1126,0
1128,1,recording,3824,18,18.0,1,16.66666666666572,0.0,0.0,2,2,0,15.999999999985448,15.999999999985448,1127,0
1129,1,recording,3825,22,22.0,1,16.66666666666572,0.0,0.0,4,4,0,20,20,1128,0
1130,1,recording,3826,25,25.0,2,33.33333333333144,0.0,0.0,1,1,0,21,21,1129,0
1131,1,recording,3827,16,16.0,1,16.66666666666572,0.0,0.0,2,2,0,16,16,1130,1
1132,1,recording,3828,17,17.0,1,16.66666666666572,0.0,0.0,5.000000000014552,5.000000000014552,0,14,14,1131,-1
1133,1,recording,3829,18,18.0,1,16.66666666666572,0.0,0.0,2.000000000014552,2.000000000014552,0,12.999999999985448,12.999999999985448,1132,0
1134,1,recording,3830,19,19.0,1,16.66666666666572,0.0,0.0,2,2,0,16.999999999985448,16.999999999985448,1133,0
1135,1,recording,3831,26,26.0,2,33.33333333333144,0.0,0.0,4,4,0,24,24,1134,0
1136,1,recording,3832,21,21.0,1,16.66666666666572,0.0,0.0,3,3,0,17,17,1135,0
1137,1,recording,3833,12,12.0,1,16.66666666666572,0.0,0.0,4,4,0,9,9,1136,0
1138,1,recording,3834,18,18.0,1,16.66666666666572,0.0,0.0,3,3,0,14,14,1137,0
1139,1,recording,3835,16,16.0,1,16.66666666666572,0.0,0.0,4.999999999985448,4.999999999985448,0,13.000000000014552,13.000000000014552,1138,1.4551915228366852e-11
1140,1,recording,3836,26,26.0,1,16.66666666666572,0.0,0.0,5,5,0,21,21,1139,-1.4551915228366852e-11
1141,1,recording,3837,21,21.0,1,16.66666666666572,0.0,0.0,3,3,0,16,16,1140,0
1142,1,recording,3838,15,15.0,1,16.66666666666572,0.0,0.0,3,3,0,12,12,1141,0
1143,1,recording,3839,21,21.0,2,33.33333333333144,0.0,0.0,6,6,0,18,18,1142,0
1144,1,recording,3840,22,22.0,1,16.66666666666572,0.0,0.0,2,2,1,16,16,1143,0
1145,1,recording,3841,19,19.0,1,16.66666666666572,0.0,0.0,1.000000000014552,1.000000000014552,0,17,17,1144,0
1146,1,recording,3842,18,18.0,1,16.66666666666572,0.0,0.0,2,2,0,16.999999999985448,16.999999999985448,1145,0
1147,1,recording,3843,18,18.0,1,16.66666666666572,0.0,0.0,2,2,0,16,16,1146,0
1148,1,recording,3844,14,14.0,1,16.66666666666572,0.0,0.0,2,2,0,12,12,1147,0
1149,1,recording,3845,24,24.0,2,33.33333333333144,0.0,0.0,2,2,0,22,22,1148,0
1150,1,recording,3846,19,19.0,1,16.66666666666572,0.0,0.0,3,3,0,17,17,1149,0
1151,1,recording,3847,18,18.0,1,16.66666666666572,0.0,0.0,3.999999999985448,3.999999999985448,0,15.000000000014552,15.000000000014552,1150,1.4551915228366852e-11
1152,1,recording,3848,17,17.0,1,16.66666666666572,0.0,0.0,2,2,0,13,13,1151,-1.4551915228366852e-11
1153,1,recording,3849,16,16.0,1,16.66666666666572,0.0,0.0,1.999999999985448,1,0.9999999999854481,14.000000000014552,15,1152,1.4551915228366852e-11
1154,1,recording,3850,15,15.0,1,16.66666666666572,0.0,0.0,4,3,1,13,14,1153,-1.4551915228366852e-11
1155,1,recording,3851,13,13.0,0,0.0,0.0,0.0,1,1,0,9,9,1154,0
1156,1,recording,3852,14,14.0,1,16.66666666666572,0.0,0.0,1,1,0,13,13,1155,0
1157,1,recording,3853,16,16.0,1,16.66666666666572,0.0,0.0,2,2,1,15,15,1156,0
1158,1,recording,3854,17,17.0,1,16.66666666666572,0.0,0.0,2,2,0,15,15,1157,0
1159,1,recording,3855,18,18.0,1,16.66666666666572,0.0,0.0,2.000000000014552,2.000000000014552,0,16,16,1158,0
1160,1,recording,3856,17,17.0,1,16.66666666666572,0.0,0.0,0.9999999999854481,0.9999999999854481,0,15.0,15.0,1159,1.4551915228366852e-11
1161,1,recording,3857,16,16.0,1,16.66666666666572,0.0,0.0,2.000000000014552,2.000000000014552,0,15,15,1160,-1.4551915228366852e-11
1162,1,recording,3858,20,20.0,1,16.66666666666572,0.0,0.0,4,4,0,17.999999999985448,17.999999999985448,1161,0
1163,1,recording,3859,19,19.0,2,33.33333333333144,0.0,0.0,1,1,0,15,15,1162,0
1164,1,recording,3860,15,15.0,1,16.66666666666572,0.0,0.0,2,2,0,15,15,1163,1
1165,1,recording,3861,14,14.0,0,0.0,0.0,0.0,2,2,0,11,11,1164,-1
1166,1,recording,3862,15,15.0,1,16.66666666666572,0.0,0.0,3,3,0,13,13,1165,0
1167,1,recording,3863,86,86.0,4,66.66666666666288,0.0,31.66666666667048,10,10,0,83,83,1166,0
1168,1,recording,3864,20,20.0,1,16.66666666666572,0.0,0.0,1,1,0,10,10,1167,0
1169,1,recording,3865,15,15.0,1,16.66666666666572,0.0,0.0,3,3,0,14,14,1168,0
1170,1,recording,3866,21,21.0,1,16.66666666666572,0.0,0.0,3.0,3,0,18.000000000014552,18.000000000014552,1169,1.4551915228366852e-11
1171,1,recording,3867,26,26.0,1,16.66666666666572,0.0,0.0,2,2,0,22.999999999985448,22.999999999985448,1170,-1.4551915228366852e-11
1172,1,recording,3868,12,12.0,1,16.66666666666572,0.0,0.0,2,2,0,10,10,1171,0
1173,1,recording,3869,16,16.0,1,16.66666666666572,0.0,0.0,2,2,0,14,14,1172,0
1174,1,recording,3870,24,24.0,2,33.33333333333144,0.0,0.0,3,3,0,22,22,1173,0
1175,1,recording,3871,23,23.0,1,16.66666666666572,0.0,0.0,4,4,1,20,20,1174,0
1176,1,recording,3872,22,22.0,1,16.66666666666572,0.0,0.0,4,4,0,18,18,1175,0
1177,1,recording,3873,23,23.0,2,33.33333333333144,0.0,0.0,4,4,0,20,20,1176,1
1178,1,recording,3874,43,43.0,2,33.33333333333144,0.0,0.0,7,7,0,38,38,1177,-1
1179,1,recording,3875,27,27.0,2,33.33333333333144,0.0,0.0,2,2,0,20,20,1178,0
1180,1,recording,3876,11,11.0,0,0.0,0.0,0.0,1,1,0,9,9,1179,0
1181,1,recording,3877,17,17.0,2,33.33333333333144,0.0,0.0,3.999999999985448,3.999999999985448,1,16.000000000014552,16.000000000014552,1180,1.4551915228366852e-11
1182,1,recording,3878,16,16.0,0,0.0,0.0,0.0,2.000000000014552,2.000000000014552,0,12,12,1181,-1.4551915228366852e-11
1183,1,recording,3879,15,15.0,1,16.66666666666572,0.0,0.0,5.000000000014552,5.000000000014552,1,12.999999999985448,12.999999999985448,1182,0
1184,1,recording,3880,23,23.0,2,33.33333333333144,0.0,0.0,3,3,0,17.999999999985448,17.999999999985448,1183,0
1185,1,recording,3881,16,16.0,1,16.66666666666572,0.0,0.0,4,4,0,13,13,1184,0
1186,1,recording,3882,20,20.0,1,16.66666666666572,0.0,0.0,3,3,0,16,16,1185,0
1187,1,recording,3883,22,22.0,1,16.66666666666572,0.0,0.0,2,2,0,20,20,1186,1
1188,1,recording,3884,22,22.0,2,33.33333333333144,0.0,0.0,3.0,3,0,19.000000000014552,19.000000000014552,1187,-0.9999999999854481
1189,1,recording,3885,26,26.0,1,16.66666666666572,0.0,0.0,4,4,0,22.999999999985448,22.999999999985448,1188,-1.4551915228366852e-11
1190,1,recording,3886,19,19.0,1,16.66666666666572,0.0,0.0,1,1,0,15,15,1189,0
1191,1,recording,3887,18,18.0,1,16.66666666666572,0.0,0.0,2,2,0,17,17,1190,0
1192,1,recording,3888,14,14.0,1,16.66666666666572,0.0,0.0,1,1,0,12,12,1191,0
1193,1,recording,3889,16,16.0,1,16.66666666666572,0.0,0.0,2,2,0,15,15,1192,0
1194,1,recording,3890,16,16.0,1,16.66666666666572,0.0,0.0,4.000000000014552,4.000000000014552,0,14,14,1193,0
1195,1,recording,3891,29,29.0,2,33.33333333333144,0.0,0.0,3,3,0,24.999999999985448,24.999999999985448,1194,0
1196,1,recording,3892,15,15.0,1,16.66666666666572,0.0,0.0,3,3,0,12,12,1195,0
1197,1,recording,3893,17,17.0,1,16.66666666666572,0.0,0.0,4,4,0,14,14,1196,0
1198,1,recording,3894,20,20.0,1,16.66666666666572,0.0,0.0,4,4,1,16,16,1197,0
1199,1,recording,3895,22,22.0,1,16.66666666666572,0.0,0.0,1,1,0,19,19,1198,1
1200,1,recording,3896,19,19.0,1,16.66666666666572,0.0,0.0,3,3,0,17,17,1199,-1
1201,1,recording,3897,18,18.0,1,16.66666666666572,0.0,0.0,4.000000000014552,4.000000000014552,0,15,15,1200,0
1202,1,recording,3898,18,18.0,2,33.33333333333144,0.0,0.0,2,2,0,13.999999999985448,13.999999999985448,1201,0
1203,1,recording,3899,18,18.0,1,16.66666666666572,0.0,0.0,3,3,0,16,16,1202,0
1204,1,recording,3900,14,14.0,0,0.0,0.0,0.0,1,1,0,11,11,1203,0
1205,1,recording,3901,28,28.0,2,33.33333333333144,0.0,0.0,2,2,0,27,27,1204,0
1206,1,recording,3902,15,15.0,1,16.66666666666572,0.0,0.0,3,3,0,13,13,1205,0
1207,1,recording,3903,16,16.0,1,16.66666666666572,0.0,0.0,3,3,0,13,13,1206,0
1208,1,recording,3904,14,14.0,1,16.66666666666572,0.0,0.0,3.999999999985448,3.999999999985448,0,11.000000000014552,11.000000000014552,1207,1.4551915228366852e-11
1209,1,recording,3905,19,19.0,1,16.66666666666572,0.0,0.0,3,3,0,15,15,1208,-1.4551915228366852e-11
1210,1,recording,3906,13,13.0,1,16.66666666666572,0.0,0.0,4,4,0,10,10,1209,0
1211,1,recording,3907,25,25.0,1,16.66666666666572,0.0,0.0,4,4,0,21,21,1210,0
1212,1,recording,3908,22,22.0,2,33.33333333333144,0.0,0.0,3,3,0,18,18,1211,0
1213,1,recording,3909,21,21.0,1,16.66666666666572,0.0,0.0,7,7,0,19,19,1212,1
1214,1,recording,3910,23,23.0,1,16.66666666666572,0.0,0.0,4,4,0,15,15,1213,-1
1215,1,recording,3911,24,24.0,2,33.33333333333144,0.0,0.0,3,3,0,20,20,1214,0
1216,1,recording,3912,17,17.0,1,16.66666666666572,0.0,0.0,4,4,0,14,14,1215,0
1217,1,recording,3913,30,30.0,2,33.33333333333144,0.0,0.0,4,4,0,26,26,1216,0
1218,1,recording,3914,36,36.0,2,33.33333333333144,0.0,0.0,2,2,0,32,32,1217,0
1219,1,recording,3915,70,70.0,4,66.66666666666288,0.0,6.000000000003808,3,3,0,68,68,1218,0
1220,1,recording,3916,15,15.0,0,0.0,0.0,0.0,3,3,0,12,12,1219,0
1221,1,recording,3917,21,21.0,2,33.33333333333144,0.0,0.0,4,4,0,18,18,1220,0
1222,1,recording,3918,21,21.0,1,16.66666666666572,0.0,0.0,2,2,0,18,18,1221,1
1223,1,recording,3919,23,23.0,1,16.66666666666572,0.0,0.0,4.000000000014552,4.000000000014552,0,20,20,1222,-1
1224,1,recording,3920,17,17.0,1,16.66666666666572,0.0,0.0,4,4,0,12.999999999985448,12.999999999985448,1223,0
1225,1,recording,3921,18,18.0,1,16.66666666666572,0.0,0.0,2,2,0,14,14,1224,0
1226,1,recording,3922,17,17.0,1,16.66666666666572,0.0,0.0,2,2,0,15,15,1225,0
1227,1,recording,3923,13,13.0,1,16.66666666666572,0.0,0.0,2,2,0,11,11,1226,0
1228,1,recording,3924,20,20.0,1,16.66666666666572,0.0,0.0,3,3,0,18,18,1227,0
1229,1,recording,3925,21,21.0,2,33.33333333333144,0.0,0.0,2,2,0,18,18,1228,0
1230,1,recording,3926,24,24.0,1,16.66666666666572,0.0,0.0,1,1,0,22,22,1229,0
1231,1,recording,3927,24,24.0,2,33.33333333333144,0.0,0.0,2,2,0,23,23,1230,0
1232,1,recording,3928,31,31.0,1,16.66666666666572,0.0,0.0,3,3,0,29,29,1231,0
1233,1,recording,3929,31,31.0,2,33.33333333333144,0.0,0.0,3,3,0,28,28,1232,0
1234,1,recording,3930,20,20.0,1,16.66666666666572,0.0,0.0,0.9999999999854481,0.9999999999854481,0,17.000000000014552,17.000000000014552,1233,1.4551915228366852e-11
1235,1,recording,3931,16,16.0,1,16.66666666666572,0.0,0.0,4,4,0,15,15,1234,-1.4551915228366852e-11
1236,1,recording,3932,21,21.0,2,33.33333333333144,0.0,0.0,2.000000000014552,2.000000000014552,0,17,17,1235,0
1237,1,recording,3933,22,22.0,1,16.66666666666572,0.0,0.0,1,1,0,19.999999999985448,19.999999999985448,1236,0
1238,1,recording,3934,18,18.0,1,16.66666666666572,0.0,0.0,3,3,0,17,17,1237,0
1239,1,recording,3935,16,16.0,1,16.66666666666572,0.0,0.0,2,2,0,13,13,1238,0
1240,1,recording,3936,17,17.0,1,16.66666666666572,0.0,0.0,3,3,0,15,15,1239,0
1241,1,recording,3937,18,18.0,1,16.66666666666572,0.0,0.0,3.999999999985448,3.999999999985448,0,15.000000000014552,15.000000000014552,1240,1.4551915228366852e-11
1242,1,recording,3938,15,15.0,1,16.66666666666572,0.0,0.0,3.0,3,0,11.000000000014552,11.000000000014552,1241,0.0
1243,1,recording,3939,15,15.0,1,16.66666666666572,0.0,0.0,1.999999999985448,1.999999999985448,0,12.0,12.0,1242,0.0
1244,1,recording,3940,18,18.0,1,16.66666666666572,0.0,0.0,3,3,0,16,16,1243,-1.4551915228366852e-11
1245,1,recording,3941,19,19.0,1,16.66666666666572,0.0,0.0,4,4,0,16,16,1244,0
1246,1,recording,3942,38,38.0,2,33.33333333333144,0.0,0.0,3,3,0,34,34,1245,0
1247,1,recording,3943,23,23.0,2,33.33333333333144,0.0,0.0,3.0,3,0,20.000000000014552,20.000000000014552,1246,1.4551915228366852e-11
1248,1,recording,3944,18,18.0,1,16.66666666666572,0.0,0.0,3,3,0,15.999999999985448,15.999999999985448,1247,0.9999999999854481
1249,1,recording,3945,29,29.0,2,33.33333333333144,0.0,0.0,5,5,0,25,25,1248,-1
1250,1,recording,3946,21,21.0,1,16.66666666666572,0.0,0.0,2,2,0,16,16,1249,0
1251,1,recording,3947,28,28.0,2,33.33333333333144,0.0,0.0,4,4,0,26,26,1250,0
1252,1,recording,3948,34,34.0,2,33.33333333333144,0.0,0.0,1.999999999985448,1.999999999985448,0,31.000000000014552,31.000000000014552,1251,1.000000000014552
1253,1,recording,3949,28,28.0,1,16.66666666666572,0.0,0.0,4.999999999985448,4.999999999985448,0,25.000000000014552,25.000000000014552,1252,-1.0
1254,1,recording,3950,21,21.0,2,33.33333333333144,0.0,0.0,2,2,0,16,16,1253,-1.4551915228366852e-11
1255,1,recording,3951,26,26.0,1,16.66666666666572,0.0,0.0,2,2,0,24,24,1254,0
1256,1,recording,3952,15,15.0,1,16.66666666666572,0.0,0.0,3,3,0,13,13,1255,0
1257,1,recording,3953,21,21.0,1,16.66666666666572,0.0,0.0,4,4,0,18,18,1256,0
1258,1,recording,3954,22,22.0,2,33.33333333333144,0.0,0.0,3,3,0,18,18,1257,0
1259,1,recording,3955,39,39.0,2,33.33333333333144,0.0,0.0,2,2,0,36,36,1258,0
1260,1,recording,3956,30,30.0,2,33.33333333333144,0.0,0.0,5,5,0,28,28,1259,0
1261,1,recording,3957,50,50.0,3,49.99999999999716,0.0,0.0,3,3,0,46,46,1260,1
1262,1,recording,3958,46,46.0,3,49.99999999999716,0.0,0.0,4,4,0,42,42,1261,-1
1263,1,recording,3959,29,29.0,1,16.66666666666572,0.0,0.0,2,2,0,25,25,1262,0
1264,1,recording,3960,28,28.0,2,33.33333333333144,0.0,0.0,3,3,0,26,26,1263,0
1265,1,recording,3961,31,31.0,2,33.33333333333144,0.0,0.0,4,4,0,28,28,1264,0
1266,1,recording,3962,17,17.0,1,16.66666666666572,0.0,0.0,1.999999999985448,1.999999999985448,0,13.000000000014552,13.000000000014552,1265,1.4551915228366852e-11
1267,1,recording,3963,14,14.0,1,16.66666666666572,0.0,0.0,3,3,0,12,12,1266,-1.4551915228366852e-11
1268,1,recording,3964,24,24.0,1,16.66666666666572,0.0,0.0,5,5,0,21,21,1267,0
1269,1,recording,3965,23,23.0,1,16.66666666666572,0.0,0.0,2,2,0,18,18,1268,0
1270,1,recording,3966,19,19.0,2,33.33333333333144,0.0,0.0,6.000000000014552,6.000000000014552,0,17,17,1269,0
1271,1,recording,3967,35,35.0,2,33.33333333333144,0.0,0.0,2,2,0,28.999999999985448,28.999999999985448,1270,0
1272,1,recording,3968,18,18.0,1,16.66666666666572,0.0,0.0,2,2,0,16,16,1271,0
1273,1,recording,3969,16,16.0,1,16.66666666666572,0.0,0.0,2,2,0,14,14,1272,0
1274,1,recording,3970,18,18.0,1,16.66666666666572,0.0,0.0,2,2,0,16,16,1273,0
1275,1,recording,3971,23,23.0,1,16.66666666666572,0.0,0.0,3,3,0,21,21,1274,0
1276,1,recording,3972,19,19.0,1,16.66666666666572,0.0,0.0,3,3,0,16,16,1275,0
1277,1,recording,3973,17,17.0,1,16.66666666666572,0.0,0.0,3.999999999985448,3.999999999985448,0,14.000000000014552,14.000000000014552,1276,1.4551915228366852e-11
1278,1,recording,3974,21,21.0,2,33.33333333333144,0.0,0.0,1.999999999985448,1.999999999985448,0,17.000000000014552,17.000000000014552,1277,0.0
1279,1,recording,3975,13,13.0,0,0.0,0.0,0.0,3,3,0,11,11,1278,-1.4551915228366852e-11
1280,1,recording,3976,15,15.0,1,16.66666666666572,0.0,0.0,2,2,0,13,13,1279,1
1281,1,recording,3977,15,15.0,1,16.66666666666572,0.0,0.0,3,3,0,12,12,1280,-1
1282,1,recording,3978,23,23.0,2,33.33333333333144,0.0,0.0,2,2,0,20,20,1281,0
1283,1,recording,3979,15,15.0,0,0.0,0.0,0.0,3,3,0,13,13,1282,0
1284,1,recording,3980,21,21.0,2,33.33333333333144,0.0,0.0,3,3,0,18,18,1283,0
1285,1,recording,3981,24,24.0,1,16.66666666666572,0.0,0.0,2.000000000014552,2.000000000014552,0,21,21,1284,0
1286,1,recording,3982,18,18.0,1,16.66666666666572,0.0,0.0,3,3,0,15.999999999985448,15.999999999985448,1285,0
1287,1,recording,3983,25,25.0,2,33.33333333333144,0.0,0.0,4,4,0,22,22,1286,0
1288,1,recording,3984,25,25.0,1,16.66666666666572,0.0,0.0,4,4,0,21,21,1287,0
1289,1,recording,3985,18,18.0,1,16.66666666666572,0.0,0.0,1.000000000014552,1.000000000014552,0,15,15,1288,1
1290,1,recording,3986,17,17.0,1,16.66666666666572,0.0,0.0,3.0,3,0,15.0,15.0,1289,-0.9999999999854481
1291,1,recording,3987,19,19.0,2,33.33333333333144,0.0,0.0,1,1,0,15.999999999985448,15.999999999985448,1290,-1.4551915228366852e-11
1292,1,recording,3988,15,15.0,0,0.0,0.0,0.0,3,3,0,14,14,1291,0
1293,1,recording,3989,33,33.0,2,33.33333333333144,0.0,0.0,2,2,0,30,30,1292,0
1294,1,recording,3990,31,31.0,2,33.33333333333144,0.0,0.0,3,3,0,29,29,1293,0
1295,1,recording,3991,16,16.0,1,16.66666666666572,0.0,0.0,3,3,0,13,13,1294,0
1296,1,recording,3992,16,16.0,1,16.66666666666572,0.0,0.0,5,5,0,13,13,1295,0
1297,1,recording,3993,14,14.0,1,16.66666666666572,0.0,0.0,7,7,0,9,9,1296,0
1298,1,recording,3994,28,28.0,2,33.33333333333144,0.0,0.0,2,2,0,21,21,1297,0
1299,1,recording,3995,38,38.0,2,33.33333333333144,0.0,0.0,4,4,0,36,36,1298,0
1300,1,recording,3996,99,99.0,4,66.66666666666288,0.0,40.00000000000384,6,6,0,95,95,1299,0
1301,1,recording,3997,24,24.0,1,16.66666666666572,0.0,0.0,2,2,0,19,19,1300,1
1302,1,recording,3998,27,27.0,2,33.33333333333144,0.0,0.0,3.0,3,0,24.000000000014552,24.000000000014552,1301,-0.9999999999854481
1303,1,recording,3999,21,21.0,1,16.66666666666572,0.0,0.0,3.999999999985448,3.999999999985448,0,18.0,18.0,1302,0.0
1304,1,recording,4000,14,14.0,1,16.66666666666572,0.0,0.0,2,2,0,10,10,1303,-1.4551915228366852e-11
1305,1,recording,4001,58,58.0,3,49.99999999999716,0.0,0.0,3,3,0,57,57,1304,1
1306,1,recording,4002,38,38.0,2,33.33333333333144,0.0,0.0,4.999999999985448,4.999999999985448,0,34.00000000001455,34.00000000001455,1305,-0.9999999999854481
1307,1,recording,4003,18,18.0,2,33.33333333333144,0.0,0.0,3.0,3,0,13.000000000014552,13.000000000014552,1306,0.0
1308,1,recording,4004,27,27.0,1,16.66666666666572,0.0,0.0,2,2,1,23.999999999985448,23.999999999985448,1307,-1.4551915228366852e-11
1309,1,recording,4005,25,25.0,2,33.33333333333144,0.0,0.0,4,4,0,23,23,1308,0
1310,1,recording,4006,31,31.0,1,16.66666666666572,0.0,0.0,2,2,0,27,27,1309,0
1311,1,recording,4007,15,15.0,1,16.66666666666572,0.0,0.0,2,2,0,13,13,1310,0
1312,1,recording,4008,13,13.0,1,16.66666666666572,0.0,0.0,5.000000000014552,5.000000000014552,2.000000000014552,11,11,1311,0
1313,1,recording,4009,20,20.0,1,16.66666666666572,0.0,0.0,3.0,3,0,15.0,15.0,1312,1.4551915228366852e-11
1314,1,recording,4010,19,19.0,2,33.33333333333144,0.0,0.0,2,2,1,15.999999999985448,15.999999999985448,1313,-1.4551915228366852e-11
1315,1,recording,4011,19,19.0,1,16.66666666666572,0.0,0.0,3,1,2,17,18,1314,0
1316,1,recording,4012,21,21.0,1,16.66666666666572,0.0,0.0,2,2,0,18,19,1315,0
1317,1,recording,4013,18,18.0,1,16.66666666666572,0.0,0.0,1,1,0,16,16,1316,0
1318,1,recording,4014,18,18.0,1,16.66666666666572,0.0,0.0,0.9999999999854481,0.9999999999854481,0,17.000000000014552,17.000000000014552,1317,1.4551915228366852e-11
1319,1,recording,4015,12,12.0,1,16.66666666666572,0.0,0.0,3.999999999985448,3,0.9999999999854481,11.000000000014552,12,1318,0.0
1320,1,recording,4016,16,16.0,1,16.66666666666572,0.0,0.0,3,3,0,12,12,1319,-1.4551915228366852e-11
1321,1,recording,4017,17,17.0,1,16.66666666666572,0.0,0.0,2,2,0,14,14,1320,0
1322,1,recording,4018,19,19.0,1,16.66666666666572,0.0,0.0,3,3,0,17,17,1321,0
1323,1,recording,4019,14,14.0,1,16.66666666666572,0.0,0.0,2,2,0,11,11,1322,0
1324,1,recording,4020,20,20.0,1,16.66666666666572,0.0,0.0,1,1,0,18,18,1323,0
1325,1,recording,4021,17,17.0,1,16.66666666666572,0.0,0.0,1,1,0,16,16,1324,0
1326,1,recording,4022,14,14.0,1,16.66666666666572,0.0,0.0,2.000000000014552,2.000000000014552,0,13,13,1325,0
1327,1,recording,4023,34,34.0,2,33.33333333333144,0.0,0.0,4.000000000014552,4.000000000014552,0,31.999999999985448,31.999999999985448,1326,0
1328,1,recording,4024,18,18.0,1,16.66666666666572,0.0,0.0,1,1,0,13.999999999985448,13.999999999985448,1327,0
1329,1,recording,4025,19,19.0,1,16.66666666666572,0.0,0.0,1,1,0,18,18,1328,0
1330,1,recording,4026,16,16.0,1,16.66666666666572,0.0,0.0,2,2,0,15,15,1329,0
1331,1,recording,4027,17,17.0,1,16.66666666666572,0.0,0.0,2,2,0,15,15,1330,0
1332,1,recording,4028,15,15.0,1,16.66666666666572,0.0,0.0,4,4,0,13,13,1331,0
1333,1,recording,4029,18,18.0,1,16.66666666666572,0.0,0.0,3,3,0,14,14,1332,0
1334,1,recording,4030,23,23.0,1,16.66666666666572,0.0,0.0,3.999999999985448,3.999999999985448,0,20.000000000014552,20.000000000014552,1333,1.4551915228366852e-11
1335,1,recording,4031,29,29.0,2,33.33333333333144,0.0,0.0,6,6,0,25,25,1334,-1.4551915228366852e-11
1336,1,recording,4032,24,24.0,2,33.33333333333144,0.0,0.0,4,4,0,18,18,1335,0
1337,1,recording,4033,17,17.0,1,16.66666666666572,0.0,0.0,3,3,0,13,13,1336,0
1338,1,recording,4034,15,15.0,1,16.66666666666572,0.0,0.0,3,3,0,12,12,1337,0
1339,1,recording,4035,20,20.0,1,16.66666666666572,0.0,0.0,4,4,0,17,17,1338,0
1340,1,recording,4036,15,15.0,1,16.66666666666572,0.0,0.0,2.000000000014552,2.000000000014552,0,11,11,1339,0
1341,1,recording,4037,16,16.0,1,16.66666666666572,0.0,0.0,2,2,0,13.999999999985448,13.999999999985448,1340,0
1342,1,recording,4038,17,17.0,1,16.66666666666572,0.0,0.0,5,5,0,15,15,1341,0
1343,1,recording,4039,23,23.0,1,16.66666666666572,0.0,0.0,3,3,0,18,18,1342,0
1344,1,recording,4040,14,14.0,1,16.66666666666572,0.0,0.0,2,2,0,11,11,1343,0
1345,1,recording,4041,16,16.0,1,16.66666666666572,0.0,0.0,6,6,0,14,14,1344,0
1346,1,recording,4042,20,20.0,1,16.66666666666572,0.0,0.0,3.0,3,0,14.000000000014552,14.000000000014552,1345,1.4551915228366852e-11
1347,1,recording,4043,14,14.0,1,16.66666666666572,0.0,0.0,2,2,0,10.999999999985448,10.999999999985448,1346,-1.4551915228366852e-11
1348,1,recording,4044,13,13.0,1,16.66666666666572,0.0,0.0,1.999999999985448,1.999999999985448,0,11.000000000014552,11.000000000014552,1347,1.4551915228366852e-11
1349,1,recording,4045,22,22.0,1,16.66666666666572,0.0,0.0,2,2,0,20,20,1348,-1.4551915228366852e-11
1350,1,recording,4046,21,21.0,1,16.66666666666572,0.0,0.0,4,4,0,19,19,1349,0
1351,1,recording,4047,14,14.0,1,16.66666666666572,0.0,0.0,3,3,0,10,10,1350,0
1352,1,recording,4048,20,20.0,1,16.66666666666572,0.0,0.0,3,3,0,17,17,1351,0
1353,1,recording,4049,19,19.0,1,16.66666666666572,0.0,0.0,4,4,0,16,16,1352,0
1354,1,recording,4050,18,18.0,1,16.66666666666572,0.0,0.0,3,3,0,14,14,1353,0
1355,1,recording,4051,16,16.0,1,16.66666666666572,0.0,0.0,3,3,0,13,13,1354,0
1356,1,recording,4052,46,46.0,3,49.99999999999716,0.0,0.0,4,4,1,43,43,1355,0
1357,1,recording,4053,47,47.0,3,49.99999999999716,0.0,0.0,3.999999999985448,3.999999999985448,0.9999999999854481,43.00000000001455,43.00000000001455,1356,1.4551915228366852e-11
1358,1,recording,4054,21,21.0,1,16.66666666666572,0.0,0.0,3.999999999985448,3.999999999985448,0,17.000000000014552,17.000000000014552,1357,0.0
1359,1,recording,4055,17,17.0,1,16.66666666666572,0.0,0.0,2,2,0,13,13,1358,-1.4551915228366852e-11
1360,1,recording,4056,21,21.0,2,33.33333333333144,0.0,0.0,2,2,0,19,19,1359,0
1361,1,recording,4057,23,23.0,1,16.66666666666572,0.0,0.0,2,2,0,21,21,1360,0
1362,1,recording,4058,15,15.0,1,16.66666666666572,0.0,0.0,3,3,0,13,13,1361,0
1363,1,recording,4059,20,20.0,1,16.66666666666572,0.0,0.0,4,4,0,17,17,1362,0
1364,1,recording,4060,24,24.0,1,16.66666666666572,0.0,0.0,2.000000000014552,2.000000000014552,0,20,20,1363,0
1365,1,recording,4061,66,66.0,4,66.66666666666288,0.0,14.666666666670505,3,3,0,63.99999999998545,63.99999999998545,1364,0
1366,1,recording,4062,51,51.0,3,49.99999999999716,0.0,0.0,4.000000000014552,4.000000000014552,0,48,48,1365,0
1367,1,recording,4063,42,42.0,2,33.33333333333144,0.0,0.0,4,4,0,37.99999999998545,37.99999999998545,1366,0
1368,1,recording,4064,68,68.0,4,66.66666666666288,0.0,11.000000000003784,5,5,0,64,64,1367,0
1369,1,recording,4065,50,50.0,3,49.99999999999716,0.0,0.0,7,7,0,45,45,1368,0
1370,1,recording,4066,53,53.0,3,49.99999999999716,0.0,0.0,8,8,0,46,46,1369,0
1371,1,recording,4067,40,40.0,2,33.33333333333144,0.0,0.0,2,2,0,32,32,1370,0
1372,1,recording,4068,39,39.0,2,33.33333333333144,0.0,0.0,3,3,1,37,37,1371,0
1373,1,recording,4069,34,34.0,2,33.33333333333144,0.0,0.0,2,2,0,31,31,1372,0
1374,1,recording,4070,34,34.0,3,49.99999999999716,0.0,0.0,3,3,0,32,32,1373,0
1375,1,recording,4071,35,35.0,2,33.33333333333144,0.0,0.0,4,4,0,32,32,1374,0
1376,1,recording,4072,30,30.0,1,16.66666666666572,0.0,0.0,2,2,0,26,26,1375,0
1377,1,recording,4073,39,39.0,3,49.99999999999716,0.0,0.0,2,2,0,37,37,1376,0
1378,1,recording,4074,30,30.0,2,33.33333333333144,0.0,0.0,2,2,0,28,28,1377,0
1379,1,recording,4075,18,18.0,1,16.66666666666572,0.0,0.0,3,3,0,16,16,1378,0
1380,1,recording,4076,31,31.0,1,16.66666666666572,0.0,0.0,3,3,0,28,28,1379,0
1381,1,recording,4077,16,16.0,1,16.66666666666572,0.0,0.0,2,2,0,13,13,1380,0
1382,1,recording,4078,36,36.0,3,49.99999999999716,0.0,0.0,2,2,0,34,34,1381,0
1383,1,recording,4079,26,26.0,1,16.66666666666572,0.0,0.0,4,4,0,24,24,1382,0
1384,1,recording,4080,23,23.0,2,33.33333333333144,0.0,0.0,3.999999999985448,3.999999999985448,0,19.000000000014552,19.000000000014552,1383,1.4551915228366852e-11
1385,1,recording,4081,32,32.0,1,16.66666666666572,0.0,0.0,3,3,0,28,28,1384,-1.4551915228366852e-11
1386,1,recording,4082,28,28.0,2,33.33333333333144,0.0,0.0,4,4,1,25,25,1385,0
1387,1,recording,4083,32,32.0,2,33.33333333333144,0.0,0.0,3.0,3,0,28.000000000014552,28.000000000014552,1386,1.4551915228366852e-11
1388,1,recording,4084,92,92.0,4,66.66666666666288,0.0,34.66666666667048,11,11,0,89.99999999998545,89.99999999998545,1387,0.9999999999854481
1389,1,recording,4085,24,24.0,1,16.66666666666572,0.0,0.0,4.999999999985448,4.999999999985448,0,12.000000000014552,12.000000000014552,1388,-0.9999999999854481
1390,1,recording,4086,21,21.0,1,16.66666666666572,0.0,0.0,3.999999999985448,3.999999999985448,0,16.000000000014552,16.000000000014552,1389,0.0
1391,1,recording,4087,22,22.0,2,33.33333333333144,0.0,0.0,5,5,0,18,18,1390,-1.4551915228366852e-11
1392,1,recording,4088,20,20.0,1,16.66666666666572,0.0,0.0,4,4,0,15,15,1391,0
1393,1,recording,4089,16,16.0,1,16.66666666666572,0.0,0.0,5,5,0,12,12,1392,0
1394,1,recording,4090,20,20.0,1,16.66666666666572,0.0,0.0,5,5,0,15,15,1393,0
1395,1,recording,4091,17,17.0,1,16.66666666666572,0.0,0.0,2,2,0,12,12,1394,0
1396,1,recording,4092,26,26.0,1,16.66666666666572,0.0,0.0,4.000000000014552,4.000000000014552,0,24,24,1395,0
1397,1,recording,4093,18,18.0,2,33.33333333333144,0.0,0.0,1.000000000014552,1.000000000014552,0,13.999999999985448,13.999999999985448,1396,0
1398,1,recording,4094,15,15.0,0,0.0,0.0,0.0,2,2,0,13.999999999985448,13.999999999985448,1397,0
1399,1,recording,4095,14,14.0,1,16.66666666666572,0.0,0.0,2,2,0,12,12,1398,0
1400,1,recording,4096,18,18.0,1,16.66666666666572,0.0,0.0,2,2,0,16,16,1399,0
1401,1,recording,4097,22,22.0,2,33.33333333333144,0.0,0.0,3,3,0,20,20,1400,0
1402,1,recording,4098,20,20.0,1,16.66666666666572,0.0,0.0,2,2,0,17,17,1401,0
1403,1,recording,4099,20,20.0,1,16.66666666666572,0.0,0.0,4,4,0,18,18,1402,0
1404,1,recording,4100,10,10.0,1,16.66666666666572,0.0,0.0,3,3,0,6,6,1403,0
1405,1,recording,4101,20,20.0,1,16.66666666666572,0.0,0.0,3,3,0,17,17,1404,0
1406,1,recording,4102,27,27.0,2,33.33333333333144,0.0,0.0,2,2,0,24,24,1405,0
1407,1,recording,4103,18,18.0,1,16.66666666666572,0.0,0.0,1,1,0,16,16,1406,0
1408,1,recording,4104,12,12.0,0,0.0,0.0,0.0,3,3,0,11,11,1407,0
1409,1,recording,4105,17,17.0,1,16.66666666666572,0.0,0.0,3,3,0,14,14,1408,0
1410,1,recording,4106,18,18.0,1,16.66666666666572,0.0,0.0,2.000000000014552,2.000000000014552,0,15,15,1409,0
1411,1,recording,4107,15,15.0,1,16.66666666666572,0.0,0.0,4,4,0,12.999999999985448,12.999999999985448,1410,0
1412,1,recording,4108,23,23.0,2,33.33333333333144,0.0,0.0,1,1,0,19,19,1411,0
1413,1,recording,4109,15,15.0,1,16.66666666666572,0.0,0.0,2,2,0,14,14,1412,0
1414,1,recording,4110,15,15.0,0,0.0,0.0,0.0,3,3,0,13,13,1413,0
1415,1,recording,4111,21,21.0,2,33.33333333333144,0.0,0.0,2,2,0,18,18,1414,0
1416,1,recording,4112,17,17.0,1,16.66666666666572,0.0,0.0,2,2,0,15,15,1415,0
1417,1,recording,4113,18,18.0,1,16.66666666666572,0.0,0.0,3.999999999985448,3.999999999985448,0,16.000000000014552,16.000000000014552,1416,1.4551915228366852e-11
1418,1,recording,4114,18,18.0,1,16.66666666666572,0.0,0.0,3.0,3,0,14.000000000014552,14.000000000014552,1417,0.0
1419,1,recording,4115,13,13.0,1,16.66666666666572,0.0,0.0,2,2,0,9.999999999985448,9.999999999985448,1418,-1.4551915228366852e-11
1420,1,recording,4116,19,19.0,1,16.66666666666572,0.0,0.0,2,2,0,17,17,1419,0
1421,1,recording,4117,24,24.0,1,16.66666666666572,0.0,0.0,3,3,0,22,22,1420,0
1422,1,recording,4118,17,17.0,1,16.66666666666572,0.0,0.0,2,2,0,14,14,1421,0
1423,1,recording,4119,13,13.0,1,16.66666666666572,0.0,0.0,3,3,0,11,11,1422,0
1424,1,recording,4120,31,31.0,2,33.33333333333144,0.0,0.0,7,7,1,28,28,1423,0
1425,1,recording,4121,20,20.0,1,16.66666666666572,0.0,0.0,1.999999999985448,1,0.9999999999854481,13.000000000014552,14,1424,1.4551915228366852e-11
1426,1,recording,4122,14,14.0,1,16.66666666666572,0.0,0.0,2,2,0,12,12,1425,-1.4551915228366852e-11
1427,1,recording,4123,19,19.0,1,16.66666666666572,0.0,0.0,2,2,0,17,17,1426,0
1428,1,recording,4124,26,26.0,2,33.33333333333144,0.0,0.0,3,3,0,24,24,1427,0
1429,1,recording,4125,22,22.0,1,16.66666666666572,0.0,0.0,3,3,0,19,19,1428,0
1430,1,recording,4126,16,16.0,1,16.66666666666572,0.0,0.0,5,5,0,13,13,1429,0
1431,1,recording,4127,17,17.0,1,16.66666666666572,0.0,0.0,2.000000000014552,2.000000000014552,0,12,12,1430,0
1432,1,recording,4128,16,16.0,1,16.66666666666572,0.0,0.0,4,4,0,13.999999999985448,13.999999999985448,1431,0
1433,1,recording,4129,21,21.0,1,16.66666666666572,0.0,0.0,2,2,0,17,17,1432,0
1434,1,recording,4130,21,21.0,1,16.66666666666572,0.0,0.0,5,5,0,19,19,1433,0
1435,1,recording,4131,28,28.0,2,33.33333333333144,0.0,0.0,2,2,0,23,23,1434,0
1436,1,recording,4132,18,18.0,1,16.66666666666572,0.0,0.0,1,1,0,16,16,1435,0
1437,1,recording,4133,12,12.0,1,16.66666666666572,0.0,0.0,2.000000000014552,2.000000000014552,0,11,11,1436,0
1438,1,recording,4134,38,38.0,2,33.33333333333144,0.0,0.0,1,1,0,35.99999999998545,35.99999999998545,1437,0
1439,1,recording,4135,57,57.0,4,66.66666666666288,0.0,2.3333333333371287,16.000000000014552,16.000000000014552,1,57,57,1438,1
1440,1,recording,4136,42,42.0,2,33.33333333333144,0.0,0.0,2.000000000014552,2.000000000014552,0,24.999999999985448,24.999999999985448,1439,-1
1441,1,recording,4137,25,25.0,2,33.33333333333144,0.0,0.0,2,2,0,22.999999999985448,22.999999999985448,1440,0
1442,1,recording,4138,13,13.0,0,0.0,0.0,0.0,3,3,0,11,11,1441,0
1443,1,recording,4139,23,23.0,2,33.33333333333144,0.0,0.0,4,4,0,20,20,1442,0
1444,1,recording,4140,17,17.0,1,16.66666666666572,0.0,0.0,2,2,0,13,13,1443,0
1445,1,recording,4141,13,13.0,0,0.0,0.0,0.0,1.999999999985448,1.999999999985448,0,11.000000000014552,11.000000000014552,1444,1.4551915228366852e-11
1446,1,recording,4142,13,13.0,1,16.66666666666572,0.0,0.0,4,4,0,11,11,1445,-1.4551915228366852e-11
1447,1,recording,4143,17,17.0,1,16.66666666666572,0.0,0.0,0.9999999999854481,0.9999999999854481,0,13.000000000014552,13.000000000014552,1446,1.4551915228366852e-11
1448,1,recording,4144,17,17.0,1,16.66666666666572,0.0,0.0,5,5,0,16,16,1447,-1.4551915228366852e-11
1449,1,recording,4145,17,17.0,1,16.66666666666572,0.0,0.0,3,3,0,12,12,1448,0
1450,1,recording,4146,16,16.0,1,16.66666666666572,0.0,0.0,1,1,0,13,13,1449,0
1451,1,recording,4147,15,15.0,1,16.66666666666572,0.0,0.0,2,2,0,14,14,1450,0
1452,1,recording,4148,32,32.0,2,33.33333333333144,0.0,0.0,4.000000000014552,4.000000000014552,0,30,30,1451,0
1453,1,recording,4149,19,19.0,1,16.66666666666572,0.0,0.0,1.999999999985448,1.999999999985448,0,15.0,15.0,1452,1.4551915228366852e-11
1454,1,recording,4150,19,19.0,1,16.66666666666572,0.0,0.0,2.000000000014552,2.000000000014552,0,17,17,1453,-1.4551915228366852e-11
1455,1,recording,4151,16,16.0,1,16.66666666666572,0.0,0.0,3,3,0,13.999999999985448,13.999999999985448,1454,0
1456,1,recording,4152,21,21.0,2,33.33333333333144,0.0,0.0,2,2,0,18,18,1455,0
1457,1,recording,4153,33,33.0,2,33.33333333333144,0.0,0.0,3,3,0,31,31,1456,0
1458,1,recording,4154,28,28.0,1,16.66666666666572,0.0,0.0,6,6,1,25,25,1457,0
1459,1,recording,4155,25,25.0,2,33.33333333333144,0.0,0.0,5,5,0,19,19,1458,0
1460,1,recording,4156,40,40.0,2,33.33333333333144,0.0,0.0,5,5,0,35,35,1459,0
1461,1,recording,4157,25,25.0,2,33.33333333333144,0.0,0.0,3,3,0,20,20,1460,0
1462,1,recording,4158,22,22.0,1,16.66666666666572,0.0,0.0,1.999999999985448,1.999999999985448,0,19.000000000014552,19.000000000014552,1461,1.4551915228366852e-11
1463,1,recording,4159,21,21.0,1,16.66666666666572,0.0,0.0,0.9999999999854481,0.9999999999854481,0,19.000000000014552,19.000000000014552,1462,0.0
1464,1,recording,4160,23,23.0,2,33.33333333333144,0.0,0.0,2,2,0,23,23,1463,0.9999999999854481
1465,1,recording,4161,33,33.0,2,33.33333333333144,0.0,0.0,2,2,0,30,30,1464,-1
1466,1,recording,4162,21,21.0,1,16.66666666666572,0.0,0.0,2,2,0,19,19,1465,0
1467,1,recording,4163,22,22.0,1,16.66666666666572,0.0,0.0,2.000000000014552,2.000000000014552,0,20,20,1466,0
1468,1,recording,4164,18,18.0,1,16.66666666666572,0.0,0.0,3,3,0,15.999999999985448,15.999999999985448,1467,0
1469,1,recording,4165,18,18.0,1,16.66666666666572,0.0,0.0,3,3,0,15,15,1468,0
1470,1,recording,4166,26,26.0,2,33.33333333333144,0.0,0.0,3,3,0,23,23,1469,0
1471,1,recording,4167,17,17.0,1,16.66666666666572,0.0,0.0,2,2,0,14,14,1470,0
1472,1,recording,4168,27,27.0,2,33.33333333333144,0.0,0.0,2,2,0,25,25,1471,0
1473,1,recording,4169,16,16.0,1,16.66666666666572,0.0,0.0,2,2,0,15,15,1472,1
1474,1,recording,4170,23,23.0,1,16.66666666666572,0.0,0.0,1.999999999985448,1.999999999985448,0,20.000000000014552,20.000000000014552,1473,-0.9999999999854481
1475,1,recording,4171,20,20.0,1,16.66666666666572,0.0,0.0,4.000000000014552,4.000000000014552,0,18,18,1474,-1.4551915228366852e-11
1476,1,recording,4172,22,22.0,1,16.66666666666572,0.0,0.0,1,1,0,17.999999999985448,17.999999999985448,1475,0
1477,1,recording,4173,13,13.0,1,16.66666666666572,0.0,0.0,4,4,0,12,12,1476,0
1478,1,recording,4174,17,17.0,1,16.66666666666572,0.0,0.0,2,2,0,13,13,1477,0
1479,1,recording,4175,18,18.0,1,16.66666666666572,0.0,0.0,3,3,0,16,16,1478,0
1480,1,recording,4176,22,22.0,2,33.33333333333144,0.0,0.0,2,2,0,19,19,1479,0
1481,1,recording,4177,16,16.0,1,16.66666666666572,0.0,0.0,1.999999999985448,1.999999999985448,0,14.000000000014552,14.000000000014552,1480,1.4551915228366852e-11
1482,1,recording,4178,29,29.0,1,16.66666666666572,0.0,0.0,2,2,0,27,27,1481,-1.4551915228366852e-11
1483,1,recording,4179,15,15.0,1,16.66666666666572,0.0,0.0,2,2,0,13,13,1482,0
1484,1,recording,4180,15,15.0,1,16.66666666666572,0.0,0.0,2,2,1,13,13,1483,0
1485,1,recording,4181,30,30.0,2,33.33333333333144,0.0,0.0,2,2,0,28,28,1484,0
1486,1,recording,4182,66,66.0,4,66.66666666666288,0.0,6.000000000003808,9,9,1,64,64,1485,0
1487,1,recording,4183,26,26.0,1,16.66666666666572,0.0,0.0,5,5,0,17,17,1486,0
1488,1,recording,4184,18,18.0,1,16.66666666666572,0.0,0.0,2,2,0,13,13,1487,0
1489,1,recording,4185,34,34.0,2,33.33333333333144,0.0,0.0,3,3,0,32,32,1488,0
1490,1,recording,4186,19,19.0,1,16.66666666666572,0.0,0.0,3.0,3,0,17.000000000014552,17.000000000014552,1489,1.000000000014552
1491,1,recording,4187,18,18.0,1,16.66666666666572,0.0,0.0,2,2,0,13.999999999985448,13.999999999985448,1490,-1.000000000014552
1492,1,recording,4188,15,15.0,1,16.66666666666572,0.0,0.0,3,3,0,13,13,1491,0
1493,1,recording,4189,20,20.0,1,16.66666666666572,0.0,0.0,2,2,0,17,17,1492,0
1494,1,recording,4190,15,15.0,1,16.66666666666572,0.0,0.0,4,4,0,13,13,1493,0
1495,1,recording,4191,16,16.0,1,16.66666666666572,0.0,0.0,2,2,0,12,12,1494,0
1496,1,recording,4192,17,17.0,1,16.66666666666572,0.0,0.0,2,2,0,15,15,1495,0
1497,1,recording,4193,17,17.0,1,16.66666666666572,0.0,0.0,2.000000000014552,2.000000000014552,0,15,15,1496,0
1498,1,recording,4194,13,13.0,1,16.66666666666572,0.0,0.0,3,3,0,10.999999999985448,10.999999999985448,1497,0
1499,1,recording,4195,24,24.0,2,33.33333333333144,0.0,0.0,3,3,0,21,21,1498,0
1500,1,recording,4196,14,14.0,0,0.0,0.0,0.0,2,2,0,11,11,1499,0
1501,1,recording,4197,18,18.0,2,33.33333333333144,0.0,0.0,3,3,0,16,16,1500,0
1502,1,recording,4198,32,32.0,1,16.66666666666572,0.0,0.0,3,3,0,29,29,1501,0
1503,1,recording,4199,34,34.0,2,33.33333333333144,0.0,0.0,3,3,1.000000000014552,31,31,1502,0
1504,1,recording,4200,24,24.0,2,33.33333333333144,0.0,0.0,4,4,0,21,21,1503,0
1505,1,recording,4201,20,20.0,1,16.66666666666572,0.0,0.0,3,3,0,16,16,1504,0
1506,1,recording,4202,25,25.0,2,33.33333333333144,0.0,0.0,1,1,0,22,22,1505,0
1507,1,recording,4203,14,14.0,0,0.0,0.0,0.0,2,2,0,13,13,1506,0
1508,1,recording,4204,17,17.0,1,16.66666666666572,0.0,0.0,2.000000000014552,2.000000000014552,0,15,15,1507,0
1509,1,recording,4205,16,16.0,1,16.66666666666572,0.0,0.0,1.999999999985448,1.999999999985448,0,15.0,15.0,1508,1.000000000014552
1510,1,recording,4206,28,28.0,2,33.33333333333144,0.0,0.0,4.999999999985448,4.999999999985448,0,25.000000000014552,25.000000000014552,1509,-1.0
1511,1,recording,4207,21,21.0,1,16.66666666666572,0.0,0.0,2,2,0,16,16,1510,-1.4551915228366852e-11
1512,1,recording,4208,15,15.0,1,16.66666666666572,0.0,0.0,3,3,0,13,13,1511,0
1513,1,recording,4209,17,17.0,1,16.66666666666572,0.0,0.0,2,2,0,14,14,1512,0
1514,1,recording,4210,18,18.0,1,16.66666666666572,0.0,0.0,1,1,0,17,17,1513,1
1515,1,recording,4211,20,20.0,2,33.33333333333144,0.0,0.0,2,2,0,18,18,1514,-1
1516,1,recording,4212,22,22.0,1,16.66666666666572,0.0,0.0,12.0,12,0,20.000000000014552,20.000000000014552,1515,1.4551915228366852e-11
1517,1,recording,4213,26,26.0,1,16.66666666666572,0.0,0.0,3,3,0,13.999999999985448,13.999999999985448,1516,-1.4551915228366852e-11
1518,1,recording,4214,36,36.0,3,49.99999999999716,0.0,0.0,2,2,0,33,33,1517,0
1519,1,recording,4215,21,21.0,1,16.66666666666572,0.0,0.0,2,2,0,19,19,1518,0
1520,1,recording,4216,31,31.0,2,33.33333333333144,0.0,0.0,2.000000000014552,2.000000000014552,0,29,29,1519,0
1521,1,recording,4217,29,29.0,2,33.33333333333144,0.0,0.0,4,4,0,26.999999999985448,26.999999999985448,1520,0
1522,1,recording,4218,30,30.0,1,16.66666666666572,0.0,0.0,2,2,0,26,26,1521,0
1523,1,recording,4219,20,20.0,2,33.33333333333144,0.0,0.0,3,3,0,18,18,1522,0
1524,1,recording,4220,29,29.0,1,16.66666666666572,0.0,0.0,4.000000000014552,4.000000000014552,0,26,26,1523,0
1525,1,recording,4221,32,32.0,2,33.33333333333144,0.0,0.0,6,6,0,27.999999999985448,27.999999999985448,1524,0
1526,1,recording,4222,30,30.0,2,33.33333333333144,0.0,0.0,7,7,0,24,24,1525,0
1527,1,recording,4223,28,28.0,2,33.33333333333144,0.0,0.0,5,5,0,21,21,1526,0
1528,1,recording,4224,42,42.0,2,33.33333333333144,0.0,0.0,1.999999999985448,1.999999999985448,0,37.00000000001455,37.00000000001455,1527,1.4551915228366852e-11
1529,1,recording,4225,68,68.0,4,66.66666666666288,0.0,12.333333333337137,2,2,1,66,66,1528,-1.4551915228366852e-11
1530,1,recording,4226,37,37.0,2,33.33333333333144,0.0,0.0,3,3,0,35,35,1529,0
1531,1,recording,4227,25,25.0,1,16.66666666666572,0.0,0.0,1.000000000014552,1.000000000014552,0,22,22,1530,0
1532,1,recording,4228,27,27.0,2,33.33333333333144,0.0,0.0,4,4,0,25.999999999985448,25.999999999985448,1531,0
1533,1,recording,4229,18,18.0,1,16.66666666666572,0.0,0.0,2,2,0,14,14,1532,0
1534,1,recording,4230,19,19.0,1,16.66666666666572,0.0,0.0,3,3,0,17,17,1533,0
1535,1,recording,4231,18,18.0,1,16.66666666666572,0.0,0.0,2,2,0,15,15,1534,0
1536,1,recording,4232,18,18.0,1,16.66666666666572,0.0,0.0,2,2,0,16,16,1535,0
1537,1,recording,4233,27,27.0,2,33.33333333333144,0.0,0.0,3,3,0,25,25,1536,0
1538,1,recording,4234,18,18.0,1,16.66666666666572,0.0,0.0,4,4,0,15,15,1537,0
1539,1,recording,4235,23,23.0,1,16.66666666666572,0.0,0.0,1,1,0,19,19,1538,0
1540,1,recording,4236,20,20.0,1,16.66666666666572,0.0,0.0,3,3,0,19,19,1539,0
1541,1,recording,4237,20,20.0,2,33.33333333333144,0.0,0.0,2,2,1,17,17,1540,0
1542,1,recording,4238,14,14.0,1,16.66666666666572,0.0,0.0,4,4,0,12,12,1541,0
1543,1,recording,4239,23,23.0,1,16.66666666666572,0.0,0.0,4.999999999985448,4.999999999985448,0,19.000000000014552,19.000000000014552,1542,1.4551915228366852e-11
1544,1,recording,4240,20,20.0,1,16.66666666666572,0.0,0.0,2,2,0,15,15,1543,-1.4551915228366852e-11
1545,1,recording,4241,23,23.0,1,16.66666666666572,0.0,0.0,3,3,0,21,21,1544,0
1546,1,recording,4242,21,21.0,2,33.33333333333144,0.0,0.0,3,3,0,18,18,1545,0
1547,1,recording,4243,15,15.0,1,16.66666666666572,0.0,0.0,2,2,0,12,12,1546,0
1548,1,recording,4244,21,21.0,1,16.66666666666572,0.0,0.0,2,2,0,19,19,1547,0
1549,1,recording,4245,20,20.0,1,16.66666666666572,0.0,0.0,2.000000000014552,2.000000000014552,0,18,18,1548,0
1550,1,recording,4246,21,21.0,1,16.66666666666572,0.0,0.0,2.000000000014552,2.000000000014552,0,18.999999999985448,18.999999999985448,1549,0
1551,1,recording,4247,17,17.0,1,16.66666666666572,0.0,0.0,4,4,0,15.999999999985448,15.999999999985448,1550,1
1552,1,recording,4248,17,17.0,1,16.66666666666572,0.0,0.0,2,2,0,12,12,1551,-1
1553,1,recording,4249,25,25.0,2,33.33333333333144,0.0,0.0,5,5,0,23,23,1552,0
1554,1,recording,4250,22,22.0,1,16.66666666666572,0.0,0.0,2,2,0,17,17,1553,0
1555,1,recording,4251,23,23.0,2,33.33333333333144,0.0,0.0,3,3,0,21,21,1554,0
1556,1,recording,4252,16,16.0,1,16.66666666666572,0.0,0.0,4.000000000014552,4.000000000014552,0,13,13,1555,0
1557,1,recording,4253,27,27.0,1,16.66666666666572,0.0,0.0,2,2,0,22.999999999985448,22.999999999985448,1556,0
1558,1,recording,4254,12,12.0,1,16.66666666666572,0.0,0.0,4,4,0,10,10,1557,0
1559,1,recording,4255,16,16.0,1,16.66666666666572,0.0,0.0,2,2,0,12,12,1558,0
1560,1,recording,4256,16,16.0,1,16.66666666666572,0.0,0.0,2,2,0,14,14,1559,0
1561,1,recording,4257,26,26.0,1,16.66666666666572,0.0,0.0,2,2,0,24,24,1560,0
1562,1,recording,4258,30,30.0,2,33.33333333333144,0.0,0.0,5.000000000014552,5.000000000014552,0,28,28,1561,0
1563,1,recording,4259,29,29.0,2,33.33333333333144,0.0,0.0,2,2,0,23.999999999985448,23.999999999985448,1562,0
1564,1,recording,4260,14,14.0,1,16.66666666666572,0.0,0.0,4,4,0,12,12,1563,0
1565,1,recording,4261,16,16.0,1,16.66666666666572,0.0,0.0,4,4,0,12,12,1564,0
1566,1,recording,4262,20,20.0,1,16.66666666666572,0.0,0.0,4,4,0,16,16,1565,0
1567,1,recording,4263,22,22.0,1,16.66666666666572,0.0,0.0,2.000000000014552,2.000000000014552,0,18,18,1566,0
1568,1,recording,4264,15,15.0,1,16.66666666666572,0.0,0.0,4,4,1,12.999999999985448,12.999999999985448,1567,0
1569,1,recording,4265,24,24.0,2,33.33333333333144,0.0,0.0,1,1,0,20,20,1568,0
1570,1,recording,4266,25,25.0,1,16.66666666666572,0.0,0.0,2,2,0,24,24,1569,0
1571,1,recording,4267,15,15.0,1,16.66666666666572,0.0,0.0,3,3,0,13,13,1570,0
1572,1,recording,4268,20,20.0,1,16.66666666666572,0.0,0.0,3,3,0,17,17,1571,0
1573,1,recording,4269,35,35.0,2,33.33333333333144,0.0,0.0,2.000000000014552,2.000000000014552,0,32,32,1572,0
1574,1,recording,4270,22,22.0,2,33.33333333333144,0.0,0.0,4.000000000014552,4.000000000014552,0,19.999999999985448,19.999999999985448,1573,0
1575,1,recording,4271,81,81.0,4,66.66666666666288,0.0,16.33333333333714,7,7,0,76.99999999998545,76.99999999998545,1574,0
1576,1,recording,4272,26,26.0,1,16.66666666666572,0.0,0.0,2,2,0,19,19,1575,0
1577,1,recording,4273,23,23.0,1,16.66666666666572,0.0,0.0,2.000000000014552,2.000000000014552,0,21,21,1576,0
1578,1,recording,4274,18,18.0,2,33.33333333333144,0.0,0.0,1,1,0,16.999999999985448,16.999999999985448,1577,1
1579,1,recording,4275,22,22.0,1,16.66666666666572,0.0,0.0,3,3,1,21,21,1578,0
1580,1,recording,4276,24,24.0,1,16.66666666666572,0.0,0.0,1,1,0,20,20,1579,-1
1581,1,recording,4277,15,15.0,1,16.66666666666572,0.0,0.0,3,3,1,14,14,1580,0
1582,1,recording,4278,24,24.0,2,33.33333333333144,0.0,0.0,4,4,0,22,22,1581,1
1583,1,recording,4279,21,21.0,1,16.66666666666572,0.0,0.0,1.999999999985448,1.999999999985448,0,16.000000000014552,16.000000000014552,1582,-0.9999999999854481
1584,1,recording,4280,32,32.0,2,33.33333333333144,0.0,0.0,7,7,0,30,30,1583,-1.4551915228366852e-11
1585,1,recording,4281,34,34.0,2,33.33333333333144,0.0,0.0,7,7,0,27,27,1584,0
1586,1,recording,4282,20,20.0,1,16.66666666666572,0.0,0.0,5,5,0,13,13,1585,0
1587,1,recording,4283,22,22.0,1,16.66666666666572,0.0,0.0,3,3,0,17,17,1586,0
1588,1,recording,4284,17,17.0,1,16.66666666666572,0.0,0.0,3.0,3,0,14.000000000014552,14.000000000014552,1587,1.4551915228366852e-11
1589,1,recording,4285,20,20.0,2,33.33333333333144,0.0,0.0,7,7,0,16.999999999985448,16.999999999985448,1588,-1.4551915228366852e-11
1590,1,recording,4286,17,17.0,1,16.66666666666572,0.0,0.0,4,4,0,10,10,1589,0
1591,1,recording,4287,18,18.0,1,16.66666666666572,0.0,0.0,1,1,0,14,14,1590,0
1592,1,recording,4288,23,23.0,1,16.66666666666572,0.0,0.0,8,7,1,22,23,1591,0
1593,1,recording,4289,26,26.0,2,33.33333333333144,0.0,0.0,0.9999999999854481,0.9999999999854481,0,18.000000000014552,18.000000000014552,1592,1.4551915228366852e-11
1594,1,recording,4290,16,16.0,1,16.66666666666572,0.0,0.0,2.000000000014552,2.000000000014552,0,15,15,1593,-1.4551915228366852e-11
1595,1,recording,4291,32,32.0,2,33.33333333333144,0.0,0.0,3,3,0,29.999999999985448,29.999999999985448,1594,0
1596,1,recording,4292,19,19.0,1,16.66666666666572,0.0,0.0,1,1,0,16,16,1595,0
1597,1,recording,4293,17,17.0,1,16.66666666666572,0.0,0.0,2,2,0,16,16,1596,0
1598,1,recording,4294,16,16.0,1,16.66666666666572,0.0,0.0,2,2,0,14,14,1597,0
1599,1,recording,4295,22,22.0,1,16.66666666666572,0.0,0.0,2.000000000014552,2.000000000014552,0,21,21,1598,1
1600,1,recording,4296,18,18.0,1,16.66666666666572,0.0,0.0,1.999999999985448,1.999999999985448,0,15.0,15.0,1599,-0.9999999999854481
1601,1,recording,4297,21,21.0,1,16.66666666666572,0.0,0.0,5,5,0,20,20,1600,0.9999999999854481
1602,1,recording,4298,21,21.0,2,33.33333333333144,0.0,0.0,2,2,0,15,15,1601,-1
1603,1,recording,4299,29,29.0,1,16.66666666666572,0.0,0.0,1,1,0,28,28,1602,1
1604,1,recording,4300,26,26.0,2,33.33333333333144,0.0,0.0,2,2,0,24,24,1603,-1
1605,1,recording,4301,25,25.0,1,16.66666666666572,0.0,0.0,3.999999999985448,3.999999999985448,0,23.000000000014552,23.000000000014552,1604,1.4551915228366852e-11
1606,1,recording,4302,19,19.0,1,16.66666666666572,0.0,0.0,3,3,0,15,15,1605,-1.4551915228366852e-11
1607,1,recording,4303,31,31.0,2,33.33333333333144,0.0,0.0,2,2,1,28,28,1606,0
1608,1,recording,4304,24,24.0,2,33.33333333333144,0.0,0.0,2,2,0,22,22,1607,0
1609,1,recording,4305,19,19.0,1,16.66666666666572,0.0,0.0,2,2,0,17,17,1608,0
1610,1,recording,4306,22,22.0,1,16.66666666666572,0.0,0.0,2,2,0,20,20,1609,0
1611,1,recording,4307,23,23.0,2,33.33333333333144,0.0,0.0,2.000000000014552,2.000000000014552,0,21,21,1610,0
1612,1,recording,4308,24,24.0,1,16.66666666666572,0.0,0.0,2,2,0,21.999999999985448,21.999999999985448,1611,0
1613,1,recording,4309,16,16.0,1,16.66666666666572,0.0,0.0,3,3,0,14,14,1612,0
1614,1,recording,4310,28,28.0,2,33.33333333333144,0.0,0.0,10,10,0,25,25,1613,0
1615,1,recording,4311,33,33.0,2,33.33333333333144,0.0,0.0,7,7,0,23,23,1614,0
1616,1,recording,4312,27,27.0,1,16.66666666666572,0.0,0.0,4,4,1.000000000014552,20,20,1615,0
1617,1,recording,4313,36,36.0,2,33.33333333333144,0.0,0.0,3,3,0,32,32,1616,0
1618,1,recording,4314,19,19.0,2,33.33333333333144,0.0,0.0,3,3,0,16,16,1617,0
1619,1,recording,4315,70,70.0,4,66.66666666666288,0.0,5.000000000003807,6,6,0,67,67,1618,0
1620,1,recording,4316,23,23.0,1,16.66666666666572,0.0,0.0,2,1,1,17,18,1619,0
1621,1,recording,4317,21,21.0,1,16.66666666666572,0.0,0.0,3,3,0,19,19,1620,0
1622,1,recording,4318,24,24.0,2,33.33333333333144,0.0,0.0,1,1,0,21,21,1621,0
1623,1,recording,4319,33,33.0,2,33.33333333333144,0.0,0.0,3,3,0,32,32,1622,0
1624,1,recording,4320,18,18.0,1,16.66666666666572,0.0,0.0,2.000000000014552,2.000000000014552,0,15,15,1623,0
1625,1,recording,4321,13,13.0,0,0.0,0.0,0.0,2,2,0,10.999999999985448,10.999999999985448,1624,0
1626,1,recording,4322,20,20.0,2,33.33333333333144,0.0,0.0,2,2,0,18,18,1625,0
1627,1,recording,4323,19,19.0,1,16.66666666666572,0.0,0.0,1,1,0,17,17,1626,0
1628,1,recording,4324,29,29.0,2,33.33333333333144,0.0,0.0,4,4,0,28,28,1627,0
1629,1,recording,4325,25,25.0,1,16.66666666666572,0.0,0.0,3.999999999985448,3.999999999985448,0.9999999999854481,21.000000000014552,21.000000000014552,1628,1.4551915228366852e-11
1630,1,recording,4326,36,36.0,2,33.33333333333144,0.0,0.0,3,3,0,32,32,1629,-1.4551915228366852e-11
1631,1,recording,4327,15,15.0,1,16.66666666666572,0.0,0.0,3,3,0,12,12,1630,0
1632,1,recording,4328,23,23.0,1,16.66666666666572,0.0,0.0,2,2,0,20,20,1631,0
1633,1,recording,4329,17,17.0,1,16.66666666666572,0.0,0.0,3,3,0,15,15,1632,0
1634,1,recording,4330,17,17.0,1,16.66666666666572,0.0,0.0,1,1,0,14,14,1633,0
1635,1,recording,4331,17,17.0,2,33.33333333333144,0.0,0.0,1.999999999985448,1.999999999985448,0,16.000000000014552,16.000000000014552,1634,1.4551915228366852e-11
1636,1,recording,4332,16,16.0,0,0.0,0.0,0.0,2.000000000014552,2.000000000014552,0,14,14,1635,-1.4551915228366852e-11
1637,1,recording,4333,19,19.0,2,33.33333333333144,0.0,0.0,7,7,0,16.999999999985448,16.999999999985448,1636,0
1638,1,recording,4334,21,21.0,1,16.66666666666572,0.0,0.0,3,3,0,14,14,1637,0
1639,1,recording,4335,18,18.0,1,16.66666666666572,0.0,0.0,4,4,1,15,15,1638,0
1640,1,recording,4336,27,27.0,2,33.33333333333144,0.0,0.0,2,2,0,23,23,1639,0
1641,1,recording,4337,18,18.0,1,16.66666666666572,0.0,0.0,1.999999999985448,1.999999999985448,0,16.000000000014552,16.000000000014552,1640,1.4551915228366852e-11
1642,1,recording,4338,13,13.0,0,0.0,0.0,0.0,2.000000000014552,2.000000000014552,0,11,11,1641,-1.4551915228366852e-11
1643,1,recording,4339,21,21.0,2,33.33333333333144,0.0,0.0,4,4,0,18.999999999985448,18.999999999985448,1642,0
1644,1,recording,4340,17,17.0,1,16.66666666666572,0.0,0.0,4,4,0,13,13,1643,0
1645,1,recording,4341,20,20.0,1,16.66666666666572,0.0,0.0,4,4,0,16,16,1644,0
1646,1,recording,4342,15,15.0,1,16.66666666666572,0.0,0.0,4,4,0,11,11,1645,0
1647,1,recording,4343,15,15.0,1,16.66666666666572,0.0,0.0,4,4,0,11,11,1646,0
1648,1,recording,4344,23,23.0,1,16.66666666666572,0.0,0.0,2,2,0,19,19,1647,0
1649,1,recording,4345,14,14.0,1,16.66666666666572,0.0,0.0,5.000000000014552,5.000000000014552,0,12,12,1648,0
1650,1,recording,4346,16,16.0,1,16.66666666666572,0.0,0.0,3,3,0,10.999999999985448,10.999999999985448,1649,0
1651,1,recording,4347,20,20.0,1,16.66666666666572,0.0,0.0,2,2,0,17,17,1650,0
1652,1,recording,4348,27,27.0,2,33.33333333333144,0.0,0.0,7,7,0,25,25,1651,0
1653,1,recording,4349,20,20.0,1,16.66666666666572,0.0,0.0,2,2,0,13,13,1652,0
1654,1,recording,4350,15,15.0,1,16.66666666666572,0.0,0.0,2.000000000014552,2.000000000014552,0,13,13,1653,0
1655,1,recording,4351,22,22.0,1,16.66666666666572,0.0,0.0,5,5,0,19.999999999985448,19.999999999985448,1654,0
1656,1,recording,4352,35,35.0,2,33.33333333333144,0.0,0.0,2,2,0,30,30,1655,0
1657,1,recording,4353,14,14.0,1,16.66666666666572,0.0,0.0,2,2,0,12,12,1656,0
1658,1,recording,4354,17,17.0,1,16.66666666666572,0.0,0.0,1,1,0,15,15,1657,0
1659,1,recording,4355,21,21.0,1,16.66666666666572,0.0,0.0,1,1,0,20,20,1658,0
1660,1,recording,4356,20,20.0,2,33.33333333333144,0.0,0.0,2,2,0,19,19,1659,0
1661,1,recording,4357,15,15.0,0,0.0,0.0,0.0,3.0,3,0,14.000000000014552,14.000000000014552,1660,1.000000000014552
1662,1,recording,4358,23,23.0,2,33.33333333333144,0.0,0.0,1,1,0,18.999999999985448,18.999999999985448,1661,-1.000000000014552
1663,1,recording,4359,15,15.0,1,16.66666666666572,0.0,0.0,3,3,0,14,14,1662,0
1664,1,recording,4360,17,17.0,1,16.66666666666572,0.0,0.0,2,2,0,14,14,1663,0
1665,1,recording,4361,23,23.0,1,16.66666666666572,0.0,0.0,2,2,0,21,21,1664,0
1666,1,recording,4362,21,21.0,1,16.66666666666572,0.0,0.0,3,3,0,19,19,1665,0
1667,1,recording,4363,24,24.0,2,33.33333333333144,0.0,0.0,9.0,9,0,21.000000000014552,21.000000000014552,1666,1.4551915228366852e-11
1668,1,recording,4364,83,83.0,4,66.66666666666288,0.0,21.666666666670498,26,26,1,73.99999999998545,73.99999999998545,1667,-1.4551915228366852e-11
1669,1,recording,4365,66,66.0,3,49.99999999999716,0.0,0.0,5.000000000014552,5.000000000014552,0,41,41,1668,1
1670,1,recording,4366,21,21.0,2,33.33333333333144,0.0,0.0,53,53,0,14.999999999985448,14.999999999985448,1669,-1
1671,1,recording,4367,116,116.0,4,66.66666666666288,0.0,53.00000000000381,45,45,7,63,63,1670,0
1672,1,recording,4368,99,99.0,4,66.66666666666288,0.0,32.33333333333713,11.000000000014552,11.000000000014552,2,54,54,1671,0
1673,1,recording,4369,31,31.0,1,16.66666666666572,0.0,0.0,4,4,0,20.999999999985448,20.999999999985448,1672,1
1674,1,recording,4370,30,30.0,2,33.33333333333144,0.0,0.0,8,8,0,25,25,1673,-1
1675,1,recording,4371,48,48.0,3,49.99999999999716,0.0,0.0,12.999999999985448,12,1.9999999999708962,40.00000000001455,40.00000000001455,1674,1.4551915228366852e-11
1676,1,recording,4372,37,37.0,2,33.33333333333144,0.0,0.0,11,11,0,24,24.999999999985448,1675,-1.4551915228366852e-11
1677,1,recording,4373,28,28.0,2,33.33333333333144,0.0,0.0,5,5,0,17,17,1676,0
1678,1,recording,4374,20,20.0,1,16.66666666666572,0.0,0.0,2,2,0,15,15,1677,0
1679,1,recording,4375,24,24.0,2,33.33333333333144,0.0,0.0,2,2,0,22,22,1678,0
1680,1,recording,4376,17,17.0,1,16.66666666666572,0.0,0.0,3,3,0,15,15,1679,0
1681,1,recording,4377,13,13.0,0,0.0,0.0,0.0,4.000000000014552,4.000000000014552,2.000000000029104,10,10,1680,0
1682,1,recording,4378,16,16.0,1,16.66666666666572,0.0,0.0,3.999999999985448,3.999999999985448,0,12.0,12.0,1681,1.4551915228366852e-11
1683,1,recording,4379,33,33.0,2,33.33333333333144,0.0,0.0,3,3,0,29,29,1682,-1.4551915228366852e-11
1684,1,recording,4380,31,31.0,2,33.33333333333144,0.0,0.0,14,14,0,28,28,1683,0
1685,1,recording,4381,31,31.0,2,33.33333333333144,0.0,0.0,1.999999999985448,1.999999999985448,0,17.000000000014552,17.000000000014552,1684,1.4551915228366852e-11
1686,1,recording,4382,16,16.0,1,16.66666666666572,0.0,0.0,3,3,0,14,14,1685,-1.4551915228366852e-11
1687,1,recording,4383,22,22.0,1,16.66666666666572,0.0,0.0,6,6,0,19,19,1686,0
1688,1,recording,4384,36,36.0,2,33.33333333333144,0.0,0.0,5,5,0,30,30,1687,0
1689,1,recording,4385,28,28.0,2,33.33333333333144,0.0,0.0,5,5,0,23,23,1688,0
1690,1,recording,4386,32,32.0,2,33.33333333333144,0.0,0.0,1.999999999985448,1.999999999985448,0,27.000000000014552,27.000000000014552,1689,1.4551915228366852e-11
1691,1,recording,4387,22,22.0,1,16.66666666666572,0.0,0.0,4,4,1,20,20,1690,-1.4551915228366852e-11
1692,1,recording,4388,30,30.0,2,33.33333333333144,0.0,0.0,2,2,0,26,26,1691,0
1693,1,recording,4389,17,17.0,1,16.66666666666572,0.0,0.0,2,2,0,15,15,1692,0
1694,1,recording,4390,14,14.0,1,16.66666666666572,0.0,0.0,2,2,0,12,12,1693,0
1695,1,recording,4391,20,20.0,1,16.66666666666572,0.0,0.0,2,2,0,18,18,1694,0
1696,1,recording,4392,27,27.0,2,33.33333333333144,0.0,0.0,3,3,0,25,25,1695,0
1697,1,recording,4393,33,33.0,2,33.33333333333144,0.0,0.0,2,2,0,30,30,1696,0
1698,1,recording,4394,19,19.0,1,16.66666666666572,0.0,0.0,2,2,0,17,17,1697,0
1699,1,recording,4395,61,61.0,4,66.66666666666288,0.0,2.666666666670481,4.000000000014552,4.000000000014552,0,59,59,1698,0
1700,1,recording,4396,28,28.0,1,16.66666666666572,0.0,0.0,1.999999999985448,1.999999999985448,0,24.0,24.0,1699,1.4551915228366852e-11
1701,1,recording,4397,23,23.0,2,33.33333333333144,0.0,0.0,7,7,0,21,21,1700,-1.4551915228366852e-11
1702,1,recording,4398,39,39.0,2,33.33333333333144,0.0,0.0,4,4,1,32,32,1701,0
1703,1,recording,4399,23,23.0,1,16.66666666666572,0.0,0.0,5,5,0,19,19,1702,0
1704,1,recording,4400,25,25.0,2,33.33333333333144,0.0,0.0,10.999999999985448,10.999999999985448,0,20.000000000014552,20.000000000014552,1703,1.4551915228366852e-11
1705,1,recording,4401,25,25.0,1,16.66666666666572,0.0,0.0,4,4,0,14,14,1704,-1.4551915228366852e-11
1706,1,recording,4402,34,34.0,2,33.33333333333144,0.0,0.0,3,3,0,30,30,1705,0
1707,1,recording,4403,22,22.0,2,33.33333333333144,0.0,0.0,2,2,1,19,19,1706,0
1708,1,recording,4404,20,20.0,1,16.66666666666572,0.0,0.0,2.000000000014552,2.000000000014552,0,19,19,1707,1
1709,1,recording,4405,12,12.0,1,16.66666666666572,0.0,0.0,0.9999999999854481,0.9999999999854481,0,9.0,9.0,1708,-0.9999999999854481
1710,1,recording,4406,24,24.0,1,16.66666666666572,0.0,0.0,3.999999999985448,3.999999999985448,0,23.000000000014552,23.000000000014552,1709,0.0
1711,1,recording,4407,14,14.0,1,16.66666666666572,0.0,0.0,2,2,0,11,11,1710,0.9999999999854481
1712,1,recording,4408,20,20.0,1,16.66666666666572,0.0,0.0,5,5,0,17,17,1711,-1
1713,1,recording,4409,18,18.0,1,16.66666666666572,0.0,0.0,2,2,0,13,13,1712,0
1714,1,recording,4410,85,85.0,4,66.66666666666288,0.0,28.666666666670476,3.999999999985448,3.999999999985448,0,83.00000000001455,83.00000000001455,1713,1.4551915228366852e-11
1715,1,recording,4411,21,21.0,1,16.66666666666572,0.0,0.0,2,2,0,17,17,1714,-1.4551915228366852e-11
1716,1,recording,4412,24,24.0,1,16.66666666666572,0.0,0.0,2,2,0,22,22,1715,0
1717,1,recording,4413,16,16.0,1,16.66666666666572,0.0,0.0,2,2,0,14,14,1716,0
1718,1,recording,4414,16,16.0,1,16.66666666666572,0.0,0.0,1.999999999985448,1.999999999985448,0,14.000000000014552,14.000000000014552,1717,1.4551915228366852e-11
1719,1,recording,4415,16,16.0,1,16.66666666666572,0.0,0.0,1.000000000014552,1.000000000014552,0,15,15,1718,0.9999999999854481
1720,1,recording,4416,18,18.0,1,16.66666666666572,0.0,0.0,2.000000000014552,2.000000000014552,0,15.999999999985448,15.999999999985448,1719,-1
1721,1,recording,4417,17,17.0,1,16.66666666666572,0.0,0.0,2,2,0,14.999999999985448,14.999999999985448,1720,0
1722,1,recording,4418,17,17.0,1,16.66666666666572,0.0,0.0,3,3,0,15,15,1721,0
1723,1,recording,4419,16,16.0,1,16.66666666666572,0.0,0.0,1,1,0,13,13,1722,0
1724,1,recording,4420,16,16.0,1,16.66666666666572,0.0,0.0,3,3,0,15,15,1723,0
1725,1,recording,4421,17,17.0,1,16.66666666666572,0.0,0.0,2,2,0,14,14,1724,0
1726,1,recording,4422,20,20.0,1,16.66666666666572,0.0,0.0,1.999999999985448,1.999999999985448,0,18.000000000014552,18.000000000014552,1725,1.4551915228366852e-11
1727,1,recording,4423,13,13.0,1,16.66666666666572,0.0,0.0,2.000000000014552,2.000000000014552,0,11,11,1726,-1.4551915228366852e-11
1728,1,recording,4424,18,18.0,1,16.66666666666572,0.0,0.0,2.000000000014552,2.000000000014552,0,15.999999999985448,15.999999999985448,1727,0
1729,1,recording,4425,15,15.0,1,16.66666666666572,0.0,0.0,3,3,0,12.999999999985448,12.999999999985448,1728,0
1730,1,recording,4426,17,17.0,1,16.66666666666572,0.0,0.0,2,2,0,14,14,1729,0
1731,1,recording,4427,17,17.0,1,16.66666666666572,0.0,0.0,2,2,0,15,15,1730,0
1732,1,recording,4428,17,17.0,1,16.66666666666572,0.0,0.0,2,2,0,15,15,1731,0
1733,1,recording,4429,18,18.0,1,16.66666666666572,0.0,0.0,3.0,3,0,17.000000000014552,17.000000000014552,1732,1.000000000014552
1734,1,recording,4430,24,24.0,2,33.33333333333144,0.0,0.0,3,3,0,19.999999999985448,19.999999999985448,1733,-1.000000000014552
1735,1,recording,4431,25,25.0,1,16.66666666666572,0.0,0.0,3,3,0,22,22,1734,0
1736,1,recording,4432,21,21.0,1,16.66666666666572,0.0,0.0,3,3,0,18,18,1735,0
1737,1,recording,4433,13,13.0,1,16.66666666666572,0.0,0.0,4,4,0,10,10,1736,0
1738,1,recording,4434,17,17.0,1,16.66666666666572,0.0,0.0,2,2,0,13,13,1737,0
1739,1,recording,4435,18,18.0,1,16.66666666666572,0.0,0.0,3,3,0,16,16,1738,0
1740,1,recording,4436,16,16.0,1,16.66666666666572,0.0,0.0,3,3,0,13,13,1739,0
1741,1,recording,4437,17,17.0,1,16.66666666666572,0.0,0.0,3,3,1.000000000014552,14,14,1740,0
1742,1,recording,4438,18,18.0,1,16.66666666666572,0.0,0.0,4,4,0,15,15,1741,0
1743,1,recording,4439,16,16.0,1,16.66666666666572,0.0,0.0,2,2,0,12,12,1742,0
1744,1,recording,4440,14,14.0,1,16.66666666666572,0.0,0.0,2,2,0,12,12,1743,0
1745,1,recording,4441,16,16.0,1,16.66666666666572,0.0,0.0,2,2,0,14,14,1744,0
1746,1,recording,4442,17,17.0,1,16.66666666666572,0.0,0.0,2,2,0,15,15,1745,0
1747,1,recording,4443,16,16.0,1,16.66666666666572,0.0,0.0,0.9999999999854481,0.9999999999854481,0,14.000000000014552,14.000000000014552,1746,1.4551915228366852e-11
1748,1,recording,4444,17,17.0,1,16.66666666666572,0.0,0.0,2,2,0,16,16,1747,-1.4551915228366852e-11
1749,1,recording,4445,16,16.0,1,16.66666666666572,0.0,0.0,1.999999999985448,1.999999999985448,0,14.000000000014552,14.000000000014552,1748,1.4551915228366852e-11
1750,1,recording,4446,17,17.0,1,16.66666666666572,0.0,0.0,1,1,0,15,15,1749,-1.4551915228366852e-11
1751,1,recording,4447,17,17.0,1,16.66666666666572,0.0,0.0,2,2,0,16,16,1750,0
1752,1,recording,4448,16,16.0,1,16.66666666666572,0.0,0.0,2,2,0,14,14,1751,0
1753,1,recording,4449,17,17.0,1,16.66666666666572,0.0,0.0,3,3,0,15,15,1752,0
1754,1,recording,4450,16,16.0,1,16.66666666666572,0.0,0.0,2,2,0,13,13,1753,0
1755,1,recording,4451,18,18.0,1,16.66666666666572,0.0,0.0,1.999999999985448,1.999999999985448,0,16.000000000014552,16.000000000014552,1754,1.4551915228366852e-11
1756,1,recording,4452,17,17.0,1,16.66666666666572,0.0,0.0,10.000000000014552,10.000000000014552,0,15,15,1755,-1.4551915228366852e-11
1757,1,recording,4453,19,19.0,1,16.66666666666572,0.0,0.0,0.9999999999854481,0.9999999999854481,0,9.0,9.0,1756,1.4551915228366852e-11
1758,1,recording,4454,13,13.0,1,16.66666666666572,0.0,0.0,2,2,0,12,12,1757,-1.4551915228366852e-11
1759,1,recording,4455,17,17.0,1,16.66666666666572,0.0,0.0,2,2,0,15,15,1758,0
1760,1,recording,4456,17,17.0,1,16.66666666666572,0.0,0.0,2,2,0,15,15,1759,0
1761,1,recording,4457,16,16.0,1,16.66666666666572,0.0,0.0,2,2,0,14,14,1760,0
1762,1,recording,4458,18,18.0,1,16.66666666666572,0.0,0.0,2.000000000014552,2.000000000014552,1,16,16,1761,0
1763,1,recording,4459,16,16.0,1,16.66666666666572,0.0,0.0,2,2,0,13.999999999985448,13.999999999985448,1762,0
1764,1,recording,4460,18,18.0,1,16.66666666666572,0.0,0.0,2,2,0,16,16,1763,0
1765,1,recording,4461,16,16.0,1,16.66666666666572,0.0,0.0,2,2,0,14,14,1764,0
1766,1,recording,4462,16,16.0,1,16.66666666666572,0.0,0.0,3,3,0,14,14,1765,0
1767,1,recording,4463,16,16.0,1,16.66666666666572,0.0,0.0,2,2,0,13,13,1766,0
1768,1,recording,4464,17,17.0,1,16.66666666666572,0.0,0.0,3,3,0,15,15,1767,0
1769,1,recording,4465,19,19.0,1,16.66666666666572,0.0,0.0,2,2,0,16,16,1768,0
1770,1,recording,4466,15,15.0,1,16.66666666666572,0.0,0.0,0.9999999999854481,0.9999999999854481,0,13.000000000014552,13.000000000014552,1769,1.4551915228366852e-11
1771,1,recording,4467,16,16.0,1,16.66666666666572,0.0,0.0,3,3,0,15,15,1770,-1.4551915228366852e-11
1772,1,recording,4468,17,17.0,1,16.66666666666572,0.0,0.0,1.999999999985448,1.999999999985448,0,14.000000000014552,14.000000000014552,1771,1.4551915228366852e-11
1773,1,recording,4469,16,16.0,1,16.66666666666572,0.0,0.0,2,2,0,14,14,1772,-1.4551915228366852e-11
1774,1,recording,4470,17,17.0,1,16.66666666666572,0.0,0.0,3,3,0,15,15,1773,0
1775,1,recording,4471,16,16.0,1,16.66666666666572,0.0,0.0,2,2,0,14,14,1774,1
1776,1,recording,4472,19,19.0,1,16.66666666666572,0.0,0.0,3,3,1,16,16,1775,-1
1777,1,recording,4473,15,15.0,1,16.66666666666572,0.0,0.0,1.999999999985448,1.999999999985448,0,12.000000000014552,12.000000000014552,1776,1.4551915228366852e-11
1778,1,recording,4474,18,18.0,1,16.66666666666572,0.0,0.0,1.999999999985448,1.999999999985448,0,16.000000000014552,16.000000000014552,1777,0.0
1779,1,recording,4475,15,15.0,1,16.66666666666572,0.0,0.0,3.0,3,0,13.000000000014552,13.000000000014552,1778,0.0
1780,1,recording,4476,17,17.0,1,16.66666666666572,0.0,0.0,5,5,0,13.999999999985448,13.999999999985448,1779,-1.4551915228366852e-11
1781,1,recording,4477,17,17.0,1,16.66666666666572,0.0,0.0,2,2,0,12,12,1780,0
1782,1,recording,4478,16,16.0,1,16.66666666666572,0.0,0.0,3,3,0,14,14,1781,0
1783,1,recording,4479,17,17.0,1,16.66666666666572,0.0,0.0,3,3,0,14,14,1782,0
1784,1,recording,4480,17,17.0,1,16.66666666666572,0.0,0.0,2,2,0,14,14,1783,0
1785,1,recording,4481,16,16.0,1,16.66666666666572,0.0,0.0,3,3,0,14,14,1784,0
1786,1,recording,4482,17,17.0,1,16.66666666666572,0.0,0.0,2.000000000014552,2.000000000014552,0,14,14,1785,0
1787,1,recording,4483,17,17.0,1,16.66666666666572,0.0,0.0,1.999999999985448,0.9999999999854481,1,15.0,15.0,1786,1.4551915228366852e-11
1788,1,recording,4484,17,17.0,1,16.66666666666572,0.0,0.0,4,4,1,15,16,1787,-1.4551915228366852e-11
1789,1,recording,4485,17,17.0,1,16.66666666666572,0.0,0.0,2,2,0,13,13,1788,0
1790,1,recording,4486,15,15.0,1,16.66666666666572,0.0,0.0,2,2,0,13,13,1789,0
1791,1,recording,4487,17,17.0,1,16.66666666666572,0.0,0.0,2,2,0,15,15,1790,0
1792,1,recording,4488,18,18.0,1,16.66666666666572,0.0,0.0,4.000000000014552,4.000000000014552,0,20,20,1791,4
1793,1,recording,4489,18,18.0,1,16.66666666666572,0.0,0.0,2.000000000014552,2.000000000014552,0,9.999999999985448,9.999999999985448,1792,-4
1794,1,recording,4490,15,15.0,1,16.66666666666572,0.0,0.0,3,3,0,12.999999999985448,12.999999999985448,1793,0
1795,1,recording,4491,16,16.0,1,16.66666666666572,0.0,0.0,2,2,1,13,13,1794,0
1796,1,recording,4492,24,24.0,2,33.33333333333144,0.0,0.0,7,7,0,22,22,1795,0
1797,1,recording,4493,18,18.0,1,16.66666666666572,0.0,0.0,1,1,0,11,11,1796,0
1798,1,recording,4494,20,20.0,1,16.66666666666572,0.0,0.0,1,1,0,19,19,1797,0
1799,1,recording,4495,34,34.0,2,33.33333333333144,0.0,0.0,6.0,6,0,33.00000000001455,33.00000000001455,1798,1.4551915228366852e-11
1800,1,recording,4496,23,23.0,1,16.66666666666572,0.0,0.0,0.9999999999854481,0.9999999999854481,0,18.0,18.0,1799,1.0
1801,1,recording,4497,16,16.0,1,16.66666666666572,0.0,0.0,2,2,0,14,14,1800,-1.000000000014552
1802,1,recording,4498,16,16.0,1,16.66666666666572,0.0,0.0,3,3,0,16,16,1801,2
1803,1,recording,4499,16,16.0,1,16.66666666666572,0.0,0.0,5,5,0,12,12,1802,-1
1804,1,recording,4500,17,17.0,1,16.66666666666572,0.0,0.0,2,2,0,11,11,1803,-1
1805,1,recording,4501,27,27.0,2,33.33333333333144,0.0,0.0,3,3,1.000000000014552,25,25,1804,0
1806,1,recording,4502,14,14.0,1,16.66666666666572,0.0,0.0,1,1,0,11,11,1805,0
1807,1,recording,4503,18,18.0,1,16.66666666666572,0.0,0.0,2.000000000014552,2.000000000014552,0,17,17,1806,0
1808,1,recording,4504,32,32.0,2,33.33333333333144,0.0,0.0,2,2,0,29.999999999985448,29.999999999985448,1807,0
1809,1,recording,4505,22,22.0,1,16.66666666666572,0.0,0.0,1,1,0,20,20,1808,0
1810,1,recording,4506,17,17.0,1,16.66666666666572,0.0,0.0,2,2,0,16,16,1809,0
1811,1,recording,4507,30,30.0,2,33.33333333333144,0.0,0.0,5.000000000014552,5.000000000014552,1.000000000014552,28,28,1810,0
1812,1,recording,4508,19,19.0,1,16.66666666666572,0.0,0.0,2,2,0,13.999999999985448,13.999999999985448,1811,0
1813,1,recording,4509,30,30.0,2,33.33333333333144,0.0,0.0,3,3,0,28,28,1812,0
1814,1,recording,4510,34,34.0,2,33.33333333333144,0.0,0.0,3,3,0,31,31,1813,0
1815,1,recording,4511,25,25.0,1,16.66666666666572,0.0,0.0,2,2,0,22,22,1814,0
1816,1,recording,4512,26,26.0,2,33.33333333333144,0.0,0.0,3,3,0,24,24,1815,0
1817,1,recording,4513,23,23.0,1,16.66666666666572,0.0,0.0,2,2,0,20,20,1816,0
1818,1,recording,4514,26,26.0,2,33.33333333333144,0.0,0.0,4,4,0,24,24,1817,0
1819,1,recording,4515,21,21.0,1,16.66666666666572,0.0,0.0,5,5,0,17,17,1818,0
1820,1,recording,4516,33,33.0,2,33.33333333333144,0.0,0.0,3.0,3,0,28.000000000014552,28.000000000014552,1819,1.4551915228366852e-11
1821,1,recording,4517,25,25.0,1,16.66666666666572,0.0,0.0,3,3,0,21.999999999985448,21.999999999985448,1820,-1.4551915228366852e-11
1822,1,recording,4518,15,15.0,1,16.66666666666572,0.0,0.0,2.000000000014552,2.000000000014552,0,12,12,1821,0
1823,1,recording,4519,26,26.0,2,33.33333333333144,0.0,0.0,3,3,0,23.999999999985448,23.999999999985448,1822,0
1824,1,recording,4520,15,15.0,1,16.66666666666572,0.0,0.0,2,2,0,12,12,1823,0
1825,1,recording,4521,27,27.0,1,16.66666666666572,0.0,0.0,2,2,0,25,25,1824,0
1826,1,recording,4522,22,22.0,2,33.33333333333144,0.0,0.0,2,2,0,20,20,1825,0
1827,1,recording,4523,28,28.0,1,16.66666666666572,0.0,0.0,1.999999999985448,1.999999999985448,0,26.000000000014552,26.000000000014552,1826,1.4551915228366852e-11
1828,1,recording,4524,27,27.0,2,33.33333333333144,0.0,0.0,5,5,0,25,25,1827,-1.4551915228366852e-11
1829,1,recording,4525,40,40.0,2,33.33333333333144,0.0,0.0,5,5,0,35,35,1828,0
1830,1,recording,4526,32,32.0,2,33.33333333333144,0.0,0.0,3,3,0,27,27,1829,0
1831,1,recording,4527,15,15.0,1,16.66666666666572,0.0,0.0,2.000000000014552,2.000000000014552,0,12,12,1830,0
1832,1,recording,4528,18,18.0,1,16.66666666666572,0.0,0.0,2.000000000014552,2.000000000014552,0,15.999999999985448,15.999999999985448,1831,0
1833,1,recording,4529,13,13.0,1,16.66666666666572,0.0,0.0,2,2,0,10.999999999985448,10.999999999985448,1832,0
1834,1,recording,4530,25,25.0,2,33.33333333333144,0.0,0.0,2,2,0,23,23,1833,0
1835,1,recording,4531,17,17.0,1,16.66666666666572,0.0,0.0,4,4,0,15,15,1834,0
1836,1,recording,4532,23,23.0,1,16.66666666666572,0.0,0.0,2,2,0,19,19,1835,0
1837,1,recording,4533,16,16.0,1,16.66666666666572,0.0,0.0,3.0,3,0,14.000000000014552,14.000000000014552,1836,1.4551915228366852e-11
1838,1,recording,4534,17,17.0,1,16.66666666666572,0.0,0.0,2,0.9999999999854481,1.000000000014552,13.999999999985448,15.0,1837,-1.4551915228366852e-11
1839,1,recording,4535,16,16.0,1,16.66666666666572,0.0,0.0,1.999999999985448,1.999999999985448,0,14.000000000014552,14.000000000014552,1838,1.4551915228366852e-11
1840,1,recording,4536,20,20.0,1,16.66666666666572,0.0,0.0,2,2,1,18,18,1839,-1.4551915228366852e-11
1841,1,recording,4537,36,36.0,2,33.33333333333144,0.0,0.0,4,4,0,34,34,1840,0
1842,1,recording,4538,13,13.0,1,16.66666666666572,0.0,0.0,1,1,0,10,10,1841,1
1843,1,recording,4539,22,22.0,1,16.66666666666572,0.0,0.0,2,2,0,20,20,1842,-1
1844,1,recording,4540,15,15.0,1,16.66666666666572,0.0,0.0,2,2,0,13,13,1843,0
1845,1,recording,4541,18,18.0,1,16.66666666666572,0.0,0.0,2,2,0,16,16,1844,0
1846,1,recording,4542,18,18.0,2,33.33333333333144,0.0,0.0,3,3,0,16,16,1845,0
1847,1,recording,4543,12,12.0,0,0.0,0.0,0.0,2,2,0,9,9,1846,0
1848,1,recording,4544,15,15.0,1,16.66666666666572,0.0,0.0,3,3,0,13,13,1847,0
1849,1,recording,4545,17,17.0,1,16.66666666666572,0.0,0.0,2,2,0,14,14,1848,0
1850,1,recording,4546,16,16.0,1,16.66666666666572,0.0,0.0,3.0,3,0,14.000000000014552,14.000000000014552,1849,1.4551915228366852e-11
1851,1,recording,4547,17,17.0,1,16.66666666666572,0.0,0.0,2,2,0,13.999999999985448,13.999999999985448,1850,-1.4551915228366852e-11
1852,1,recording,4548,17,17.0,1,16.66666666666572,0.0,0.0,5.000000000014552,5.000000000014552,0,15,15,1851,0
1853,1,recording,4549,16,16.0,1,16.66666666666572,0.0,0.0,2,2,0,10.999999999985448,10.999999999985448,1852,0
1854,1,recording,4550,16,16.0,1,16.66666666666572,0.0,0.0,2,2,0,15,15,1853,1
1855,1,recording,4551,17,17.0,1,16.66666666666572,0.0,0.0,3,2,1,14,15,1854,-1
1856,1,recording,4552,17,17.0,1,16.66666666666572,0.0,0.0,3,3,0,14,14,1855,0
1857,1,recording,4553,22,22.0,1,16.66666666666572,0.0,0.0,1,1,0,19,19,1856,0
1858,1,recording,4554,13,13.0,1,16.66666666666572,0.0,0.0,7,7,0,12,12,1857,0
1859,1,recording,4555,22,22.0,2,33.33333333333144,0.0,0.0,2,2,0,15,15,1858,0
1860,1,recording,4556,18,18.0,1,16.66666666666572,0.0,0.0,1,1,0,16,16,1859,0
1861,1,recording,4557,11,11.0,0,0.0,0.0,0.0,1,1,0,10,10,1860,0
1862,1,recording,4558,15,15.0,1,16.66666666666572,0.0,0.0,2,2,0,14,14,1861,0
1863,1,recording,4559,19,19.0,1,16.66666666666572,0.0,0.0,5,5,0,17,17,1862,0
1864,1,recording,4560,19,19.0,1,16.66666666666572,0.0,0.0,2,2,0,14,14,1863,0
1865,1,recording,4561,19,19.0,2,33.33333333333144,0.0,0.0,3,3,0,17,17,1864,0
1866,1,recording,4562,27,27.0,1,16.66666666666572,0.0,0.0,2,2,0,24,24,1865,0
1867,1,recording,4563,23,23.0,2,33.33333333333144,0.0,0.0,5,5,0,21,21,1866,0
1868,1,recording,4564,37,37.0,2,33.33333333333144,0.0,0.0,4,4,0,32,32,1867,0
1869,1,recording,4565,24,24.0,1,16.66666666666572,0.0,0.0,4,4,0,20,20,1868,0
1870,1,recording,4566,23,23.0,2,33.33333333333144,0.0,0.0,2,2,0,19,19,1869,0
1871,1,recording,4567,13,13.0,0,0.0,0.0,0.0,3.0,3,0,11.000000000014552,11.000000000014552,1870,1.4551915228366852e-11
1872,1,recording,4568,25,25.0,2,33.33333333333144,0.0,0.0,3,3,0,21.999999999985448,21.999999999985448,1871,-1.4551915228366852e-11
1873,1,recording,4569,19,19.0,1,16.66666666666572,0.0,0.0,2,2,0,16,16,1872,0
1874,1,recording,4570,18,18.0,1,16.66666666666572,0.0,0.0,2,2,0,16,16,1873,0
1875,1,recording,4571,37,37.0,2,33.33333333333144,0.0,0.0,2.000000000014552,2.000000000014552,0,35,35,1874,0
1876,1,recording,4572,27,27.0,2,33.33333333333144,0.0,0.0,3,3,0,24.999999999985448,24.999999999985448,1875,0
1877,1,recording,4573,23,23.0,1,16.66666666666572,0.0,0.0,3,3,0,20,20,1876,0
1878,1,recording,4574,22,22.0,2,33.33333333333144,0.0,0.0,4,4,0,20,20,1877,1
1879,1,recording,4575,25,25.0,1,16.66666666666572,0.0,0.0,6,6,0,20,20,1878,-1
1880,1,recording,4576,21,21.0,1,16.66666666666572,0.0,0.0,2,2,0,15,15,1879,0
1881,1,recording,4577,22,22.0,2,33.33333333333144,0.0,0.0,4.000000000014552,4.000000000014552,0,21,21,1880,1
1882,1,recording,4578,28,28.0,1,16.66666666666572,0.0,0.0,5,5,0,22.999999999985448,22.999999999985448,1881,-1
1883,1,recording,4579,24,24.0,2,33.33333333333144,0.0,0.0,5,5,0,19,19,1882,0
1884,1,recording,4580,34,34.0,2,33.33333333333144,0.0,0.0,5,5,0,29,29,1883,0
1885,1,recording,4581,35,35.0,2,33.33333333333144,0.0,0.0,12.0,11.000000000014552,0.9999999999854481,30.000000000014552,31,1884,1.4551915228366852e-11
1886,1,recording,4582,44,44.0,3,49.99999999999716,0.0,0.0,16,15,1,31.999999999985448,32.99999999998545,1885,-1.4551915228366852e-11
1887,1,recording,4583,34,34.0,2,33.33333333333144,0.0,0.0,2,2,0,18,18,1886,0
1888,1,recording,4584,22,22.0,1,16.66666666666572,0.0,0.0,2,2,0,20,20,1887,0
1889,1,recording,4585,34,34.0,2,33.33333333333144,0.0,0.0,10.000000000014552,9,4.000000000014552,37,38.00000000001455,1888,5
1890,1,recording,4586,30,30.0,2,33.33333333333144,0.0,0.0,1,1,0,14.999999999985448,14.999999999985448,1889,-5
1891,1,recording,4587,27,27.0,1,16.66666666666572,0.0,0.0,5,5,0,26,26,1890,0
1892,1,recording,4588,19,19.0,2,33.33333333333144,0.0,0.0,3,3,1,14,14,1891,0
1893,1,recording,4589,24,24.0,1,16.66666666666572,0.0,0.0,4.000000000014552,4.000000000014552,0,21,21,1892,0
1894,1,recording,4590,20,20.0,1,16.66666666666572,0.0,0.0,2.000000000014552,2.000000000014552,0,15.999999999985448,15.999999999985448,1893,0
1895,1,recording,4591,24,24.0,2,33.33333333333144,0.0,0.0,2.000000000014552,2.000000000014552,0,21.999999999985448,21.999999999985448,1894,0
1896,1,recording,4592,27,27.0,1,16.66666666666572,0.0,0.0,3,3,1,24.999999999985448,24.999999999985448,1895,0
1897,1,recording,4593,24,24.0,2,33.33333333333144,0.0,0.0,3,3,0,21,21,1896,0
1898,1,recording,4594,34,34.0,2,33.33333333333144,0.0,0.0,3.999999999985448,3.999999999985448,0,31.000000000014552,31.000000000014552,1897,1.4551915228366852e-11
1899,1,recording,4595,62,62.0,4,66.66666666666288,0.0,0.33333333333721016,29,29,0,58,58,1898,-1.4551915228366852e-11
1900,1,recording,4596,66,66.0,3,49.99999999999716,0.0,0.0,3.999999999985448,3.999999999985448,0,37.00000000001455,37.00000000001455,1899,1.4551915228366852e-11
1901,1,recording,4597,21,21.0,2,33.33333333333144,0.0,0.0,6.999999999985448,6.999999999985448,0,17.000000000014552,17.000000000014552,1900,0.0
1902,1,recording,4598,20,20.0,1,16.66666666666572,0.0,0.0,3,3,1.000000000014552,13,13,1901,-1.4551915228366852e-11
1903,1,recording,4599,17,17.0,1,16.66666666666572,0.0,0.0,2,2,0,14,14,1902,0
1904,1,recording,4600,31,31.0,2,33.33333333333144,0.0,0.0,10,10,0,29,29,1903,0
1905,1,recording,4601,23,23.0,1,16.66666666666572,0.0,0.0,2,2,0,13,13,1904,0
1906,1,recording,4602,15,15.0,1,16.66666666666572,0.0,0.0,2,2,0,13,13,1905,0
1907,1,recording,4603,22,22.0,1,16.66666666666572,0.0,0.0,1.999999999985448,1.999999999985448,0,20.000000000014552,20.000000000014552,1906,1.4551915228366852e-11
1908,1,recording,4604,20,20.0,2,33.33333333333144,0.0,0.0,3,3,0,18,18,1907,-1.4551915228366852e-11
1909,1,recording,4605,34,34.0,2,33.33333333333144,0.0,0.0,11,11,0,31,31,1908,0
1910,1,recording,4606,32,32.0,2,33.33333333333144,0.0,0.0,7,7,0,21,21,1909,0
1911,1,recording,4607,22,22.0,1,16.66666666666572,0.0,0.0,2.000000000014552,2.000000000014552,0,15,15,1910,0
1912,1,recording,4608,23,23.0,1,16.66666666666572,0.0,0.0,3.999999999985448,3.999999999985448,0,21.0,21.0,1911,1.4551915228366852e-11
1913,1,recording,4609,15,15.0,1,16.66666666666572,0.0,0.0,0.9999999999854481,0.9999999999854481,0,11.000000000014552,11.000000000014552,1912,0.0
1914,1,recording,4610,23,23.0,2,33.33333333333144,0.0,0.0,3,2,1,22,23,1913,-1.4551915228366852e-11
1915,1,recording,4611,22,22.0,1,16.66666666666572,0.0,0.0,4,4,0,19,19,1914,0
1916,1,recording,4612,20,20.0,1,16.66666666666572,0.0,0.0,2,2,0,16,16,1915,0
1917,1,recording,4613,26,26.0,2,33.33333333333144,0.0,0.0,5,5,0,24,24,1916,0
1918,1,recording,4614,19,19.0,1,16.66666666666572,0.0,0.0,1.999999999985448,1.999999999985448,0,14.000000000014552,14.000000000014552,1917,1.4551915228366852e-11
1919,1,recording,4615,25,25.0,1,16.66666666666572,0.0,0.0,4,4,0,23,23,1918,-1.4551915228366852e-11
1920,1,recording,4616,37,37.0,2,33.33333333333144,0.0,0.0,8,8,0,33,33,1919,0
1921,1,recording,4617,46,46.0,3,49.99999999999716,0.0,0.0,3,3,0,39,39,1920,1
1922,1,recording,4618,20,20.0,1,16.66666666666572,0.0,0.0,1.999999999985448,1.999999999985448,0,16.000000000014552,16.000000000014552,1921,-0.9999999999854481
1923,1,recording,4619,12,12.0,1,16.66666666666572,0.0,0.0,1.999999999985448,1.999999999985448,0,10.000000000014552,10.000000000014552,1922,0.0
1924,1,recording,4620,16,16.0,1,16.66666666666572,0.0,0.0,3,3,0,14,14,1923,-1.4551915228366852e-11
1925,1,recording,4621,35,35.0,2,33.33333333333144,0.0,0.0,9,9,0,32,32,1924,0
1926,1,recording,4622,32,32.0,2,33.33333333333144,0.0,0.0,4.999999999985448,4.999999999985448,0,23.000000000014552,23.000000000014552,1925,1.4551915228366852e-11
1927,1,recording,4623,16,16.0,1,16.66666666666572,0.0,0.0,2.000000000014552,2.000000000014552,0,11,11,1926,-1.4551915228366852e-11
1928,1,recording,4624,21,21.0,1,16.66666666666572,0.0,0.0,1,1,0,18.999999999985448,18.999999999985448,1927,0
1929,1,recording,4625,27,27.0,2,33.33333333333144,0.0,0.0,3,3,0,26,26,1928,0
1930,1,recording,4626,26,26.0,2,33.33333333333144,0.0,0.0,2,2,0,23,23,1929,0
1931,1,recording,4627,30,30.0,1,16.66666666666572,0.0,0.0,3,3,0,28,28,1930,0
1932,1,recording,4628,21,21.0,2,33.33333333333144,0.0,0.0,2.000000000014552,2.000000000014552,0,18,18,1931,0
1933,1,recording,4629,27,27.0,1,16.66666666666572,0.0,0.0,2,2,0,24.999999999985448,24.999999999985448,1932,0
1934,1,recording,4630,33,33.0,2,33.33333333333144,0.0,0.0,4,4,1,31,31,1933,0
1935,1,recording,4631,23,23.0,2,33.33333333333144,0.0,0.0,3,3,0,19,19,1934,0
1936,1,recording,4632,24,24.0,1,16.66666666666572,0.0,0.0,5.000000000014552,5.000000000014552,0,21,21,1935,0
1937,1,recording,4633,33,33.0,2,33.33333333333144,0.0,0.0,4,4,1,27.999999999985448,27.999999999985448,1936,0
1938,1,recording,4634,59,59.0,4,66.66666666666288,0.0,0.666666666670479,7,7,0,55,55,1937,0
1939,1,recording,4635,23,23.0,1,16.66666666666572,0.0,0.0,2,2,1,16,16,1938,0
1940,1,recording,4636,24,24.0,1,16.66666666666572,0.0,0.0,3.0,3,0,22.000000000014552,22.000000000014552,1939,1.4551915228366852e-11
1941,1,recording,4637,17,17.0,1,16.66666666666572,0.0,0.0,2,2,0,13.999999999985448,13.999999999985448,1940,-1.4551915228366852e-11
1942,1,recording,4638,13,13.0,1,16.66666666666572,0.0,0.0,1.999999999985448,1.999999999985448,0,11.000000000014552,11.000000000014552,1941,1.4551915228366852e-11
1943,1,recording,4639,16,16.0,1,16.66666666666572,0.0,0.0,2,2,0,14,14,1942,-1.4551915228366852e-11
1944,1,recording,4640,25,25.0,2,33.33333333333144,0.0,0.0,4,4,0,23,23,1943,0
1945,1,recording,4641,20,20.0,1,16.66666666666572,0.0,0.0,1,1,0,16,16,1944,0
1946,1,recording,4642,16,16.0,1,16.66666666666572,0.0,0.0,1.999999999985448,1.999999999985448,0,15.000000000014552,15.000000000014552,1945,1.4551915228366852e-11
1947,1,recording,4643,20,20.0,1,16.66666666666572,0.0,0.0,3,3,0,18,18,1946,-1.4551915228366852e-11
1948,1,recording,4644,27,27.0,2,33.33333333333144,0.0,0.0,3,3,0,24,24,1947,0
1949,1,recording,4645,15,15.0,0,0.0,0.0,0.0,3,3,0,12,12,1948,0
1950,1,recording,4646,34,34.0,3,49.99999999999716,0.0,0.0,6,6,1,31,31,1949,0
1951,1,recording,4647,35,35.0,2,33.33333333333144,0.0,0.0,6.999999999985448,6.999999999985448,0,29.000000000014552,29.000000000014552,1950,1.4551915228366852e-11
1952,1,recording,4648,28,28.0,1,16.66666666666572,0.0,0.0,4,4,1,21,21,1951,-1.4551915228366852e-11
1953,1,recording,4649,18,18.0,1,16.66666666666572,0.0,0.0,2,2,1,14,14,1952,0
1954,1,recording,4650,12,12.0,1,16.66666666666572,0.0,0.0,3,3,0,10,10,1953,0
1955,1,recording,4651,25,25.0,2,33.33333333333144,0.0,0.0,2,2,0,22,22,1954,0
1956,1,recording,4652,24,24.0,1,16.66666666666572,0.0,0.0,3,3,0,22,22,1955,0
1957,1,recording,4653,23,23.0,1,16.66666666666572,0.0,0.0,2,2,0,20,20,1956,0
1958,1,recording,4654,14,14.0,1,16.66666666666572,0.0,0.0,2.000000000014552,2.000000000014552,0,12,12,1957,0
1959,1,recording,4655,20,20.0,1,16.66666666666572,0.0,0.0,1.999999999985448,1.999999999985448,0,18.0,18.0,1958,1.4551915228366852e-11
1960,1,recording,4656,23,23.0,2,33.33333333333144,0.0,0.0,3,3,0,21,21,1959,-1.4551915228366852e-11
1961,1,recording,4657,19,19.0,1,16.66666666666572,0.0,0.0,3,3,1,16,16,1960,0
1962,1,recording,4658,26,26.0,2,33.33333333333144,0.0,0.0,3,3,0,23,23,1961,0
1963,1,recording,4659,16,16.0,0,0.0,0.0,0.0,1.000000000014552,1.000000000014552,0,14,14,1962,1
1964,1,recording,4660,35,35.0,3,49.99999999999716,0.0,0.0,3.0,3,0,33.0,33.0,1963,-0.9999999999854481
1965,1,recording,4661,29,29.0,1,16.66666666666572,0.0,0.0,6,6,0,25.999999999985448,25.999999999985448,1964,-1.4551915228366852e-11
1966,1,recording,4662,23,23.0,2,33.33333333333144,0.0,0.0,3,3,0,17,17,1965,0
1967,1,recording,4663,29,29.0,1,16.66666666666572,0.0,0.0,2.000000000014552,2.000000000014552,0,26,26,1966,0
1968,1,recording,4664,17,17.0,1,16.66666666666572,0.0,0.0,3.0,3,0,15.0,15.0,1967,1.4551915228366852e-11
1969,1,recording,4665,17,17.0,1,16.66666666666572,0.0,0.0,4.000000000014552,4.000000000014552,0,13.999999999985448,13.999999999985448,1968,-1.4551915228366852e-11
1970,1,recording,4666,22,22.0,2,33.33333333333144,0.0,0.0,3,3,0,17.999999999985448,17.999999999985448,1969,0
1971,1,recording,4667,12,12.0,1,16.66666666666572,0.0,0.0,4,4,0,9,9,1970,0
1972,1,recording,4668,26,26.0,1,16.66666666666572,0.0,0.0,2,2,0,22,22,1971,0
1973,1,recording,4669,11,11.0,1,16.66666666666572,0.0,0.0,2,2,0,9,9,1972,0
1974,1,recording,4670,20,20.0,1,16.66666666666572,0.0,0.0,3,3,0,18,18,1973,0
1975,1,recording,4671,18,18.0,1,16.66666666666572,0.0,0.0,2.000000000014552,2.000000000014552,0,15,15,1974,0
1976,1,recording,4672,14,14.0,1,16.66666666666572,0.0,0.0,3.0,3,0,12.0,12.0,1975,1.4551915228366852e-11
1977,1,recording,4673,46,46.0,3,49.99999999999716,0.0,0.0,5,4,1,42.99999999998545,42.99999999998545,1976,-1.4551915228366852e-11
1978,1,recording,4674,25,25.0,1,16.66666666666572,0.0,0.0,7,7,1,20,21,1977,0
1979,1,recording,4675,37,37.0,2,33.33333333333144,0.0,0.0,5.000000000014552,5.000000000014552,0,30,30,1978,0
1980,1,recording,4676,27,27.0,2,33.33333333333144,0.0,0.0,7,6,1,21.999999999985448,22.999999999985448,1979,0
1981,1,recording,4677,32,32.0,2,33.33333333333144,0.0,0.0,4,4,0,25,25,1980,0
1982,1,recording,4678,18,18.0,1,16.66666666666572,0.0,0.0,2,2,0,14,14,1981,0
1983,1,recording,4679,21,21.0,1,16.66666666666572,0.0,0.0,2,2,0,19,19,1982,0
1984,1,recording,4680,15,15.0,1,16.66666666666572,0.0,0.0,1,1,0,13,13,1983,0
1985,1,recording,4681,15,15.0,1,16.66666666666572,0.0,0.0,2.000000000014552,2.000000000014552,0,14,14,1984,0
1986,1,recording,4682,18,18.0,1,16.66666666666572,0.0,0.0,2.000000000014552,2.000000000014552,1.000000000014552,15.999999999985448,15.999999999985448,1985,0
1987,1,recording,4683,23,23.0,1,16.66666666666572,0.0,0.0,2,2,0,20.999999999985448,20.999999999985448,1986,0
1988,1,recording,4684,21,21.0,2,33.33333333333144,0.0,0.0,2,2,0,19,19,1987,0
1989,1,recording,4685,20,20.0,1,16.66666666666572,0.0,0.0,2,2,0,18,18,1988,0
1990,1,recording,4686,22,22.0,1,16.66666666666572,0.0,0.0,3,3,0,20,20,1989,0
1991,1,recording,4687,14,14.0,1,16.66666666666572,0.0,0.0,1.999999999985448,1.999999999985448,0,11.000000000014552,11.000000000014552,1990,1.4551915228366852e-11
1992,1,recording,4688,18,18.0,1,16.66666666666572,0.0,0.0,3.0,3,0,16.000000000014552,16.000000000014552,1991,0.0
1993,1,recording,4689,18,18.0,1,16.66666666666572,0.0,0.0,3.0,3,0,15.0,15.0,1992,0.0
1994,1,recording,4690,19,19.0,1,16.66666666666572,0.0,0.0,2,2,1,15.999999999985448,15.999999999985448,1993,-1.4551915228366852e-11
1995,1,recording,4691,16,16.0,1,16.66666666666572,0.0,0.0,3,3,0,14,14,1994,0
1996,1,recording,4692,17,17.0,1,16.66666666666572,0.0,0.0,2,2,0,14,14,1995,0
1997,1,recording,4693,14,14.0,1,16.66666666666572,0.0,0.0,3,3,0,12,12,1996,0
1998,1,recording,4694,18,18.0,1,16.66666666666572,0.0,0.0,3,3,0,15,15,1997,0
1999,1,recording,4695,21,21.0,2,33.33333333333144,0.0,0.0,4,4,0,18,18,1998,0
2000,1,recording,4696,19,19.0,1,16.66666666666572,0.0,0.0,3,3,1.000000000014552,15,15,1999,0
2001,1,recording,4697,15,15.0,1,16.66666666666572,0.0,0.0,2,2,0,12,12,2000,0
2002,1,recording,4698,35,35.0,2,33.33333333333144,0.0,0.0,7,7,0,33,33,2001,0
2003,1,recording,4699,21,21.0,1,16.66666666666572,0.0,0.0,2,2,0,14,14,2002,0
2004,1,recording,4700,27,27.0,2,33.33333333333144,0.0,0.0,2,2,0,25,25,2003,0
2005,1,recording,4701,21,21.0,1,16.66666666666572,0.0,0.0,3,3,1.000000000014552,19,19,2004,0
2006,1,recording,4702,30,30.0,2,33.33333333333144,0.0,0.0,11,11,1,27,27,2005,0
2007,1,recording,4703,43,43.0,2,33.33333333333144,0.0,0.0,12,11,1,32,33,2006,0
2008,1,recording,4704,21,21.0,1,16.66666666666572,0.0,0.0,1,1,0,9,9,2007,0
2009,1,recording,4705,11,11.0,1,16.66666666666572,0.0,0.0,0.9999999999854481,0.9999999999854481,0,10.000000000014552,10.000000000014552,2008,1.4551915228366852e-11
2010,1,recording,4706,16,16.0,1,16.66666666666572,0.0,0.0,2.000000000014552,2.000000000014552,0,15,15,2009,-1.4551915228366852e-11
2011,1,recording,4707,16,16.0,1,16.66666666666572,0.0,0.0,3,3,0,13.999999999985448,13.999999999985448,2010,0
2012,1,recording,4708,19,19.0,1,16.66666666666572,0.0,0.0,2,2,0,16,16,2011,0
2013,1,recording,4709,14,14.0,1,16.66666666666572,0.0,0.0,3,3,0,12,12,2012,0
2014,1,recording,4710,20,20.0,1,16.66666666666572,0.0,0.0,2,2,0,17,17,2013,0
2015,1,recording,4711,17,17.0,1,16.66666666666572,0.0,0.0,2,2,0,15,15,2014,0
2016,1,recording,4712,17,17.0,1,16.66666666666572,0.0,0.0,0.9999999999854481,0.9999999999854481,0,15.000000000014552,15.000000000014552,2015,1.4551915228366852e-11
2017,1,recording,4713,14,14.0,1,16.66666666666572,0.0,0.0,2,2,0,13,13,2016,-1.4551915228366852e-11
2018,1,recording,4714,27,27.0,2,33.33333333333144,0.0,0.0,4,4,0,25,25,2017,0
2019,1,recording,4715,16,16.0,1,16.66666666666572,0.0,0.0,2,2,0,12,12,2018,0
2020,1,recording,4716,19,19.0,1,16.66666666666572,0.0,0.0,1,1,0,17,17,2019,0
2021,1,recording,4717,22,22.0,1,16.66666666666572,0.0,0.0,2,2,0,21,21,2020,0
2022,1,recording,4718,16,16.0,1,16.66666666666572,0.0,0.0,2.000000000014552,2.000000000014552,0,14,14,2021,0
2023,1,recording,4719,26,26.0,2,33.33333333333144,0.0,0.0,1.999999999985448,1.999999999985448,0,24.0,24.0,2022,1.4551915228366852e-11
2024,1,recording,4720,33,33.0,2,33.33333333333144,0.0,0.0,5,4,2,31,32,2023,-1.4551915228366852e-11
2025,1,recording,4721,30,30.0,1,16.66666666666572,0.0,0.0,2,2,0,25,25,2024,0
2026,1,recording,4722,31,31.0,2,33.33333333333144,0.0,0.0,2,2,0,29,29,2025,0
2027,1,recording,4723,17,17.0,1,16.66666666666572,0.0,0.0,2.000000000014552,2.000000000014552,0,15,15,2026,0
2028,1,recording,4724,24,24.0,2,33.33333333333144,0.0,0.0,8.000000000014552,8.000000000014552,0,21.999999999985448,21.999999999985448,2027,0
2029,1,recording,4725,28,28.0,1,16.66666666666572,0.0,0.0,3,3,0,19.999999999985448,19.999999999985448,2028,0
2030,1,recording,4726,11,11.0,1,16.66666666666572,0.0,0.0,2,2,0,8,8,2029,0
2031,1,recording,4727,14,14.0,1,16.66666666666572,0.0,0.0,3,3,0,12,12,2030,0
2032,1,recording,4728,14,14.0,1,16.66666666666572,0.0,0.0,2,2,0,12,12,2031,1
2033,1,recording,4729,14,14.0,1,16.66666666666572,0.0,0.0,2,2,0,11,11,2032,-1
2034,1,recording,4730,32,32.0,2,33.33333333333144,0.0,0.0,7,7,0,30,30,2033,0
2035,1,recording,4731,28,28.0,1,16.66666666666572,0.0,0.0,2,2,0,21,21,2034,0
2036,1,recording,4732,25,25.0,2,33.33333333333144,0.0,0.0,5,5,0,23,23,2035,0
2037,1,recording,4733,24,24.0,1,16.66666666666572,0.0,0.0,3,3,0,19,19,2036,0
2038,1,recording,4734,37,37.0,2,33.33333333333144,0.0,0.0,5,5,0,34,34,2037,0
2039,1,recording,4735,27,27.0,2,33.33333333333144,0.0,0.0,4.000000000014552,4.000000000014552,0,22,22,2038,0
2040,1,recording,4736,36,36.0,2,33.33333333333144,0.0,0.0,4,4,0,31.999999999985448,31.999999999985448,2039,0
2041,1,recording,4737,13,13.0,1,16.66666666666572,0.0,0.0,2,2,0,9,9,2040,0
2042,1,recording,4738,22,22.0,1,16.66666666666572,0.0,0.0,2,2,0,20,20,2041,0
2043,1,recording,4739,14,14.0,1,16.66666666666572,0.0,0.0,2.000000000014552,2.000000000014552,0,12,12,2042,0
2044,1,recording,4740,19,19.0,1,16.66666666666572,0.0,0.0,7.000000000014552,7.000000000014552,0,16.999999999985448,16.999999999985448,2043,0
2045,1,recording,4741,24,24.0,2,33.33333333333144,0.0,0.0,2,2,0,16.999999999985448,16.999999999985448,2044,0
2046,1,recording,4742,30,30.0,2,33.33333333333144,0.0,0.0,2,2,0,28,28,2045,0
2047,1,recording,4743,27,27.0,1,16.66666666666572,0.0,0.0,2,2,0,25,25,2046,0
2048,1,recording,4744,23,23.0,2,33.33333333333144,0.0,0.0,5,5,0,21,21,2047,0
2049,1,recording,4745,24,24.0,1,16.66666666666572,0.0,0.0,3,3,0,19,19,2048,0
2050,1,recording,4746,31,31.0,2,33.33333333333144,0.0,0.0,5,5,0,28,28,2049,0
2051,1,recording,4747,24,24.0,1,16.66666666666572,0.0,0.0,3,3,1,19,19,2050,0
2052,1,recording,4748,30,30.0,2,33.33333333333144,0.0,0.0,3,3,0,27,27,2051,0
2053,1,recording,4749,16,16.0,1,16.66666666666572,0.0,0.0,2,2,0,13,13,2052,0
2054,1,recording,4750,13,13.0,1,16.66666666666572,0.0,0.0,1.999999999985448,1.999999999985448,0,11.000000000014552,11.000000000014552,2053,1.4551915228366852e-11
2055,1,recording,4751,17,17.0,1,16.66666666666572,0.0,0.0,2,2,0,15,15,2054,-1.4551915228366852e-11
2056,1,recording,4752,12,12.0,1,16.66666666666572,0.0,0.0,2,2,0,10,10,2055,0
2057,1,recording,4753,20,20.0,1,16.66666666666572,0.0,0.0,3,3,0,18,18,2056,0
2058,1,recording,4754,16,16.0,1,16.66666666666572,0.0,0.0,2,2,0,13,13,2057,0
2059,1,recording,4755,13,13.0,0,0.0,0.0,0.0,1,1,0,11,11,2058,0
2060,1,recording,4756,19,19.0,2,33.33333333333144,0.0,0.0,3,3,0,18,18,2059,0
2061,1,recording,4757,16,16.0,1,16.66666666666572,0.0,0.0,1.999999999985448,1.999999999985448,0,13.000000000014552,13.000000000014552,2060,1.4551915228366852e-11
2062,1,recording,4758,14,14.0,0,0.0,0.0,0.0,2,2,0,12,12,2061,-1.4551915228366852e-11
2063,1,recording,4759,27,27.0,2,33.33333333333144,0.0,0.0,11,11,0,25,25,2062,0
2064,1,recording,4760,43,43.0,3,49.99999999999716,0.0,0.0,7,7,0,32,32,2063,0
2065,1,recording,4761,30,30.0,1,16.66666666666572,0.0,0.0,3,3,0,23,23,2064,0
2066,1,recording,4762,25,25.0,2,33.33333333333144,0.0,0.0,5,5,0,22,22,2065,0
2067,1,recording,4763,34,34.0,2,33.33333333333144,0.0,0.0,6,6,0,30,30,2066,1
2068,1,recording,4764,30,30.0,2,33.33333333333144,0.0,0.0,3,3,0,23,23,2067,-1
2069,1,recording,4765,27,27.0,1,16.66666666666572,0.0,0.0,3,3,0,24,24,2068,0
2070,1,recording,4766,13,13.0,1,16.66666666666572,0.0,0.0,3,3,0,10,10,2069,0
2071,1,recording,4767,15,15.0,1,16.66666666666572,0.0,0.0,2,2,1.000000000014552,12,12,2070,0
2072,1,recording,4768,17,17.0,1,16.66666666666572,0.0,0.0,2.000000000014552,2.000000000014552,0,15,15,2071,0
2073,1,recording,4769,17,17.0,1,16.66666666666572,0.0,0.0,1.999999999985448,1.999999999985448,0,15.0,15.0,2072,1.4551915228366852e-11
2074,1,recording,4770,17,17.0,1,16.66666666666572,0.0,0.0,2,2,0,15,15,2073,-1.4551915228366852e-11
2075,1,recording,4771,16,16.0,1,16.66666666666572,0.0,0.0,11,11,0,14,14,2074,0
2076,1,recording,4772,24,24.0,2,33.33333333333144,0.0,0.0,2,2,0,16,16,2075,3
2077,1,recording,4773,18,18.0,1,16.66666666666572,0.0,0.0,2,2,0,13,13,2076,-3
2078,1,recording,4774,24,24.0,1,16.66666666666572,0.0,0.0,9,9,0,22,22,2077,0
2079,1,recording,4775,33,33.0,2,33.33333333333144,0.0,0.0,2.000000000014552,2.000000000014552,0,24,24,2078,0
2080,1,recording,4776,24,24.0,1,16.66666666666572,0.0,0.0,2,2,0,23.999999999985448,23.999999999985448,2079,2
2081,1,recording,4777,36,36.0,3,49.99999999999716,0.0,0.0,11,11,0,32,32,2080,-2
2082,1,recording,4778,27,27.0,1,16.66666666666572,0.0,0.0,6,6,0,16,16,2081,0
2083,1,recording,4779,26,26.0,2,33.33333333333144,0.0,0.0,4,4,0,20,20,2082,0
2084,1,recording,4780,33,33.0,2,33.33333333333144,0.0,0.0,2,2,0,29,29,2083,0
2085,1,recording,4781,17,17.0,1,16.66666666666572,0.0,0.0,2,2,0,15,15,2084,0
2086,1,recording,4782,29,29.0,2,33.33333333333144,0.0,0.0,7,7,0,27,27,2085,0
2087,1,recording,4783,34,34.0,2,33.33333333333144,0.0,0.0,2.000000000014552,2.000000000014552,0,27,27,2086,0
2088,1,recording,4784,18,18.0,1,16.66666666666572,0.0,0.0,2.000000000014552,2.000000000014552,0,15.999999999985448,15.999999999985448,2087,0
2089,1,recording,4785,21,21.0,1,16.66666666666572,0.0,0.0,2,2,0,18.999999999985448,18.999999999985448,2088,0
2090,1,recording,4786,30,30.0,2,33.33333333333144,0.0,0.0,4,4,1,28,28,2089,0
2091,1,recording,4787,27,27.0,1,16.66666666666572,0.0,0.0,3,3,0,23,23,2090,0
2092,1,recording,4788,20,20.0,2,33.33333333333144,0.0,0.0,4,4,0,17,17,2091,0
2093,1,recording,4789,33,33.0,2,33.33333333333144,0.0,0.0,4,4,0,29,29,2092,0
2094,1,recording,4790,26,26.0,1,16.66666666666572,0.0,0.0,3,3,0,22,22,2093,0
2095,1,recording,4791,15,15.0,1,16.66666666666572,0.0,0.0,3,3,0,12,12,2094,0
2096,1,recording,4792,20,20.0,1,16.66666666666572,0.0,0.0,3,3,0,17,17,2095,0
2097,1,recording,4793,13,13.0,1,16.66666666666572,0.0,0.0,2.000000000014552,2.000000000014552,0,10,10,2096,0
2098,1,recording,4794,14,14.0,1,16.66666666666572,0.0,0.0,1.999999999985448,1.999999999985448,0,12.0,12.0,2097,1.4551915228366852e-11
2099,1,recording,4795,26,26.0,1,16.66666666666572,0.0,0.0,2,2,0,24,24,2098,-1.4551915228366852e-11
2100,1,recording,4796,26,26.0,2,33.33333333333144,0.0,0.0,4,4,0,24,24,2099,0
2101,1,recording,4797,24,24.0,1,16.66666666666572,0.0,0.0,2,2,0,20,20,2100,0
2102,1,recording,4798,13,13.0,1,16.66666666666572,0.0,0.0,1,1,0,11,11,2101,0
2103,1,recording,4799,16,16.0,1,16.66666666666572,0.0,0.0,2,2,0,15,15,2102,0
2104,1,recording,4800,21,21.0,1,16.66666666666572,0.0,0.0,3,3,0,19,19,2103,0
2105,1,recording,4801,17,17.0,1,16.66666666666572,0.0,0.0,1.999999999985448,1.999999999985448,0,14.000000000014552,14.000000000014552,2104,1.4551915228366852e-11
2106,1,recording,4802,15,15.0,1,16.66666666666572,0.0,0.0,2.000000000014552,2.000000000014552,0,14,14,2105,0.9999999999854481
2107,1,recording,4803,14,14.0,1,16.66666666666572,0.0,0.0,1,1,0,10.999999999985448,10.999999999985448,2106,-1
2108,1,recording,4804,16,16.0,1,16.66666666666572,0.0,0.0,2,2,0,16,16,2107,1
2109,1,recording,4805,17,17.0,1,16.66666666666572,0.0,0.0,2,2,0,14,14,2108,-1
2110,1,recording,4806,17,17.0,1,16.66666666666572,0.0,0.0,3,3,0,15,15,2109,0
2111,1,recording,4807,25,25.0,2,33.33333333333144,0.0,0.0,1.999999999985448,1.999999999985448,0,22.000000000014552,22.000000000014552,2110,1.4551915228366852e-11
2112,1,recording,4808,32,32.0,2,33.33333333333144,0.0,0.0,8,8,0,30,30,2111,-1.4551915228366852e-11
2113,1,recording,4809,32,32.0,1,16.66666666666572,0.0,0.0,3,3,0,24,24,2112,0
2114,1,recording,4810,28,28.0,2,33.33333333333144,0.0,0.0,3,3,0,25,25,2113,0
2115,1,recording,4811,28,28.0,2,33.33333333333144,0.0,0.0,3,3,2.000000000014552,25,25,2114,0
2116,1,recording,4812,17,17.0,1,16.66666666666572,0.0,0.0,0.9999999999854481,0.9999999999854481,0,14.000000000014552,14.000000000014552,2115,1.4551915228366852e-11
2117,1,recording,4813,14,14.0,1,16.66666666666572,0.0,0.0,2,2,0,13,13,2116,-1.4551915228366852e-11
2118,1,recording,4814,17,17.0,1,16.66666666666572,0.0,0.0,2,2,0,15,15,2117,0
2119,1,recording,4815,19,19.0,1,16.66666666666572,0.0,0.0,3,3,0,17,17,2118,0
2120,1,recording,4816,26,26.0,1,16.66666666666572,0.0,0.0,2,2,1,23,23,2119,0
2121,1,recording,4817,16,16.0,1,16.66666666666572,0.0,0.0,1,1,0,14,14,2120,0
2122,1,recording,4818,21,21.0,2,33.33333333333144,0.0,0.0,0.9999999999854481,0.9999999999854481,0,20.000000000014552,20.000000000014552,2121,1.4551915228366852e-11
2123,1,recording,4819,21,21.0,1,16.66666666666572,0.0,0.0,1.999999999985448,1.999999999985448,0,20.000000000014552,20.000000000014552,2122,0.0
2124,1,recording,4820,19,19.0,1,16.66666666666572,0.0,0.0,2.000000000014552,2.000000000014552,1.000000000014552,17,17,2123,-1.4551915228366852e-11
2125,1,recording,4821,25,25.0,2,33.33333333333144,0.0,0.0,2,2,0,22.999999999985448,22.999999999985448,2124,0
2126,1,recording,4822,18,18.0,1,16.66666666666572,0.0,0.0,5,5,0,16,16,2125,0
2127,1,recording,4823,32,32.0,2,33.33333333333144,0.0,0.0,11,11,0,27,27,2126,0
2128,1,recording,4824,37,37.0,2,33.33333333333144,0.0,0.0,9.0,9,0.9999999999854481,26.000000000014552,26.000000000014552,2127,1.4551915228366852e-11
2129,1,recording,4825,36,36.0,2,33.33333333333144,0.0,0.0,5,4,1,26.999999999985448,27.999999999985448,2128,-1.4551915228366852e-11
2130,1,recording,4826,24,24.0,1,16.66666666666572,0.0,0.0,2,2,0,19,19,2129,0
2131,1,recording,4827,25,25.0,2,33.33333333333144,0.0,0.0,3.000000000014552,3.000000000014552,0,24,24,2130,1
2132,1,recording,4828,18,18.0,1,16.66666666666572,0.0,0.0,3,3,0,13.999999999985448,13.999999999985448,2131,-1
2133,1,recording,4829,18,18.0,1,16.66666666666572,0.0,0.0,3,3,0,15,15,2132,0
2134,1,recording,4830,17,17.0,1,16.66666666666572,0.0,0.0,2.000000000014552,2.000000000014552,0,14,14,2133,0
2135,1,recording,4831,22,22.0,1,16.66666666666572,0.0,0.0,4,4,1,19.999999999985448,19.999999999985448,2134,0
2136,1,recording,4832,24,24.0,2,33.33333333333144,0.0,0.0,4,4,1,20,20,2135,0
2137,1,recording,4833,28,28.0,1,16.66666666666572,0.0,0.0,4,4,1,24,24,2136,0
2138,1,recording,4834,21,21.0,2,33.33333333333144,0.0,0.0,8.000000000014552,8.000000000014552,0,17,17,2137,0
2139,1,recording,4835,35,35.0,2,33.33333333333144,0.0,0.0,4,3,1,26.999999999985448,27.999999999985448,2138,0
2140,1,recording,4836,18,18.0,1,16.66666666666572,0.0,0.0,5,5,0,14,14,2139,0
2141,1,recording,4837,29,29.0,2,33.33333333333144,0.0,0.0,3,3,1,24,24,2140,0
2142,1,recording,4838,14,14.0,0,0.0,0.0,0.0,2,2,1,11,11,2141,0
2143,1,recording,4839,21,21.0,2,33.33333333333144,0.0,0.0,2,2,0,19,19,2142,0
2144,1,recording,4840,22,22.0,1,16.66666666666572,0.0,0.0,0.9999999999854481,0.9999999999854481,0,20.000000000014552,20.000000000014552,2143,1.4551915228366852e-11
2145,1,recording,4841,13,13.0,1,16.66666666666572,0.0,0.0,1,1,0,12,12,2144,-1.4551915228366852e-11
2146,1,recording,4842,18,18.0,1,16.66666666666572,0.0,0.0,1,1,0,17,17,2145,0
2147,1,recording,4843,18,18.0,1,16.66666666666572,0.0,0.0,4,4,0,17,17,2146,0
2148,1,recording,4844,22,22.0,1,16.66666666666572,0.0,0.0,1,1,0,18,18,2147,0
2149,1,recording,4845,20,20.0,2,33.33333333333144,0.0,0.0,2,2,0,19,19,2148,0
2150,1,recording,4846,23,23.0,1,16.66666666666572,0.0,0.0,2.000000000014552,2.000000000014552,0,21,21,2149,0
2151,1,recording,4847,19,19.0,1,16.66666666666572,0.0,0.0,4.000000000014552,4.000000000014552,0,16.999999999985448,16.999999999985448,2150,0
2152,1,recording,4848,30,30.0,2,33.33333333333144,0.0,0.0,3,3,0,25.999999999985448,25.999999999985448,2151,0
2153,1,recording,4849,16,16.0,1,16.66666666666572,0.0,0.0,1,1,0,13,13,2152,0
2154,1,recording,4850,20,20.0,1,16.66666666666572,0.0,0.0,2,2,0,19,19,2153,0
2155,1,recording,4851,23,23.0,1,16.66666666666572,0.0,0.0,4.000000000014552,4.000000000014552,2,21,21,2154,0
2156,1,recording,4852,30,30.0,2,33.33333333333144,0.0,0.0,4.000000000014552,4.000000000014552,0,25.999999999985448,25.999999999985448,2155,0
2157,1,recording,4853,30,30.0,2,33.33333333333144,0.0,0.0,7,7,0,25.999999999985448,25.999999999985448,2156,0
2158,1,recording,4854,25,25.0,1,16.66666666666572,0.0,0.0,4,4,0,18,18,2157,0
2159,1,recording,4855,34,34.0,3,49.99999999999716,0.0,0.0,8,8,0,30,30,2158,0
2160,1,recording,4856,28,28.0,1,16.66666666666572,0.0,0.0,3.0,3,0,20.000000000014552,20.000000000014552,2159,1.4551915228366852e-11
2161,1,recording,4857,25,25.0,2,33.33333333333144,0.0,0.0,3,3,0,21.999999999985448,21.999999999985448,2160,-1.4551915228366852e-11
2162,1,recording,4858,15,15.0,1,16.66666666666572,0.0,0.0,2,2,0,12,12,2161,0
2163,1,recording,4859,16,16.0,1,16.66666666666572,0.0,0.0,3,3,0,14,14,2162,0
2164,1,recording,4860,18,18.0,1,16.66666666666572,0.0,0.0,2,2,0,15,15,2163,0
2165,1,recording,4861,23,23.0,1,16.66666666666572,0.0,0.0,5,5,0,21,21,2164,0
2166,1,recording,4862,23,23.0,1,16.66666666666572,0.0,0.0,10,10,1.000000000014552,18,18,2165,0
2167,1,recording,4863,31,31.0,2,33.33333333333144,0.0,0.0,8,8,0,21,21,2166,0
2168,1,recording,4864,34,34.0,2,33.33333333333144,0.0,0.0,3,3,0,26,26,2167,0
2169,1,recording,4865,118,118.0,4,66.66666666666288,0.0,64.33333333333724,24,24,1,115,115,2168,0
2170,1,recording,4866,48,48.0,2,33.33333333333144,0.0,0.0,3.0,3,0,24.000000000014552,24.000000000014552,2169,1.4551915228366852e-11
2171,1,recording,4867,31,31.0,2,33.33333333333144,0.0,0.0,2.000000000014552,2.000000000014552,0,27.999999999985448,27.999999999985448,2170,-1.4551915228366852e-11
2172,1,recording,4868,17,17.0,1,16.66666666666572,0.0,0.0,1.999999999985448,1.999999999985448,0,15.0,15.0,2171,1.4551915228366852e-11
2173,1,recording,4869,22,22.0,2,33.33333333333144,0.0,0.0,2,2,0,20,20,2172,-1.4551915228366852e-11
2174,1,recording,4870,14,14.0,0,0.0,0.0,0.0,3,3,0,12,12,2173,0
2175,1,recording,4871,15,15.0,1,16.66666666666572,0.0,0.0,1,1,0,12,12,2174,0
2176,1,recording,4872,21,21.0,2,33.33333333333144,0.0,0.0,5.000000000014552,5.000000000014552,0,20,20,2175,0
2177,1,recording,4873,22,22.0,1,16.66666666666572,0.0,0.0,2,2,0,16.999999999985448,16.999999999985448,2176,0
2178,1,recording,4874,24,24.0,1,16.66666666666572,0.0,0.0,2,2,0,22,22,2177,0
2179,1,recording,4875,15,15.0,1,16.66666666666572,0.0,0.0,2,2,0,13,13,2178,0
2180,1,recording,4876,17,17.0,1,16.66666666666572,0.0,0.0,3,3,0,15,15,2179,0
2181,1,recording,4877,19,19.0,1,16.66666666666572,0.0,0.0,1,1,0,16,16,2180,0
2182,1,recording,4878,14,14.0,1,16.66666666666572,0.0,0.0,2,2,0,13,13,2181,0
2183,1,recording,4879,17,17.0,1,16.66666666666572,0.0,0.0,2.000000000014552,2.000000000014552,1,15,15,2182,0
2184,1,recording,4880,19,19.0,1,16.66666666666572,0.0,0.0,37,37,2,21.999999999985448,21.999999999985448,2183,5
2185,1,recording,4881,67,67.0,4,66.66666666666288,0.0,15.33333333333714,5,5,0,28,28,2184,-2
2186,1,recording,4882,35,35.0,2,33.33333333333144,0.0,0.0,6.000000000014552,6.000000000014552,0,27,27,2185,-3
2187,1,recording,4883,20,20.0,1,16.66666666666572,0.0,0.0,2,2,0,13.999999999985448,13.999999999985448,2186,0
2188,1,recording,4884,19,19.0,1,16.66666666666572,0.0,0.0,3.0,3,0,17.000000000014552,17.000000000014552,2187,1.4551915228366852e-11
2189,1,recording,4885,28,28.0,2,33.33333333333144,0.0,0.0,11,11,0,26.999999999985448,26.999999999985448,2188,1.999999999985448
2190,1,recording,4886,28,28.0,1,16.66666666666572,0.0,0.0,4,4,0,15,15,2189,-2
2191,1,recording,4887,20,20.0,2,33.33333333333144,0.0,0.0,4,4,0,16,16,2190,0
2192,1,recording,4888,23,23.0,1,16.66666666666572,0.0,0.0,5.000000000014552,5.000000000014552,0,19,19,2191,0
2193,1,recording,4889,19,19.0,1,16.66666666666572,0.0,0.0,4.000000000014552,4.000000000014552,0,13.999999999985448,13.999999999985448,2192,0
2194,1,recording,4890,30,30.0,2,33.33333333333144,0.0,0.0,4,4,0,25.999999999985448,25.999999999985448,2193,0
2195,1,recording,4891,52,52.0,3,49.99999999999716,0.0,0.0,21,21,1,49,49,2194,1
2196,1,recording,4892,47,47.0,3,49.99999999999716,0.0,0.0,3.999999999985448,3.999999999985448,0,25.000000000014552,25.000000000014552,2195,-0.9999999999854481
2197,1,recording,4893,47,47.0,3,49.99999999999716,0.0,0.0,4,4,0,43,43,2196,-1.4551915228366852e-11
2198,1,recording,4894,28,28.0,1,16.66666666666572,0.0,0.0,3,3,0,24,24,2197,0
2199,1,recording,4895,16,16.0,1,16.66666666666572,0.0,0.0,0.9999999999854481,0.9999999999854481,0,14.000000000014552,14.000000000014552,2198,1.000000000014552
2200,1,recording,4896,19,19.0,1,16.66666666666572,0.0,0.0,3,2,1,18,19,2199,-1.4551915228366852e-11
2201,1,recording,4897,34,34.0,2,33.33333333333144,0.0,0.0,4,4,0,31,31,2200,0
2202,1,recording,4898,32,32.0,2,33.33333333333144,0.0,0.0,3,3,0,27,27,2201,-1
2203,1,recording,4899,27,27.0,2,33.33333333333144,0.0,0.0,2,2,0,24,24,2202,0
2204,1,recording,4900,29,29.0,2,33.33333333333144,0.0,0.0,28,28,0,28,28,2203,1
2205,1,recording,4901,39,39.0,2,33.33333333333144,0.0,0.0,2.999999999985448,2.999999999985448,0,10.000000000014552,10.000000000014552,2204,-0.9999999999854481
2206,1,recording,4902,28,28.0,2,33.33333333333144,0.0,0.0,4,4,0,25,25,2205,-1.4551915228366852e-11
2207,1,recording,4903,20,20.0,1,16.66666666666572,0.0,0.0,10,10,0,16,16,2206,0
2208,1,recording,4904,32,32.0,2,33.33333333333144,0.0,0.0,1.999999999985448,1.999999999985448,0,22.000000000014552,22.000000000014552,2207,1.4551915228366852e-11
2209,1,recording,4905,13,13.0,1,16.66666666666572,0.0,0.0,2.000000000014552,2.000000000014552,0,11,11,2208,-1.4551915228366852e-11
2210,1,recording,4906,19,19.0,1,16.66666666666572,0.0,0.0,18.999999999985448,18.999999999985448,0,18.0,18.0,2209,1.000000000014552
2211,1,recording,4907,38,38.0,2,33.33333333333144,0.0,0.0,5,5,0,18,18,2210,-1.000000000014552
2212,1,recording,4908,33,33.0,2,33.33333333333144,0.0,0.0,4,4,0,28,28,2211,0
2213,1,recording,4909,22,22.0,1,16.66666666666572,0.0,0.0,3.999999999985448,3.999999999985448,0,18.000000000014552,18.000000000014552,2212,1.4551915228366852e-11
2214,1,recording,4910,29,29.0,2,33.33333333333144,0.0,0.0,8,8,0,25,25,2213,-1.4551915228366852e-11
2215,1,recording,4911,20,20.0,1,16.66666666666572,0.0,0.0,3,3,0,12,12,2214,0
2216,1,recording,4912,21,21.0,2,33.33333333333144,0.0,0.0,5,5,0,18,18,2215,0
2217,1,recording,4913,17,17.0,1,16.66666666666572,0.0,0.0,2,2,0,12,12,2216,0
2218,1,recording,4914,20,20.0,1,16.66666666666572,0.0,0.0,3,3,0,18,18,2217,0
2219,1,recording,4915,13,13.0,1,16.66666666666572,0.0,0.0,3,3,0,10,10,2218,0
2220,1,recording,4916,14,14.0,0,0.0,0.0,0.0,1.999999999985448,1.999999999985448,0,11.000000000014552,11.000000000014552,2219,1.4551915228366852e-11
2221,1,recording,4917,20,20.0,2,33.33333333333144,0.0,0.0,3,3,0,18,18,2220,-1.4551915228366852e-11
2222,1,recording,4918,19,19.0,1,16.66666666666572,0.0,0.0,2,2,1,16,16,2221,0
2223,1,recording,4919,28,28.0,1,16.66666666666572,0.0,0.0,6,6,1,26,26,2222,0
2224,1,recording,4920,24,24.0,2,33.33333333333144,0.0,0.0,3,3,0,18,18,2223,0
2225,1,recording,4921,32,32.0,2,33.33333333333144,0.0,0.0,16.999999999985448,16.999999999985448,0,31.000000000014552,31.000000000014552,2224,2.000000000014552
2226,1,recording,4922,48,48.0,3,49.99999999999716,0.0,0.0,12,12,0,29,29,2225,-2.000000000014552
2227,1,recording,4923,37,37.0,2,33.33333333333144,0.0,0.0,3,3,0,30,30,2226,5
2228,1,recording,4924,28,28.0,2,33.33333333333144,0.0,0.0,7,7,0,20,20,2227,-5
2229,1,recording,4925,31,31.0,1,16.66666666666572,0.0,0.0,2,2,0,24,24,2228,0
2230,1,recording,4926,16,16.0,1,16.66666666666572,0.0,0.0,3.0,3,0,14.000000000014552,14.000000000014552,2229,1.4551915228366852e-11
2231,1,recording,4927,30,30.0,2,33.33333333333144,0.0,0.0,6,6,0,26.999999999985448,26.999999999985448,2230,-1.4551915228366852e-11
2232,1,recording,4928,52,52.0,3,49.99999999999716,0.0,0.0,18.999999999985448,18.999999999985448,1,47.00000000001455,47.00000000001455,2231,1.000000000014552
2233,1,recording,4929,41,41.0,3,49.99999999999716,0.0,0.0,4,3,1,21,22,2232,-1.000000000014552
2234,1,recording,4930,41,41.0,2,33.33333333333144,0.0,0.0,9,9,0,37,37,2233,0
2235,1,recording,4931,36,36.0,2,33.33333333333144,0.0,0.0,3,3,0,27,27,2234,0
2236,1,recording,4932,24,24.0,2,33.33333333333144,0.0,0.0,5.000000000014552,5.000000000014552,0,21,21,2235,0
2237,1,recording,4933,16,16.0,1,16.66666666666572,0.0,0.0,4.000000000014552,4.000000000014552,1.000000000014552,10.999999999985448,10.999999999985448,2236,0
2238,1,recording,4934,27,27.0,1,16.66666666666572,0.0,0.0,4,4,0,22.999999999985448,22.999999999985448,2237,0
2239,1,recording,4935,20,20.0,2,33.33333333333144,0.0,0.0,3,3,0,17,17,2238,1
2240,1,recording,4936,45,45.0,2,33.33333333333144,0.0,0.0,14,12.999999999985448,1.000000000014552,41,42.00000000001455,2239,-1
2241,1,recording,4937,60,60.0,4,66.66666666666288,0.0,6.000000000003835,7,7,0,46,46,2240,0
2242,1,recording,4938,40,40.0,2,33.33333333333144,0.0,0.0,12,12,0,33,33,2241,0
2243,1,recording,4939,40,40.0,2,33.33333333333144,0.0,0.0,5,5,0,28,28,2242,0
2244,1,recording,4940,32,32.0,2,33.33333333333144,0.0,0.0,2,2,0,27,27,2243,0
2245,1,recording,4941,29,29.0,2,33.33333333333144,0.0,0.0,3,3,0,28,28,2244,1
2246,1,recording,4942,21,21.0,1,16.66666666666572,0.0,0.0,2,2,0,17,17,2245,-1
2247,1,recording,4943,24,24.0,2,33.33333333333144,0.0,0.0,8,8,0,23,23,2246,1
2248,1,recording,4944,20,20.0,1,16.66666666666572,0.0,0.0,0.9999999999854481,0.9999999999854481,0,11.000000000014552,11.000000000014552,2247,-0.9999999999854481
2249,1,recording,4945,28,28.0,2,33.33333333333144,0.0,0.0,5,5,0,27,27,2248,-1.4551915228366852e-11
2250,1,recording,4946,22,22.0,1,16.66666666666572,0.0,0.0,2,2,0,17,17,2249,0
2251,1,recording,4947,26,26.0,1,16.66666666666572,0.0,0.0,2,2,0,24,24,2250,0
2252,1,recording,4948,31,31.0,2,33.33333333333144,0.0,0.0,12.999999999985448,12.999999999985448,0,29.000000000014552,29.000000000014552,2251,1.4551915228366852e-11
2253,1,recording,4949,34,34.0,2,33.33333333333144,0.0,0.0,17,16,1,21,22,2252,-1.4551915228366852e-11
2254,1,recording,4950,29,29.0,2,33.33333333333144,0.0,0.0,3,3,1,13,13,2253,1
2255,1,recording,4951,27,27.0,2,33.33333333333144,0.0,0.0,3,2,1,23,24,2254,-1
2256,1,recording,4952,20,20.0,1,16.66666666666572,0.0,0.0,14,14,3,17,17,2255,0
2257,1,recording,4953,27,27.0,2,33.33333333333144,0.0,0.0,1.999999999985448,1.999999999985448,0,13.000000000014552,13.000000000014552,2256,1.4551915228366852e-11
2258,1,recording,4954,21,21.0,1,16.66666666666572,0.0,0.0,3.0,3,0,19.000000000014552,19.000000000014552,2257,0.0
2259,1,recording,4955,17,17.0,1,16.66666666666572,0.0,0.0,5,5,3,13.999999999985448,13.999999999985448,2258,-1.4551915228366852e-11
2260,1,recording,4956,18,18.0,1,16.66666666666572,0.0,0.0,3,3,0,14,14,2259,1
2261,1,recording,4957,17,17.0,1,16.66666666666572,0.0,0.0,2,2,0,13,13,2260,-1
2262,1,recording,4958,16,16.0,1,16.66666666666572,0.0,0.0,5,5,0,14,14,2261,0
2263,1,recording,4959,31,31.0,2,33.33333333333144,0.0,0.0,7,7,0,26,26,2262,0
2264,1,recording,4960,42,42.0,2,33.33333333333144,0.0,0.0,13,13,0,35,35,2263,0
2265,1,recording,4961,39,39.0,3,49.99999999999716,0.0,0.0,7,7,0,26,26,2264,0
2266,1,recording,4962,45,45.0,2,33.33333333333144,0.0,0.0,18.0,18,0,39.00000000001455,39.00000000001455,2265,1.000000000014552
2267,1,recording,4963,36,36.0,2,33.33333333333144,0.0,0.0,3,3,0,16.999999999985448,16.999999999985448,2266,-1.000000000014552
2268,1,recording,4964,25,25.0,2,33.33333333333144,0.0,0.0,22,22,0,22,22,2267,0
2269,1,recording,4965,37,37.0,2,33.33333333333144,0.0,0.0,2,2,0,15,15,2268,0
2270,1,recording,4966,13,13.0,1,16.66666666666572,0.0,0.0,1.999999999985448,1.999999999985448,0.9999999999854481,11.000000000014552,11.000000000014552,2269,1.4551915228366852e-11
2271,1,recording,4967,31,31.0,2,33.33333333333144,0.0,0.0,12,12,1.999999999985448,35,35,2270,5.999999999985448
2272,1,recording,4968,46,46.0,3,49.99999999999716,0.0,0.0,28,28,0,29,29,2271,-5
2273,1,recording,4969,43,43.0,2,33.33333333333144,0.0,0.0,3,3,0,14,14,2272,-1
2274,1,recording,4970,18,18.0,1,16.66666666666572,0.0,0.0,3,3,0,15,15,2273,0
2275,1,recording,4971,27,27.0,2,33.33333333333144,0.0,0.0,2.000000000014552,2.000000000014552,0,24,24,2274,0
2276,1,recording,4972,18,18.0,1,16.66666666666572,0.0,0.0,3,3,0,15.999999999985448,15.999999999985448,2275,0
2277,1,recording,4973,24,24.0,1,16.66666666666572,0.0,0.0,3,3,1,21,21,2276,0
2278,1,recording,4974,17,17.0,1,16.66666666666572,0.0,0.0,2,2,0,14,14,2277,0
2279,1,recording,4975,20,20.0,2,33.33333333333144,0.0,0.0,2,2,0,18,18,2278,0
2280,1,recording,4976,28,28.0,1,16.66666666666572,0.0,0.0,8.000000000014552,8.000000000014552,1,26,26,2279,0
2281,1,recording,4977,38,38.0,3,49.99999999999716,0.0,0.0,7,7,0,29.999999999985448,29.999999999985448,2280,0
2282,1,recording,4978,32,32.0,1,16.66666666666572,0.0,0.0,8,8,1,30,30,2281,5
2283,1,recording,4979,40,40.0,3,49.99999999999716,0.0,0.0,22,22,0,27,27,2282,-5
2284,1,recording,4980,45,45.0,3,49.99999999999716,0.0,0.0,3,3,0,24,24,2283,1
2285,1,recording,4981,20,20.0,1,16.66666666666572,0.0,0.0,1,1,0,16,16,2284,-1
2286,1,recording,4982,17,17.0,1,16.66666666666572,0.0,0.0,2,2,0,16,16,2285,0
2287,1,recording,4983,27,27.0,1,16.66666666666572,0.0,0.0,6,6,0,26,26,2286,1
2288,1,recording,4984,54,54.0,4,66.66666666666288,0.0,2.0000000000038183,32.99999999998545,32.99999999998545,1.000000000014552,47.00000000001455,47.00000000001455,2287,-0.9999999999854481
2289,1,recording,4985,66,66.0,3,49.99999999999716,0.0,0.0,6,6,1,35,35,2288,1.999999999985448
2290,1,recording,4986,35,35.0,3,49.99999999999716,0.0,0.0,10.999999999985448,10.999999999985448,1.000000000014552,30.000000000014552,30.000000000014552,2289,1.000000000014552
2291,1,recording,4987,28,28.0,1,16.66666666666572,0.0,0.0,2.000000000014552,2.000000000014552,0,14,14,2290,-3.000000000014552
2292,1,recording,4988,23,23.0,2,33.33333333333144,0.0,0.0,3,3,1,20.999999999985448,20.999999999985448,2291,0
2293,1,recording,4989,18,18.0,1,16.66666666666572,0.0,0.0,2,2,0,15,15,2292,0
2294,1,recording,4990,27,27.0,1,16.66666666666572,0.0,0.0,2,2,1,26,26,2293,1
2295,1,recording,4991,15,15.0,1,16.66666666666572,0.0,0.0,2.000000000014552,2.000000000014552,0,12,12,2294,-1
2296,1,recording,4992,18,18.0,1,16.66666666666572,0.0,0.0,2.000000000014552,2.000000000014552,0,15.999999999985448,15.999999999985448,2295,0
2297,1,recording,4993,40,40.0,3,49.99999999999716,0.0,0.0,5,5,1,37.99999999998545,37.99999999998545,2296,0
2298,1,recording,4994,33,33.0,2,33.33333333333144,0.0,0.0,6,6,0,28,28,2297,0
2299,1,recording,4995,26,26.0,1,16.66666666666572,0.0,0.0,3,3,0,20,20,2298,0
2300,1,recording,4996,34,34.0,2,33.33333333333144,0.0,0.0,4.999999999985448,4.999999999985448,0,31.000000000014552,31.000000000014552,2299,1.4551915228366852e-11
2301,1,recording,4997,26,26.0,2,33.33333333333144,0.0,0.0,5,5,0,21,21,2300,-1.4551915228366852e-11
2302,1,recording,4998,18,18.0,1,16.66666666666572,0.0,0.0,10,10,0,13,13,2301,0
2303,1,recording,4999,30,30.0,2,33.33333333333144,0.0,0.0,3,3,0,20,20,2302,0
2304,1,recording,5000,27,27.0,1,16.66666666666572,0.0,0.0,3.999999999985448,3.999999999985448,0,24.000000000014552,24.000000000014552,2303,1.4551915228366852e-11
2305,1,recording,5001,16,16.0,1,16.66666666666572,0.0,0.0,1,1,0,12,12,2304,-1.4551915228366852e-11
2306,1,recording,5002,37,37.0,3,49.99999999999716,0.0,0.0,14,14,4,37,37,2305,1
2307,1,recording,5003,43,43.0,2,33.33333333333144,0.0,0.0,5,5,0,28,28,2306,-1
2308,1,recording,5004,24,24.0,2,33.33333333333144,0.0,0.0,4,4,0,19,19,2307,0
2309,1,recording,5005,45,45.0,2,33.33333333333144,0.0,0.0,6,5,2,41,42,2308,0
2310,1,recording,5006,22,22.0,2,33.33333333333144,0.0,0.0,4,4,0,16,16,2309,0
2311,1,recording,5007,21,21.0,1,16.66666666666572,0.0,0.0,2,2,0,17,17,2310,0
2312,1,recording,5008,13,13.0,1,16.66666666666572,0.0,0.0,4,4,0,11,11,2311,0
2313,1,recording,5009,15,15.0,1,16.66666666666572,0.0,0.0,4,4,0,11,11,2312,0
2314,1,recording,5010,24,24.0,1,16.66666666666572,0.0,0.0,3,3,0,20,20,2313,0
2315,1,recording,5011,30,30.0,2,33.33333333333144,0.0,0.0,3,3,0,27,27,2314,0
2316,1,recording,5012,73,73.0,4,66.66666666666288,0.0,10.333333333337164,25,25,1.000000000014552,70,70,2315,0
2317,1,recording,5013,43,43.0,2,33.33333333333144,0.0,0.0,2.000000000014552,2.000000000014552,0,18,18,2316,0
2318,1,recording,5014,29,29.0,2,33.33333333333144,0.0,0.0,3,3,0,26.999999999985448,26.999999999985448,2317,0
2319,1,recording,5015,31,31.0,2,33.33333333333144,0.0,0.0,3,3,0,28,28,2318,0
2320,1,recording,5016,38,38.0,2,33.33333333333144,0.0,0.0,8.000000000014552,8.000000000014552,0,35,35,2319,0
2321,1,recording,5017,44,44.0,3,49.99999999999716,0.0,0.0,5,5,0,36.99999999998545,36.99999999998545,2320,1
2322,1,recording,5018,36,36.0,2,33.33333333333144,0.0,0.0,2,2,0,30,30,2321,-1
2323,1,recording,5019,22,22.0,1,16.66666666666572,0.0,0.0,1,1,0,20,20,2322,0
2324,1,recording,5020,36,36.0,2,33.33333333333144,0.0,0.0,4.000000000014552,4.000000000014552,0,35,35,2323,0
2325,1,recording,5021,35,35.0,2,33.33333333333144,0.0,0.0,19,19,0,30.999999999985448,30.999999999985448,2324,0
2326,1,recording,5022,53,53.0,4,66.66666666666288,0.0,0.3333333333371269,7,7,0,34,34,2325,0
2327,1,recording,5023,33,33.0,1,16.66666666666572,0.0,0.0,4,4,0,26,26,2326,0
2328,1,recording,5024,51,51.0,4,66.66666666666288,0.0,0.6666666666704513,13,13,3,47,47,2327,0
2329,1,recording,5025,37,37.0,2,33.33333333333144,0.0,0.0,4,4,0,24,24,2328,0
2330,1,recording,5026,28,28.0,1,16.66666666666572,0.0,0.0,10,9,1,24,25,2329,0
2331,1,recording,5027,38,38.0,3,49.99999999999716,0.0,0.0,4.999999999985448,4.999999999985448,0,28.000000000014552,28.000000000014552,2330,1.4551915228366852e-11
2332,1,recording,5028,23,23.0,1,16.66666666666572,0.0,0.0,3,3,0,18,18,2331,-1.4551915228366852e-11
2333,1,recording,5029,23,23.0,1,16.66666666666572,0.0,0.0,6,6,0,20,20,2332,0
2334,1,recording,5030,43,43.0,3,49.99999999999716,0.0,0.0,12.0,12,0,37.00000000001455,37.00000000001455,2333,1.4551915228366852e-11
2335,1,recording,5031,29,29.0,2,33.33333333333144,0.0,0.0,4.000000000014552,4.000000000014552,0,16.999999999985448,16.999999999985448,2334,-1.4551915228366852e-11
2336,1,recording,5032,26,26.0,1,16.66666666666572,0.0,0.0,49,49,3,21.999999999985448,21.999999999985448,2335,0
2337,1,recording,5033,109,109.0,4,66.66666666666288,0.0,56.000000000003794,7,7,0.9999999999854481,61,61,2336,1
2338,1,recording,5034,35,35.0,2,33.33333333333144,0.0,0.0,3,3,0,27,27,2337,-1
2339,1,recording,5035,43,43.0,2,33.33333333333144,0.0,0.0,4,4,0,40,40,2338,0
2340,1,recording,5036,22,22.0,2,33.33333333333144,0.0,0.0,2,2,0,18,18,2339,0
2341,1,recording,5037,30,30.0,1,16.66666666666572,0.0,0.0,3,3,0,28,28,2340,0
2342,1,recording,5038,16,16.0,1,16.66666666666572,0.0,0.0,2,2,0,13,13,2341,0
2343,1,recording,5039,19,19.0,1,16.66666666666572,0.0,0.0,5,5,0,17,17,2342,0
2344,1,recording,5040,22,22.0,2,33.33333333333144,0.0,0.0,2,2,0,17,17,2343,0
2345,1,recording,5041,18,18.0,1,16.66666666666572,0.0,0.0,1.999999999985448,1.999999999985448,0,16.000000000014552,16.000000000014552,2344,1.4551915228366852e-11
2346,1,recording,5042,17,17.0,1,16.66666666666572,0.0,0.0,2,2,0,15,15,2345,-1.4551915228366852e-11
2347,1,recording,5043,18,18.0,1,16.66666666666572,0.0,0.0,2,2,0,16,16,2346,0
2348,1,recording,5044,29,29.0,2,33.33333333333144,0.0,0.0,3,3,0,27,27,2347,0
2349,1,recording,5045,23,23.0,1,16.66666666666572,0.0,0.0,6,6,0,20,20,2348,0
2350,1,recording,5046,37,37.0,2,33.33333333333144,0.0,0.0,3,3,0,31,31,2349,0
2351,1,recording,5047,21,21.0,1,16.66666666666572,0.0,0.0,2,2,0,18,18,2350,0
2352,1,recording,5048,26,26.0,2,33.33333333333144,0.0,0.0,3,3,0,24,24,2351,0
2353,1,recording,5049,41,41.0,3,49.99999999999716,0.0,0.0,2,2,0,38,38,2352,0
2354,1,recording,5050,22,22.0,1,16.66666666666572,0.0,0.0,7.000000000014552,7.000000000014552,0,20,20,2353,0
2355,1,recording,5051,26,26.0,1,16.66666666666572,0.0,0.0,2.000000000014552,2.000000000014552,0,18.999999999985448,18.999999999985448,2354,0
2356,1,recording,5052,19,19.0,2,33.33333333333144,0.0,0.0,2,2,0,16.999999999985448,16.999999999985448,2355,0
2357,1,recording,5053,27,27.0,1,16.66666666666572,0.0,0.0,10,10,0,25,25,2356,0
2358,1,recording,5054,48,48.0,3,49.99999999999716,0.0,0.0,8,8,0,39,39,2357,1
2359,1,recording,5055,39,39.0,2,33.33333333333144,0.0,0.0,3.999999999985448,3.999999999985448,0,30.000000000014552,30.000000000014552,2358,-0.9999999999854481
2360,1,recording,5056,44,44.0,3,49.99999999999716,0.0,0.0,7,7,0,41,41,2359,0.9999999999854481
2361,1,recording,5057,65,65.0,4,66.66666666666288,0.0,7.0000000000038085,16.999999999985448,16.999999999985448,0,58.00000000001455,58.00000000001455,2360,1.4551915228366852e-11
2362,1,recording,5058,40,40.0,2,33.33333333333144,0.0,0.0,30.999999999985448,30.999999999985448,2.999999999985448,22.000000000014552,22.000000000014552,2361,-1.0
2363,1,recording,5059,56,56.0,3,49.99999999999716,0.0,0.0,4,4,0,25,25,2362,-1.4551915228366852e-11
2364,1,recording,5060,32,32.0,2,33.33333333333144,0.0,0.0,2,2,0,28,28,2363,0
2365,1,recording,5061,25,25.0,2,33.33333333333144,0.0,0.0,15.0,15,0,23.000000000014552,23.000000000014552,2364,1.4551915228366852e-11
2366,1,recording,5062,38,38.0,2,33.33333333333144,0.0,0.0,2,2,0,22.999999999985448,22.999999999985448,2365,-1.4551915228366852e-11
2367,1,recording,5063,43,43.0,3,49.99999999999716,0.0,0.0,6,6,0,41,41,2366,0
2368,1,recording,5064,24,24.0,1,16.66666666666572,0.0,0.0,2.000000000014552,2.000000000014552,0,18,18,2367,0
2369,1,recording,5065,22,22.0,1,16.66666666666572,0.0,0.0,3,3,0,19.999999999985448,19.999999999985448,2368,0
2370,1,recording,5066,22,22.0,2,33.33333333333144,0.0,0.0,3,3,0,19,19,2369,0
2371,1,recording,5067,21,21.0,1,16.66666666666572,0.0,0.0,3,3,0,18,18,2370,0
2372,1,recording,5068,23,23.0,1,16.66666666666572,0.0,0.0,9,9,0,20,20,2371,0
2373,1,recording,5069,25,25.0,2,33.33333333333144,0.0,0.0,3,3,0,16,16,2372,0
2374,1,recording,5070,30,30.0,2,33.33333333333144,0.0,0.0,2.000000000014552,2.000000000014552,0,27,27,2373,0
2375,1,recording,5071,18,18.0,1,16.66666666666572,0.0,0.0,5,5,0,15.999999999985448,15.999999999985448,2374,0
2376,1,recording,5072,27,27.0,1,16.66666666666572,0.0,0.0,7,7,0,22,22,2375,0
2377,1,recording,5073,36,36.0,2,33.33333333333144,0.0,0.0,16.000000000014552,16.000000000014552,0,29,29,2376,0
2378,1,recording,5074,31,31.0,2,33.33333333333144,0.0,0.0,3.0,3,0,15.0,15.0,2377,1.4551915228366852e-11
2379,1,recording,5075,15,15.0,1,16.66666666666572,0.0,0.0,3.0,3,0,12.0,12.0,2378,0.0
2380,1,recording,5076,33,33.0,2,33.33333333333144,0.0,0.0,5,5,0,29.999999999985448,29.999999999985448,2379,-1.4551915228366852e-11
2381,1,recording,5077,21,21.0,1,16.66666666666572,0.0,0.0,12,12,0,16,16,2380,0
2382,1,recording,5078,28,28.0,2,33.33333333333144,0.0,0.0,14,14,0,16,16,2381,0
2383,1,recording,5079,47,47.0,3,49.99999999999716,0.0,0.0,7,7,0,33,33,2382,0
2384,1,recording,5080,41,41.0,2,33.33333333333144,0.0,0.0,10,9,1,34,35,2383,0
2385,1,recording,5081,37,37.0,3,49.99999999999716,0.0,0.0,23,23,0,27,27,2384,0
2386,1,recording,5082,63,63.0,3,49.99999999999716,0.0,0.0,9,9,1,40,40,2385,0
2387,1,recording,5083,31,31.0,2,33.33333333333144,0.0,0.0,4,4,0,22,22,2386,0
2388,1,recording,5084,28,28.0,2,33.33333333333144,0.0,0.0,4,4,0,24,24,2387,0
2389,1,recording,5085,30,30.0,2,33.33333333333144,0.0,0.0,14,14,1,26,26,2388,0
2390,1,recording,5086,30,30.0,2,33.33333333333144,0.0,0.0,6,6,0,16,16,2389,0
2391,1,recording,5087,21,21.0,1,16.66666666666572,0.0,0.0,3,3,0,15,15,2390,0
2392,1,recording,5088,17,17.0,1,16.66666666666572,0.0,0.0,2,2,0,14,14,2391,0
2393,1,recording,5089,13,13.0,1,16.66666666666572,0.0,0.0,2,2,0,11,11,2392,0
2394,1,recording,5090,28,28.0,1,16.66666666666572,0.0,0.0,2.000000000014552,2.000000000014552,0,26,26,2393,0
2395,1,recording,5091,26,26.0,2,33.33333333333144,0.0,0.0,6.0,6,0,24.0,24.0,2394,1.4551915228366852e-11
2396,1,recording,5092,27,27.0,1,16.66666666666572,0.0,0.0,2,2,0,20.999999999985448,20.999999999985448,2395,-1.4551915228366852e-11
2397,1,recording,5093,28,28.0,2,33.33333333333144,0.0,0.0,5,5,0,26,26,2396,0
2398,1,recording,5094,33,33.0,2,33.33333333333144,0.0,0.0,6,5,2,28,29,2397,0
2399,1,recording,5095,28,28.0,2,33.33333333333144,0.0,0.0,8.000000000014552,8.000000000014552,1,23,23,2398,1
2400,1,recording,5096,47,47.0,3,49.99999999999716,0.0,0.0,14,14,0,37.99999999998545,37.99999999998545,2399,-1
2401,1,recording,5097,39,39.0,2,33.33333333333144,0.0,0.0,3,3,0,25,25,2400,0
2402,1,recording,5098,19,19.0,1,16.66666666666572,0.0,0.0,4,4,0,16,16,2401,0
2403,1,recording,5099,32,32.0,2,33.33333333333144,0.0,0.0,6.0,6,0,28.000000000014552,28.000000000014552,2402,1.4551915228366852e-11
2404,1,recording,5100,34,34.0,2,33.33333333333144,0.0,0.0,8,8,0,27.999999999985448,27.999999999985448,2403,-1.4551915228366852e-11
2405,1,recording,5101,30,30.0,2,33.33333333333144,0.0,0.0,4,4,0,22,22,2404,0
2406,1,recording,5102,49,49.0,3,49.99999999999716,0.0,0.0,9,9,0.9999999999854481,46,46,2405,1
2407,1,recording,5103,30,30.0,2,33.33333333333144,0.0,0.0,9.999999999985448,9.999999999985448,0,20.000000000014552,20.000000000014552,2406,-0.9999999999854481
2408,1,recording,5104,29,29.0,1,16.66666666666572,0.0,0.0,5,5,0,19,19,2407,-1.4551915228366852e-11
2409,1,recording,5105,35,35.0,2,33.33333333333144,0.0,0.0,10,10,2.999999999985448,31,31,2408,1
2410,1,recording,5106,25,25.0,2,33.33333333333144,0.0,0.0,1.999999999985448,1.999999999985448,0,14.000000000014552,14.000000000014552,2409,-0.9999999999854481
2411,1,recording,5107,43,43.0,3,49.99999999999716,0.0,0.0,16,16,1,41,41,2410,-1.4551915228366852e-11
2412,1,recording,5108,37,37.0,2,33.33333333333144,0.0,0.0,3,3,0,24,24,2411,3
2413,1,recording,5109,39,39.0,2,33.33333333333144,0.0,0.0,3.999999999985448,3.999999999985448,0,33.00000000001455,33.00000000001455,2412,-2.999999999985448
2414,1,recording,5110,38,38.0,2,33.33333333333144,0.0,0.0,4.000000000014552,4.000000000014552,0,34,34,2413,-1.4551915228366852e-11
2415,1,recording,5111,16,16.0,1,16.66666666666572,0.0,0.0,2,2,0,11.999999999985448,11.999999999985448,2414,0
2416,1,recording,5112,20,20.0,2,33.33333333333144,0.0,0.0,3,3,0,18,18,2415,0
2417,1,recording,5113,38,38.0,2,33.33333333333144,0.0,0.0,15,15,0,35,35,2416,0
2418,1,recording,5114,42,42.0,2,33.33333333333144,0.0,0.0,5,5,2.000000000014552,27,27,2417,0
2419,1,recording,5115,25,25.0,2,33.33333333333144,0.0,0.0,4,4,0,21,21,2418,1
2420,1,recording,5116,31,31.0,2,33.33333333333144,0.0,0.0,9,9,1,26,26,2419,-1
2421,1,recording,5117,40,40.0,2,33.33333333333144,0.0,0.0,21.0,21,0.9999999999854481,31.000000000014552,31.000000000014552,2420,1.4551915228366852e-11
2422,1,recording,5118,42,42.0,3,49.99999999999716,0.0,0.0,3.999999999985448,3.999999999985448,0,21.0,21.0,2421,0.0
2423,1,recording,5119,43,43.0,2,33.33333333333144,0.0,0.0,12,12,1,41,41,2422,1.999999999985448
2424,1,recording,5120,46,46.0,3,49.99999999999716,0.0,0.0,20.000000000014552,20.000000000014552,0.9999999999854481,33,33,2423,-1
2425,1,recording,5121,53,53.0,3,49.99999999999716,0.0,0.0,5,5,0,31.999999999985448,31.999999999985448,2424,-1
2426,1,recording,5122,30,30.0,2,33.33333333333144,0.0,0.0,17,17,3,25,25,2425,0
2427,1,recording,5123,48,48.0,3,49.99999999999716,0.0,0.0,22.999999999985448,22.999999999985448,1.999999999985448,31.000000000014552,31.000000000014552,2426,1.4551915228366852e-11
2428,1,recording,5124,49,49.0,3,49.99999999999716,0.0,0.0,4,4,0,26,26,2427,-1.4551915228366852e-11
2429,1,recording,5125,37,37.0,2,33.33333333333144,0.0,0.0,16.000000000014552,16.000000000014552,0,38,38,2428,5
2430,1,recording,5126,38,38.0,2,33.33333333333144,0.0,0.0,4.000000000014552,4.000000000014552,0,16.999999999985448,16.999999999985448,2429,-5
2431,1,recording,5127,42,42.0,3,49.99999999999716,0.0,0.0,7,7,0,38.99999999998545,38.99999999998545,2430,1
2432,1,recording,5128,29,29.0,1,16.66666666666572,0.0,0.0,3,3,1,22,22,2431,0
2433,1,recording,5129,20,20.0,2,33.33333333333144,0.0,0.0,8,7,1,24,25,2432,7
2434,1,recording,5130,28,28.0,1,16.66666666666572,0.0,0.0,2,2,0,12,12,2433,-8
2435,1,recording,5131,19,19.0,2,33.33333333333144,0.0,0.0,1.999999999985448,1.999999999985448,0,17.000000000014552,17.000000000014552,2434,1.4551915228366852e-11
2436,1,recording,5132,19,19.0,1,16.66666666666572,0.0,0.0,5,5,0,17,17,2435,-1.4551915228366852e-11
2437,1,recording,5133,28,28.0,1,16.66666666666572,0.0,0.0,7,7,0,23,23,2436,0
2438,1,recording,5134,18,18.0,1,16.66666666666572,0.0,0.0,1,1,0,12,12,2437,1
2439,1,recording,5135,23,23.0,2,33.33333333333144,0.0,0.0,4.000000000014552,4.000000000014552,1.000000000014552,21,21,2438,-1
2440,1,recording,5136,24,24.0,1,16.66666666666572,0.0,0.0,2,2,0,19.999999999985448,19.999999999985448,2439,0
2441,1,recording,5137,30,30.0,2,33.33333333333144,0.0,0.0,9,9,0,28,28,2440,0
2442,1,recording,5138,34,34.0,2,33.33333333333144,0.0,0.0,2,2,0,26,26,2441,1
2443,1,recording,5139,18,18.0,1,16.66666666666572,0.0,0.0,8,8,0,16,16,2442,0
2444,1,recording,5140,35,35.0,2,33.33333333333144,0.0,0.0,10,10,0,27,27,2443,0
2445,1,recording,5141,25,25.0,2,33.33333333333144,0.0,0.0,4,4,0,14,14,2444,-1
2446,1,recording,5142,29,29.0,1,16.66666666666572,0.0,0.0,10,10,0,27,27,2445,2
2447,1,recording,5143,38,38.0,3,49.99999999999716,0.0,0.0,13,13,0,26,26,2446,-2
2448,1,recording,5144,37,37.0,2,33.33333333333144,0.0,0.0,8.000000000014552,8.000000000014552,0,24,24,2447,0
2449,1,recording,5145,49,49.0,3,49.99999999999716,0.0,0.0,8,8,1,41.99999999998545,41.99999999998545,2448,1
2450,1,recording,5146,35,35.0,2,33.33333333333144,0.0,0.0,18,18,1,26,26,2449,-1
2451,1,recording,5147,49,49.0,3,49.99999999999716,0.0,0.0,12.0,12,1,31.000000000014552,31.000000000014552,2450,1.4551915228366852e-11
2452,1,recording,5148,29,29.0,2,33.33333333333144,0.0,0.0,3,3,0,16.999999999985448,16.999999999985448,2451,-1.4551915228366852e-11
2453,1,recording,5149,34,34.0,2,33.33333333333144,0.0,0.0,13,13,0,31,31,2452,0
2454,1,recording,5150,28,28.0,1,16.66666666666572,0.0,0.0,3,3,0,15,15,2453,0
2455,1,recording,5151,37,37.0,3,49.99999999999716,0.0,0.0,7.999999999985448,7.999999999985448,0,34.00000000001455,34.00000000001455,2454,1.4551915228366852e-11
2456,1,recording,5152,31,31.0,2,33.33333333333144,0.0,0.0,3,3,0,23,23,2455,-1.4551915228366852e-11
2457,1,recording,5153,29,29.0,1,16.66666666666572,0.0,0.0,4,4,0,26,26,2456,0
2458,1,recording,5154,33,33.0,2,33.33333333333144,0.0,0.0,3,3,0,29,29,2457,0
2459,1,recording,5155,30,30.0,2,33.33333333333144,0.0,0.0,8.000000000014552,8.000000000014552,1,27,27,2458,0
2460,1,recording,5156,45,45.0,3,49.99999999999716,0.0,0.0,3,3,0,36.99999999998545,36.99999999998545,2459,0
2461,1,recording,5157,24,24.0,1,16.66666666666572,0.0,0.0,8,8,0,22,22,2460,1
2462,1,recording,5158,42,42.0,3,49.99999999999716,0.0,0.0,8,8,0,33,33,2461,-1
2463,1,recording,5159,35,35.0,2,33.33333333333144,0.0,0.0,6,6,0,27,27,2462,0
2464,1,recording,5160,34,34.0,2,33.33333333333144,0.0,0.0,3,3,1,28,28,2463,0
2465,1,recording,5161,31,31.0,2,33.33333333333144,0.0,0.0,16,16,1,28,28,2464,0
2466,1,recording,5162,41,41.0,2,33.33333333333144,0.0,0.0,12.999999999985448,12.999999999985448,0,25.000000000014552,25.000000000014552,2465,1.4551915228366852e-11
2467,1,recording,5163,44,44.0,3,49.99999999999716,0.0,0.0,9,9,1,31,31,2466,-1.4551915228366852e-11
2468,1,recording,5164,32,32.0,2,33.33333333333144,0.0,0.0,18,18,1,23,23,2467,0
2469,1,recording,5165,42,42.0,2,33.33333333333144,0.0,0.0,22.999999999985448,22.999999999985448,0.9999999999854481,25.000000000014552,25.000000000014552,2468,1.000000000014552
2470,1,recording,5166,61,61.0,4,66.66666666666288,0.0,6.3333333333372295,11,11,0,37,37,2469,-1.000000000014552
2471,1,recording,5167,32,32.0,1,16.66666666666572,0.0,0.0,7,7,0,21,21,2470,0
2472,1,recording,5168,29,29.0,2,33.33333333333144,0.0,0.0,22.000000000014552,22.000000000014552,0,22,22,2471,0
2473,1,recording,5169,55,55.0,3,49.99999999999716,0.0,0.0,10,10,0,32.99999999998545,32.99999999998545,2472,0
2474,1,recording,5170,35,35.0,3,49.99999999999716,0.0,0.0,10,10,0,25,25,2473,0
2475,1,recording,5171,53,53.0,3,49.99999999999716,0.0,0.0,15,15,0,43,43,2474,0
2476,1,recording,5172,43,43.0,2,33.33333333333144,0.0,0.0,11,11,0,28,28,2475,0
2477,1,recording,5173,31,31.0,2,33.33333333333144,0.0,0.0,6,6,0,20,20,2476,0
2478,1,recording,5174,31,31.0,2,33.33333333333144,0.0,0.0,3.0,3,0,25.000000000014552,25.000000000014552,2477,1.4551915228366852e-11
2479,1,recording,5175,24,24.0,1,16.66666666666572,0.0,0.0,6.0,6,0,21.0,21.0,2478,0.0
2480,1,recording,5176,35,35.0,3,49.99999999999716,0.0,0.0,14,14,1,28.999999999985448,28.999999999985448,2479,-1.4551915228366852e-11
2481,1,recording,5177,40,40.0,2,33.33333333333144,0.0,0.0,3,3,0,26,26,2480,0
2482,1,recording,5178,25,25.0,1,16.66666666666572,0.0,0.0,2,2,1.000000000014552,22,22,2481,0
2483,1,recording,5179,24,24.0,2,33.33333333333144,0.0,0.0,2,2,0,22,22,2482,0
2484,1,recording,5180,26,26.0,1,16.66666666666572,0.0,0.0,7,7,0,24,24,2483,0
2485,1,recording,5181,39,39.0,3,49.99999999999716,0.0,0.0,5,5,0,32,32,2484,0
2486,1,recording,5182,31,31.0,2,33.33333333333144,0.0,0.0,18.999999999985448,18.999999999985448,0.9999999999854481,26.000000000014552,26.000000000014552,2485,1.4551915228366852e-11
2487,1,recording,5183,49,49.0,3,49.99999999999716,0.0,0.0,64.00000000001455,64.00000000001455,0,30,30,2486,-1.4551915228366852e-11
2488,1,recording,5184,145,145.0,4,66.66666666666288,0.0,80.33333333333714,112,112,43,81.99999999998545,81.99999999998545,2487,1
2489,1,recording,5185,663,250.0,4,66.66666666666288,413.00000000000006,183.33333333333712,128,128,2,550,550,2488,-1
2490,1,recording,5186,178,178.0,4,66.66666666666288,0.0,111.33333333333711,40,40,1,50,50,2489,0
2491,1,recording,5187,56,56.0,3,49.99999999999716,0.0,0.0,28.000000000014552,28.000000000014552,1,16,16,2490,0
2492,1,recording,5188,42,42.0,2,33.33333333333144,0.0,0.0,201,201,0,13.999999999985448,13.999999999985448,2491,0
2493,1,recording,5189,222,222.0,4,66.66666666666288,0.0,170.00000000000378,6,6,0,21,21,2492,0
2494,1,recording,5190,43,43.0,2,33.33333333333144,0.0,0.0,2,2,0,37,37,2493,0
2495,1,recording,5191,26,26.0,2,33.33333333333144,0.0,0.0,4,4,0,24,24,2494,0
2496,1,recording,5192,31,31.0,2,33.33333333333144,0.0,0.0,2,2,0,27,27,2495,0
2497,1,recording,5193,33,33.0,1,16.66666666666572,0.0,0.0,3.0,3,0.9999999999854481,31.000000000014552,31.000000000014552,2496,1.4551915228366852e-11
2498,1,recording,5194,26,26.0,2,33.33333333333144,0.0,0.0,6,6,0,22.999999999985448,22.999999999985448,2497,-1.4551915228366852e-11
2499,1,recording,5195,26,26.0,2,33.33333333333144,0.0,0.0,2.000000000014552,2.000000000014552,0,20,20,2498,0
2500,1,recording,5196,21,21.0,1,16.66666666666572,0.0,0.0,1,1,0,18.999999999985448,18.999999999985448,2499,0
2501,1,recording,5197,33,33.0,2,33.33333333333144,0.0,0.0,2,2,1,32,32,2500,0
2502,1,recording,5198,34,34.0,2,33.33333333333144,0.0,0.0,1.999999999985448,1.999999999985448,0,32.00000000001455,32.00000000001455,2501,1.4551915228366852e-11
2503,1,recording,5199,33,33.0,2,33.33333333333144,0.0,0.0,3.0,3,0,31.000000000014552,31.000000000014552,2502,0.0
2504,1,recording,5200,28,28.0,2,33.33333333333144,0.0,0.0,3,3,0,24.999999999985448,24.999999999985448,2503,-1.4551915228366852e-11
2505,1,recording,5201,34,34.0,2,33.33333333333144,0.0,0.0,4,4,0,31,31,2504,0
2506,1,recording,5202,22,22.0,1,16.66666666666572,0.0,0.0,2.000000000014552,2.000000000014552,0,18,18,2505,0
2507,1,recording,5203,39,39.0,2,33.33333333333144,0.0,0.0,3,3,0,36.99999999998545,36.99999999998545,2506,0
2508,1,recording,5204,33,33.0,2,33.33333333333144,0.0,0.0,4,4,0,30,30,2507,0
2509,1,recording,5205,37,37.0,2,33.33333333333144,0.0,0.0,4,4,0,33,33,2508,0
2510,1,recording,5206,24,24.0,2,33.33333333333144,0.0,0.0,3.999999999985448,3.999999999985448,0,20.000000000014552,20.000000000014552,2509,1.4551915228366852e-11
2511,1,recording,5207,25,25.0,1,16.66666666666572,0.0,0.0,2.000000000014552,2.000000000014552,0,21,21,2510,-1.4551915228366852e-11
2512,1,recording,5208,22,22.0,2,33.33333333333144,0.0,0.0,2,2,1,19.999999999985448,19.999999999985448,2511,0
2513,1,recording,5209,29,29.0,1,16.66666666666572,0.0,0.0,4,4,0,27,27,2512,0
2514,1,recording,5210,26,26.0,2,33.33333333333144,0.0,0.0,2,2,0,22,22,2513,0
2515,1,recording,5211,20,20.0,1,16.66666666666572,0.0,0.0,1.999999999985448,1.999999999985448,0,18.000000000014552,18.000000000014552,2514,1.4551915228366852e-11
2516,1,recording,5212,22,22.0,2,33.33333333333144,0.0,0.0,1.000000000014552,1.000000000014552,0,21,21,2515,0.9999999999854481
2517,1,recording,5213,37,37.0,2,33.33333333333144,0.0,0.0,3,3,0,34.99999999998545,34.99999999998545,2516,-1
2518,1,recording,5214,30,30.0,2,33.33333333333144,0.0,0.0,5,5,1,27,27,2517,0
2519,1,recording,5215,61,61.0,3,49.99999999999716,0.0,0.0,2.000000000014552,2.000000000014552,0,56,56,2518,0
2520,1,recording,5216,33,33.0,2,33.33333333333144,0.0,0.0,2,2,0,30.999999999985448,30.999999999985448,2519,0
2521,1,recording,5217,32,32.0,2,33.33333333333144,0.0,0.0,3,3,0,30,30,2520,0
2522,1,recording,5218,28,28.0,2,33.33333333333144,0.0,0.0,2,2,0,25,25,2521,0
2523,1,recording,5219,22,22.0,1,16.66666666666572,0.0,0.0,0.9999999999854481,0.9999999999854481,0,20.000000000014552,20.000000000014552,2522,1.4551915228366852e-11
2524,1,recording,5220,21,21.0,1,16.66666666666572,0.0,0.0,1.999999999985448,1.999999999985448,0,20.000000000014552,20.000000000014552,2523,0.0
2525,1,recording,5221,19,19.0,2,33.33333333333144,0.0,0.0,1,1,0,17,17,2524,-1.4551915228366852e-11
2526,1,recording,5222,23,23.0,1,16.66666666666572,0.0,0.0,5,5,0,22,22,2525,0
2527,1,recording,5223,52,52.0,3,49.99999999999716,0.0,0.0,3,3,0,47,47,2526,0
2528,1,recording,5224,37,37.0,2,33.33333333333144,0.0,0.0,1.999999999985448,1.999999999985448,0,34.00000000001455,34.00000000001455,2527,1.4551915228366852e-11
2529,1,recording,5225,25,25.0,2,33.33333333333144,0.0,0.0,4,4,0,23,23,2528,-1.4551915228366852e-11
2530,1,recording,5226,27,27.0,1,16.66666666666572,0.0,0.0,2,2,0,24,24,2529,1
2531,1,recording,5227,22,22.0,2,33.33333333333144,0.0,0.0,3.0,3,0,19.000000000014552,19.000000000014552,2530,-0.9999999999854481
2532,1,recording,5228,30,30.0,1,16.66666666666572,0.0,0.0,6.0,6,0,27.0,27.0,2531,0.0
2533,1,recording,5229,22,22.0,2,33.33333333333144,0.0,0.0,3,3,0,15.999999999985448,15.999999999985448,2532,-1.4551915228366852e-11
2534,1,recording,5230,18,18.0,1,16.66666666666572,0.0,0.0,2,2,0,15,15,2533,0
2535,1,recording,5231,30,30.0,2,33.33333333333144,0.0,0.0,5,5,0,28,28,2534,0
2536,1,recording,5232,34,34.0,2,33.33333333333144,0.0,0.0,1.999999999985448,1.999999999985448,0,29.000000000014552,29.000000000014552,2535,1.4551915228366852e-11
2537,1,recording,5233,36,36.0,2,33.33333333333144,0.0,0.0,1.999999999985448,1.999999999985448,0,34.00000000001455,34.00000000001455,2536,0.0
2538,1,recording,5234,34,34.0,2,33.33333333333144,0.0,0.0,2,2,0,32,32,2537,-1.4551915228366852e-11
2539,1,recording,5235,42,42.0,2,33.33333333333144,0.0,0.0,7.000000000014552,7.000000000014552,0,40,40,2538,0
2540,1,recording,5236,47,47.0,3,49.99999999999716,0.0,0.0,8.000000000014552,8.000000000014552,0,39.99999999998545,39.99999999998545,2539,0
2541,1,recording,5237,31,31.0,2,33.33333333333144,0.0,0.0,2,2,0,22.999999999985448,22.999999999985448,2540,0
2542,1,recording,5238,18,18.0,1,16.66666666666572,0.0,0.0,3,3,0,16,16,2541,0
2543,1,recording,5239,28,28.0,2,33.33333333333144,0.0,0.0,1,1,0,25,25,2542,0
2544,1,recording,5240,22,22.0,1,16.66666666666572,0.0,0.0,5,5,0,21,21,2543,0
2545,1,recording,5241,20,20.0,1,16.66666666666572,0.0,0.0,2.000000000014552,2.000000000014552,0,15,15,2544,0
2546,1,recording,5242,21,21.0,2,33.33333333333144,0.0,0.0,2,2,0,18.999999999985448,18.999999999985448,2545,0
2547,1,recording,5243,14,14.0,0,0.0,0.0,0.0,2,2,0,12,12,2546,0
2548,1,recording,5244,19,19.0,2,33.33333333333144,0.0,0.0,2,2,0,17,17,2547,0
2549,1,recording,5245,15,15.0,1,16.66666666666572,0.0,0.0,2,2,0,13,13,2548,0
2550,1,recording,5246,20,20.0,1,16.66666666666572,0.0,0.0,2.000000000014552,2.000000000014552,0,18,18,2549,0
2551,1,recording,5247,30,30.0,2,33.33333333333144,0.0,0.0,3,3,1,27.999999999985448,27.999999999985448,2550,0
2552,1,recording,5248,22,22.0,1,16.66666666666572,0.0,0.0,2,2,0,19,19,2551,0
2553,1,recording,5249,21,21.0,1,16.66666666666572,0.0,0.0,2,2,0,19,19,2552,0
2554,1,recording,5250,33,33.0,2,33.33333333333144,0.0,0.0,3,3,0,31,31,2553,0
2555,1,recording,5251,27,27.0,2,33.33333333333144,0.0,0.0,4.999999999985448,4.999999999985448,0,24.000000000014552,24.000000000014552,2554,1.4551915228366852e-11
2556,1,recording,5252,32,32.0,2,33.33333333333144,0.0,0.0,4.000000000014552,4.000000000014552,0,27,27,2555,-1.4551915228366852e-11
2557,1,recording,5253,33,33.0,2,33.33333333333144,0.0,0.0,7,7,0,28.999999999985448,28.999999999985448,2556,0
2558,1,recording,5254,35,35.0,2,33.33333333333144,0.0,0.0,3,3,0,28,28,2557,0
2559,1,recording,5255,27,27.0,1,16.66666666666572,0.0,0.0,2,2,0,24,24,2558,0
2560,1,recording,5256,27,27.0,2,33.33333333333144,0.0,0.0,5,5,0,25,25,2559,0
2561,1,recording,5257,21,21.0,1,16.66666666666572,0.0,0.0,2,2,0,16,16,2560,0
2562,1,recording,5258,18,18.0,1,16.66666666666572,0.0,0.0,2,2,0,16,16,2561,0
2563,1,recording,5259,24,24.0,2,33.33333333333144,0.0,0.0,2,2,1,22,22,2562,0
2564,1,recording,5260,22,22.0,1,16.66666666666572,0.0,0.0,2.000000000014552,2.000000000014552,0,20,20,2563,0
2565,1,recording,5261,34,34.0,2,33.33333333333144,0.0,0.0,3,3,0,31.999999999985448,31.999999999985448,2564,0
2566,1,recording,5262,52,52.0,3,49.99999999999716,0.0,0.0,2,2,0,49,49,2565,0
2567,1,recording,5263,27,27.0,2,33.33333333333144,0.0,0.0,2,2,0,25,25,2566,0
2568,1,recording,5264,26,26.0,1,16.66666666666572,0.0,0.0,1.999999999985448,1.999999999985448,0,24.000000000014552,24.000000000014552,2567,1.4551915228366852e-11
2569,1,recording,5265,31,31.0,2,33.33333333333144,0.0,0.0,1.000000000014552,1.000000000014552,0,30,30,2568,0.9999999999854481
2570,1,recording,5266,27,27.0,2,33.33333333333144,0.0,0.0,2,2,0,24.999999999985448,24.999999999985448,2569,-1
2571,1,recording,5267,59,59.0,3,49.99999999999716,0.0,0.0,2.000000000014552,2.000000000014552,0,57,57,2570,0
2572,1,recording,5268,16,16.0,1,16.66666666666572,0.0,0.0,1.000000000014552,1.000000000014552,0,13.999999999985448,13.999999999985448,2571,0
2573,1,recording,5269,18,18.0,1,16.66666666666572,0.0,0.0,1.000000000014552,1.000000000014552,0,16.999999999985448,16.999999999985448,2572,0
2574,1,recording,5270,17,17.0,1,16.66666666666572,0.0,0.0,8,8,0,15.999999999985448,15.999999999985448,2573,0
2575,1,recording,5271,25,25.0,2,33.33333333333144,0.0,0.0,2,2,0,17,17,2574,0
2576,1,recording,5272,15,15.0,1,16.66666666666572,0.0,0.0,1,1,0,13,13,2575,0
2577,1,recording,5273,13,13.0,1,16.66666666666572,0.0,0.0,2,2,0,12,12,2576,0
2578,1,recording,5274,20,20.0,1,16.66666666666572,0.0,0.0,1.999999999985448,1.999999999985448,0,18.000000000014552,18.000000000014552,2577,1.4551915228366852e-11
2579,1,recording,5275,25,25.0,1,16.66666666666572,0.0,0.0,2.000000000014552,2.000000000014552,0,23,23,2578,-1.4551915228366852e-11
2580,1,recording,5276,26,26.0,2,33.33333333333144,0.0,0.0,1.999999999985448,1.999999999985448,0,24.0,24.0,2579,1.4551915228366852e-11
2581,1,recording,5277,41,41.0,2,33.33333333333144,0.0,0.0,3,3,0,39,39,2580,-1.4551915228366852e-11
2582,1,recording,5278,31,31.0,2,33.33333333333144,0.0,0.0,4,4,0,28,28,2581,0
2583,1,recording,5279,31,31.0,2,33.33333333333144,0.0,0.0,5,5,0,27,27,2582,0
2584,1,recording,5280,36,36.0,2,33.33333333333144,0.0,0.0,2,2,0,31,31,2583,0
2585,1,recording,5281,22,22.0,2,33.33333333333144,0.0,0.0,4,4,0,20,20,2584,0
2586,1,recording,5282,21,21.0,1,16.66666666666572,0.0,0.0,4,4,0,17,17,2585,0
2587,1,recording,5283,21,21.0,1,16.66666666666572,0.0,0.0,5.000000000014552,5.000000000014552,0,17,17,2586,0
2588,1,recording,5284,46,46.0,3,49.99999999999716,0.0,0.0,2,2,0,40.99999999998545,40.99999999998545,2587,0
2589,1,recording,5285,26,26.0,1,16.66666666666572,0.0,0.0,2,2,0,24,24,2588,0
2590,1,recording,5286,26,26.0,2,33.33333333333144,0.0,0.0,5,5,0,24,24,2589,0
2591,1,recording,5287,25,25.0,1,16.66666666666572,0.0,0.0,1.000000000014552,1.000000000014552,0,20,20,2590,0
2592,1,recording,5288,22,22.0,2,33.33333333333144,0.0,0.0,1.999999999985448,1.999999999985448,0,21.0,21.0,2591,1.4551915228366852e-11
2593,1,recording,5289,34,34.0,2,33.33333333333144,0.0,0.0,2,2,0,32,32,2592,-1.4551915228366852e-11
2594,1,recording,5290,25,25.0,1,16.66666666666572,0.0,0.0,1,1,0,23,23,2593,0
2595,1,recording,5291,49,49.0,3,49.99999999999716,0.0,0.0,11,11,0.9999999999854481,49,49,2594,1
2596,1,recording,5292,43,43.0,3,49.99999999999716,0.0,0.0,1.000000000014552,1.000000000014552,0,31,31,2595,-1
2597,1,recording,5293,39,39.0,2,33.33333333333144,0.0,0.0,3,3,0,37.99999999998545,37.99999999998545,2596,0
2598,1,recording,5294,33,33.0,2,33.33333333333144,0.0,0.0,1.999999999985448,1.999999999985448,0,30.000000000014552,30.000000000014552,2597,1.4551915228366852e-11
2599,1,recording,5295,22,22.0,1,16.66666666666572,0.0,0.0,6,6,0,21,21,2598,0.9999999999854481
2600,1,recording,5296,37,37.0,3,49.99999999999716,0.0,0.0,4,4,0,30,30,2599,-1
2601,1,recording,5297,37,37.0,2,33.33333333333144,0.0,0.0,2,2,0,33,33,2600,0
2602,1,recording,5298,24,24.0,1,16.66666666666572,0.0,0.0,4,4,1,22,22,2601,0
2603,1,recording,5299,32,32.0,2,33.33333333333144,0.0,0.0,3.0,3,0,28.000000000014552,28.000000000014552,2602,1.4551915228366852e-11
2604,1,recording,5300,40,40.0,3,49.99999999999716,0.0,0.0,5,5,1,36.99999999998545,36.99999999998545,2603,-1.4551915228366852e-11
2605,1,recording,5301,27,27.0,1,16.66666666666572,0.0,0.0,5,5,0,22,22,2604,0
2606,1,recording,5302,29,29.0,2,33.33333333333144,0.0,0.0,8.000000000014552,8.000000000014552,0,24,24,2605,0
2607,1,recording,5303,31,31.0,2,33.33333333333144,0.0,0.0,3,3,0,22.999999999985448,22.999999999985448,2606,0
2608,1,recording,5304,25,25.0,1,16.66666666666572,0.0,0.0,3.0,3,0,22.000000000014552,22.000000000014552,2607,1.4551915228366852e-11
2609,1,recording,5305,65,65.0,4,66.66666666666288,0.0,13.333333333337208,7,7,0,61.99999999998545,61.99999999998545,2608,-1.4551915228366852e-11
2610,1,recording,5306,27,27.0,1,16.66666666666572,0.0,0.0,3.999999999985448,3.999999999985448,0,20.000000000014552,20.000000000014552,2609,1.4551915228366852e-11
2611,1,recording,5307,21,21.0,1,16.66666666666572,0.0,0.0,3.0,3,0,17.000000000014552,17.000000000014552,2610,0.0
2612,1,recording,5308,17,17.0,1,16.66666666666572,0.0,0.0,3,3,0,13.999999999985448,13.999999999985448,2611,-1.4551915228366852e-11
2613,1,recording,5309,20,20.0,2,33.33333333333144,0.0,0.0,1,1,0,17,17,2612,0
2614,1,recording,5310,16,16.0,1,16.66666666666572,0.0,0.0,4,4,0,15,15,2613,0
2615,1,recording,5311,19,19.0,1,16.66666666666572,0.0,0.0,2,2,0,15,15,2614,0
2616,1,recording,5312,20,20.0,1,16.66666666666572,0.0,0.0,0.9999999999854481,0.9999999999854481,0,18.000000000014552,18.000000000014552,2615,1.4551915228366852e-11
2617,1,recording,5313,16,16.0,1,16.66666666666572,0.0,0.0,2.000000000014552,2.000000000014552,0,15,15,2616,-1.4551915228366852e-11
2618,1,recording,5314,14,14.0,1,16.66666666666572,0.0,0.0,0.9999999999854481,0.9999999999854481,0,12.0,12.0,2617,1.4551915228366852e-11
2619,1,recording,5315,14,14.0,1,16.66666666666572,0.0,0.0,4.000000000014552,4.000000000014552,1.000000000014552,13,13,2618,-1.4551915228366852e-11
2620,1,recording,5316,16,16.0,1,16.66666666666572,0.0,0.0,3,3,0,11.999999999985448,11.999999999985448,2619,0
2621,1,recording,5317,17,17.0,1,16.66666666666572,0.0,0.0,4,4,0,14,14,2620,0
2622,1,recording,5318,23,23.0,1,16.66666666666572,0.0,0.0,3,3,1,19,19,2621,0
2623,1,recording,5319,20,20.0,1,16.66666666666572,0.0,0.0,2.000000000014552,2.000000000014552,0,17,17,2622,0
2624,1,recording,5320,13,13.0,1,16.66666666666572,0.0,0.0,3,3,0,10.999999999985448,10.999999999985448,2623,0
2625,1,recording,5321,15,15.0,1,16.66666666666572,0.0,0.0,2,2,0,12,12,2624,0
2626,1,recording,5322,16,16.0,1,16.66666666666572,0.0,0.0,1.999999999985448,1.999999999985448,0,14.000000000014552,14.000000000014552,2625,1.4551915228366852e-11
2627,1,recording,5323,20,20.0,1,16.66666666666572,0.0,0.0,4,4,0,18,18,2626,-1.4551915228366852e-11
2628,1,recording,5324,17,17.0,1,16.66666666666572,0.0,0.0,5,5,1,13,13,2627,0
2629,1,recording,5325,20,20.0,1,16.66666666666572,0.0,0.0,2,2,0,16,16,2628,1
2630,1,recording,5326,18,18.0,1,16.66666666666572,0.0,0.0,4,4,0,15,15,2629,-1
2631,1,recording,5327,18,18.0,1,16.66666666666572,0.0,0.0,2.000000000014552,2.000000000014552,0,14,14,2630,0
2632,1,recording,5328,16,16.0,1,16.66666666666572,0.0,0.0,3,3,0,13.999999999985448,13.999999999985448,2631,0
2633,1,recording,5329,17,17.0,1,16.66666666666572,0.0,0.0,3,3,0,14,14,2632,0
2634,1,recording,5330,17,17.0,1,16.66666666666572,0.0,0.0,3,3,0,14,14,2633,0
2635,1,recording,5331,13,13.0,1,16.66666666666572,0.0,0.0,2,2,0,10,10,2634,0
2636,1,recording,5332,16,16.0,1,16.66666666666572,0.0,0.0,2,2,0,14,14,2635,0
2637,1,recording,5333,20,20.0,1,16.66666666666572,0.0,0.0,1,1,0,18,18,2636,0
2638,1,recording,5334,19,19.0,1,16.66666666666572,0.0,0.0,1.999999999985448,1.999999999985448,0,18.000000000014552,18.000000000014552,2637,1.4551915228366852e-11
2639,1,recording,5335,14,14.0,1,16.66666666666572,0.0,0.0,3,3,0,12,12,2638,-1.4551915228366852e-11
2640,1,recording,5336,33,33.0,2,33.33333333333144,0.0,0.0,2,2,0,30,30,2639,0
2641,1,recording,5337,14,14.0,1,16.66666666666572,0.0,0.0,2,2,0,12,12,2640,0
2642,1,recording,5338,16,16.0,1,16.66666666666572,0.0,0.0,4,4,0,14,14,2641,0
2643,1,recording,5339,13,13.0,1,16.66666666666572,0.0,0.0,4,4,0,9,9,2642,0
2644,1,recording,5340,23,23.0,1,16.66666666666572,0.0,0.0,3.0,3,0,19.000000000014552,19.000000000014552,2643,1.4551915228366852e-11
2645,1,recording,5341,20,20.0,1,16.66666666666572,0.0,0.0,4.000000000014552,4.000000000014552,0,16.999999999985448,16.999999999985448,2644,-1.4551915228366852e-11
2646,1,recording,5342,13,13.0,1,16.66666666666572,0.0,0.0,3,3,0,9.999999999985448,9.999999999985448,2645,1
2647,1,recording,5343,20,20.0,1,16.66666666666572,0.0,0.0,2,2,0,16,16,2646,-1
2648,1,recording,5344,16,16.0,1,16.66666666666572,0.0,0.0,3,3,0,14,14,2647,0
2649,1,recording,5345,28,28.0,2,33.33333333333144,0.0,0.0,3,3,0,25,25,2648,0
2650,1,recording,5346,17,17.0,1,16.66666666666572,0.0,0.0,2,2,1,14,14,2649,0
2651,1,recording,5347,13,13.0,1,16.66666666666572,0.0,0.0,2,2,0,11,11,2650,0
2652,1,recording,5348,16,16.0,1,16.66666666666572,0.0,0.0,1.999999999985448,1.999999999985448,0,14.000000000014552,14.000000000014552,2651,1.4551915228366852e-11
2653,1,recording,5349,16,16.0,1,16.66666666666572,0.0,0.0,1,1,0,14,14,2652,-1.4551915228366852e-11
2654,1,recording,5350,16,16.0,1,16.66666666666572,0.0,0.0,3,3,0,15,15,2653,0
2655,1,recording,5351,19,19.0,1,16.66666666666572,0.0,0.0,1.9999999999708962,1.9999999999708962,0,16.000000000014552,16.000000000014552,2654,1.4551915228366852e-11
2656,1,recording,5352,26,26.0,1,16.66666666666572,0.0,0.0,1.000000000014552,1.000000000014552,0,24.0,24.0,2655,-2.9103830456733704e-11
2657,1,recording,5353,25,25.0,2,33.33333333333144,0.0,0.0,3.000000000014552,3.000000000014552,0,24,24,2656,1.4551915228366852e-11
2658,1,recording,5354,19,19.0,1,16.66666666666572,0.0,0.0,4,4,0,15.999999999985448,15.999999999985448,2657,0
2659,1,recording,5355,32,32.0,2,33.33333333333144,0.0,0.0,2.999999999985448,2.999999999985448,0,28.000000000014552,28.000000000014552,2658,1.4551915228366852e-11
2660,1,recording,5356,21,21.0,1,16.66666666666572,0.0,0.0,2.000000000014552,2.000000000014552,0,18,18,2659,-1.4551915228366852e-11
2661,1,recording,5357,61,61.0,4,66.66666666666288,0.0,6.000000000003822,3.999999999985448,3.999999999985448,0,59.0,59.0,2660,1.4551915228366852e-11
2662,1,recording,5358,30,30.0,1,16.66666666666572,0.0,0.0,6.0,6,0,26.000000000014552,26.000000000014552,2661,0.0
2663,1,recording,5359,25,25.0,2,33.33333333333144,0.0,0.0,2.999999999985448,2.999999999985448,0.9999999999708962,19.0,19.0,2662,0.0
2664,1,recording,5360,16,16.0,1,16.66666666666572,0.0,0.0,2.999999999985448,2.999999999985448,0,14.000000000014552,14.000000000014552,2663,1.0
2665,1,recording,5361,19,19.0,1,16.66666666666572,0.0,0.0,2.999999999985448,2.999999999985448,0,15.000000000014552,15.000000000014552,2664,-1.0
2666,1,recording,5362,35,35.0,2,33.33333333333144,0.0,0.0,2.999999999985448,2.999999999985448,0,32.00000000001455,32.00000000001455,2665,0.0
2667,1,recording,5363,17,17.0,1,16.66666666666572,0.0,0.0,4,4,0,14,14,2666,-1.4551915228366852e-11
2668,1,recording,5364,26,26.0,2,33.33333333333144,0.0,0.0,3.999999999985448,3.999999999985448,0,22.000000000014552,22.000000000014552,2667,1.4551915228366852e-11
2669,1,recording,5365,19,19.0,1,16.66666666666572,0.0,0.0,2.000000000014552,2.000000000014552,0,14.999999999985448,14.999999999985448,2668,-2.9103830456733704e-11
2670,1,recording,5366,19,19.0,1,16.66666666666572,0.0,0.0,3.000000000014552,3.000000000014552,0,17,17,2669,1.4551915228366852e-11
2671,1,recording,5367,25,25.0,1,16.66666666666572,0.0,0.0,2.000000000014552,2.000000000014552,1,21.999999999985448,21.999999999985448,2670,0
2672,1,recording,5368,21,21.0,2,33.33333333333144,0.0,0.0,6.0,6,0,18.999999999970896,18.999999999970896,2671,-1.4551915228366852e-11
2673,1,recording,5369,22,22.0,1,16.66666666666572,0.0,0.0,3.999999999985448,3.999999999985448,0,16.000000000029104,16.000000000029104,2672,2.9103830456733704e-11
2674,1,recording,5370,19,19.0,1,16.66666666666572,0.0,0.0,3.999999999985448,3.999999999985448,0,15.000000000014552,15.000000000014552,2673,0.0
2675,1,recording,5371,21,21.0,1,16.66666666666572,0.0,0.0,2.000000000014552,2.000000000014552,0,17,17,2674,-1.4551915228366852e-11
2676,1,recording,5372,25,25.0,2,33.33333333333144,0.0,0.0,2.999999999985448,2.999999999985448,0,22.999999999985448,22.999999999985448,2675,0
2677,1,recording,5373,15,15.0,1,16.66666666666572,0.0,0.0,4.000000000029104,4.000000000029104,0,12.0,12.0,2676,-1.4551915228366852e-11
2678,1,recording,5374,15,15.0,1,16.66666666666572,0.0,0.0,4,4,0,10.999999999985448,10.999999999985448,2677,1.4551915228366852e-11
2679,1,recording,5375,20,20.0,1,16.66666666666572,0.0,0.0,3.000000000014552,3.000000000014552,0,15.999999999985448,15.999999999985448,2678,-1.4551915228366852e-11
2680,1,recording,5376,21,21.0,1,16.66666666666572,0.0,0.0,5,5,0,18,18,2679,1.4551915228366852e-11
2681,1,recording,5377,19,19.0,1,16.66666666666572,0.0,0.0,3.999999999985448,3.999999999985448,0,14.000000000014552,14.000000000014552,2680,1.4551915228366852e-11
2682,1,recording,5378,24,24.0,2,33.33333333333144,0.0,0.0,1.9999999999708962,1.9999999999708962,0,20.000000000014552,20.000000000014552,2681,0.0
2683,1,recording,5379,21,21.0,1,16.66666666666572,0.0,0.0,1,1,0,19.000000000014552,19.000000000014552,2682,-1.4551915228366852e-11
2684,1,recording,5380,23,23.0,1,16.66666666666572,0.0,0.0,2,2,0,22,22,2683,0
2685,1,recording,5381,22,22.0,2,33.33333333333144,0.0,0.0,1.999999999985448,1.999999999985448,0,20.000000000014552,20.000000000014552,2684,1.4551915228366852e-11
2686,1,recording,5382,17,17.0,1,16.66666666666572,0.0,0.0,2.999999999985448,2.999999999985448,1.000000000014552,15.000000000014552,15.000000000014552,2685,0.0
2687,1,recording,5383,20,20.0,1,16.66666666666572,0.0,0.0,3.000000000014552,3.000000000014552,0,16.999999999985448,16.999999999985448,2686,-2.9103830456733704e-11
2688,1,recording,5384,29,29.0,2,33.33333333333144,0.0,0.0,2.999999999985448,2.999999999985448,0,26.000000000014552,26.000000000014552,2687,2.9103830456733704e-11
2689,1,recording,5385,22,22.0,1,16.66666666666572,0.0,0.0,2.000000000014552,2.000000000014552,0,19,19,2688,-1.4551915228366852e-11
2690,1,recording,5386,25,25.0,1,16.66666666666572,0.0,0.0,2.999999999985448,2.999999999985448,0,23.0,23.0,2689,1.4551915228366852e-11
2691,1,recording,5387,19,19.0,2,33.33333333333144,0.0,0.0,3.000000000014552,3.000000000014552,0,15.999999999985448,15.999999999985448,2690,-2.9103830456733704e-11
2692,1,recording,5388,21,21.0,1,16.66666666666572,0.0,0.0,2.000000000014552,2.000000000014552,0,18,18,2691,1.4551915228366852e-11
2693,1,recording,5389,21,21.0,1,16.66666666666572,0.0,0.0,4.000000000029104,4.000000000029104,0,18.999999999970896,18.999999999970896,2692,-1.4551915228366852e-11
2694,1,recording,5390,19,19.0,1,16.66666666666572,0.0,0.0,1,1,0,14.999999999985448,14.999999999985448,2693,1.4551915228366852e-11
2695,1,recording,5391,20,20.0,1,16.66666666666572,0.0,0.0,3,3,0,19,19,2694,0
2696,1,recording,5392,22,22.0,2,33.33333333333144,0.0,0.0,2.000000000014552,2.000000000014552,0,19,19,2695,0
2697,1,recording,5393,13,13.0,1,16.66666666666572,0.0,0.0,2.999999999985448,2.999999999985448,0,10.999999999985448,10.999999999985448,2696,0
2698,1,recording,5394,15,15.0,0,0.0,0.0,0.0,3.000000000014552,3.000000000014552,0,12.0,12.0,2697,-1.4551915228366852e-11
2699,1,recording,5395,16,16.0,1,16.66666666666572,0.0,0.0,1.9999999999708962,1.9999999999708962,0,13.000000000014552,13.000000000014552,2698,2.9103830456733704e-11
2700,1,recording,5396,17,17.0,1,16.66666666666572,0.0,0.0,2.000000000014552,2.000000000014552,1.000000000014552,15.000000000014552,15.000000000014552,2699,-1.4551915228366852e-11
2701,1,recording,5397,15,15.0,1,16.66666666666572,0.0,0.0,3.000000000014552,3.000000000014552,0,12.999999999970896,12.999999999970896,2700,-1.4551915228366852e-11
2702,1,recording,5398,21,21.0,2,33.33333333333144,0.0,0.0,6,6,0,18,18,2701,1.4551915228366852e-11
2703,1,recording,5399,22,22.0,1,16.66666666666572,0.0,0.0,2.000000000014552,2.000000000014552,0,16,16,2702,0
2704,1,recording,5400,16,16.0,1,16.66666666666572,0.0,0.0,4.000000000029104,4.000000000029104,0,13.999999999970896,13.999999999970896,2703,-1.4551915228366852e-11
2705,1,recording,5401,18,18.0,1,16.66666666666572,0.0,0.0,1.000000000014552,1.000000000014552,0,13.999999999970896,13.999999999970896,2704,0.0
2706,1,recording,5402,14,14.0,1,16.66666666666572,0.0,0.0,3.000000000014552,3.000000000014552,0,13,13,2705,1.4551915228366852e-11
2707,1,recording,5403,14,14.0,1,16.66666666666572,0.0,0.0,2.999999999985448,2.999999999985448,0,11.0,11.0,2706,1.4551915228366852e-11
2708,1,recording,5404,18,18.0,1,16.66666666666572,0.0,0.0,1.0,1,0,15.000000000014552,15.000000000014552,2707,0.0
2709,1,recording,5405,11,11.0,0,0.0,0.0,0.0,2.000000000014552,2.000000000014552,0,9.999999999985448,9.999999999985448,2708,-1.4551915228366852e-11
2710,1,recording,5406,47,47.0,3,49.99999999999716,0.0,0.0,6,6,0,44.99999999998545,44.99999999998545,2709,0
2711,1,recording,5407,37,37.0,2,33.33333333333144,0.0,0.0,4.999999999985448,4.999999999985448,0,31.000000000014552,31.000000000014552,2710,1.4551915228366852e-11
2712,1,recording,5408,19,19.0,2,33.33333333333144,0.0,0.0,5.0,5,0,14.000000000014552,14.000000000014552,2711,0.0
2713,1,recording,5409,22,22.0,1,16.66666666666572,0.0,0.0,1.9999999999708962,1.9999999999708962,0,18.0,18.0,2712,1.0
2714,1,recording,5410,18,18.0,1,16.66666666666572,0.0,0.0,2.000000000014552,2.000000000014552,0,15.000000000014552,15.000000000014552,2713,-1.000000000014552
2715,1,recording,5411,20,20.0,1,16.66666666666572,0.0,0.0,4.000000000029104,4.000000000029104,0,17.999999999970896,17.999999999970896,2714,-1.4551915228366852e-11
2716,1,recording,5412,20,20.0,1,16.66666666666572,0.0,0.0,3.999999999985448,3.999999999985448,0,15.999999999985448,15.999999999985448,2715,1.4551915228366852e-11
2717,1,recording,5413,18,18.0,1,16.66666666666572,0.0,0.0,2.000000000014552,2.000000000014552,0,14.000000000014552,14.000000000014552,2716,0
2718,1,recording,5414,26,26.0,2,33.33333333333144,0.0,0.0,3.999999999985448,3.999999999985448,0,24.0,24.0,2717,1.4551915228366852e-11
2719,1,recording,5415,17,17.0,1,16.66666666666572,0.0,0.0,2.000000000014552,2.000000000014552,0,13,13,2718,-1.4551915228366852e-11
2720,1,recording,5416,15,15.0,1,16.66666666666572,0.0,0.0,1.000000000014552,1.000000000014552,0,12.999999999970896,12.999999999970896,2719,-1.4551915228366852e-11
2721,1,recording,5417,17,17.0,1,16.66666666666572,0.0,0.0,3,3,0,17,17,2720,1.000000000014552
2722,1,recording,5418,20,20.0,1,16.66666666666572,0.0,0.0,3.999999999985448,3.999999999985448,0,16,16,2721,-1
2723,1,recording,5419,18,18.0,1,16.66666666666572,0.0,0.0,1,1,0,14.000000000014552,14.000000000014552,2722,0
2724,1,recording,5420,12,12.0,1,16.66666666666572,0.0,0.0,1,1,0,11,11,2723,0
2725,1,recording,5421,19,19.0,1,16.66666666666572,0.0,0.0,2.000000000014552,2.000000000014552,0,18,18,2724,0
2726,1,recording,5422,14,14.0,1,16.66666666666572,0.0,0.0,1.999999999985448,1.999999999985448,0,12.0,12.0,2725,1.4551915228366852e-11
2727,1,recording,5423,16,16.0,1,16.66666666666572,0.0,0.0,1.000000000014552,1.000000000014552,0,14,14,2726,-1.4551915228366852e-11
2728,1,recording,5424,21,21.0,1,16.66666666666572,0.0,0.0,2,2,0,19.999999999985448,19.999999999985448,2727,0
2729,1,recording,5425,16,16.0,1,16.66666666666572,0.0,0.0,2.999999999985448,2.999999999985448,0,14.000000000014552,14.000000000014552,2728,1.4551915228366852e-11
2730,1,recording,5426,25,25.0,2,33.33333333333144,0.0,0.0,1.000000000014552,1.000000000014552,0,21.999999999985448,21.999999999985448,2729,-2.9103830456733704e-11
2731,1,recording,5427,22,22.0,1,16.66666666666572,0.0,0.0,2.999999999985448,2.999999999985448,0,21.000000000014552,21.000000000014552,2730,2.9103830456733704e-11
2732,1,recording,5428,17,17.0,1,16.66666666666572,0.0,0.0,2.000000000014552,2.000000000014552,0,14,14,2731,-1.4551915228366852e-11
2733,1,recording,5429,30,30.0,2,33.33333333333144,0.0,0.0,2.000000000014552,2.000000000014552,0,27.999999999985448,27.999999999985448,2732,0
2734,1,recording,5430,51,51.0,3,49.99999999999716,0.0,0.0,3.000000000014552,3.000000000014552,0,48.99999999998545,48.99999999998545,2733,0
2735,1,recording,5431,31,31.0,2,33.33333333333144,0.0,0.0,2.000000000014552,2.000000000014552,0,27.999999999985448,27.999999999985448,2734,0
2736,1,recording,5432,20,20.0,1,16.66666666666572,0.0,0.0,3.999999999985448,3.999999999985448,0,18.0,18.0,2735,1.4551915228366852e-11
2737,1,recording,5433,24,24.0,1,16.66666666666572,0.0,0.0,1.9999999999708962,1.9999999999708962,0,20.000000000014552,20.000000000014552,2736,0.0
2738,1,recording,5434,62,62.0,4,66.66666666666288,0.0,8.000000000003796,3.000000000014552,3.000000000014552,0,60.00000000001455,60.00000000001455,2737,-1.4551915228366852e-11
2739,1,recording,5435,37,37.0,2,33.33333333333144,0.0,0.0,3.000000000014552,3.000000000014552,0,33.99999999998545,33.99999999998545,2738,0
2740,1,recording,5436,43,43.0,2,33.33333333333144,0.0,0.0,3,3,0,39.99999999998545,39.99999999998545,2739,0
2741,1,recording,5437,20,20.0,1,16.66666666666572,0.0,0.0,3.000000000014552,3.000000000014552,0,16.999999999985448,16.999999999985448,2740,-1.4551915228366852e-11
2742,1,recording,5438,29,29.0,2,33.33333333333144,0.0,0.0,2.999999999985448,2.999999999985448,0,26.000000000014552,26.000000000014552,2741,2.9103830456733704e-11
2743,1,recording,5439,24,24.0,2,33.33333333333144,0.0,0.0,6.0,6,0,21.000000000014552,21.000000000014552,2742,0.0
2744,1,recording,5440,34,34.0,2,33.33333333333144,0.0,0.0,2.999999999985448,2.999999999985448,0,27.999999999985448,27.999999999985448,2743,-1.4551915228366852e-11
2745,1,recording,5441,32,32.0,2,33.33333333333144,0.0,0.0,5.000000000029104,5.000000000029104,0,29.0,29.0,2744,-1.4551915228366852e-11
2746,1,recording,5442,27,27.0,1,16.66666666666572,0.0,0.0,1.000000000014552,1.000000000014552,0,21.999999999985448,21.999999999985448,2745,1.4551915228366852e-11
2747,1,recording,5443,21,21.0,2,33.33333333333144,0.0,0.0,2.000000000014552,2.000000000014552,0,19.999999999970896,19.999999999970896,2746,-1.4551915228366852e-11
2748,1,recording,5444,32,32.0,1,16.66666666666572,0.0,0.0,2.000000000014552,2.000000000014552,0,30,30,2747,1.4551915228366852e-11
2749,1,recording,5445,26,26.0,2,33.33333333333144,0.0,0.0,3.999999999985448,3.999999999985448,0,25.0,25.0,2748,1.000000000014552
2750,1,recording,5446,33,33.0,2,33.33333333333144,0.0,0.0,2.000000000014552,2.000000000014552,0,28,28,2749,-1.000000000014552
2751,1,recording,5447,25,25.0,1,16.66666666666572,0.0,0.0,2.000000000014552,2.000000000014552,1.000000000014552,22.999999999985448,22.999999999985448,2750,0
2752,1,recording,5448,68,68.0,4,66.66666666666288,0.0,17.666666666670466,2,2,0,66.99999999998545,66.99999999998545,2751,1
2753,1,recording,5449,53,53.0,3,49.99999999999716,0.0,0.0,5.0,5,0,50.00000000001455,50.00000000001455,2752,-0.9999999999854481
2754,1,recording,5450,36,36.0,2,33.33333333333144,0.0,0.0,0.9999999999708962,0.9999999999708962,0,31.0,31.0,2753,0.0
2755,1,recording,5451,18,18.0,1,16.66666666666572,0.0,0.0,2.999999999985448,2.999999999985448,0,17.000000000029104,17.000000000029104,2754,0.0
2756,1,recording,5452,28,28.0,2,33.33333333333144,0.0,0.0,2.000000000014552,2.000000000014552,0,25,25,2755,-1.4551915228366852e-11
2757,1,recording,5453,47,47.0,2,33.33333333333144,0.0,0.0,2.000000000014552,2.000000000014552,0,44.99999999998545,44.99999999998545,2756,0
2758,1,recording,5454,19,19.0,2,33.33333333333144,0.0,0.0,1.0,1,0,17.0,17.0,2757,1.4551915228366852e-11
2759,1,recording,5455,17,17.0,1,16.66666666666572,0.0,0.0,2.999999999985448,2.999999999985448,0,15.999999999985448,15.999999999985448,2758,-1.4551915228366852e-11
2760,1,recording,5456,26,26.0,1,16.66666666666572,0.0,0.0,1.999999999985448,1.999999999985448,0,23.000000000029104,23.000000000029104,2759,1.4551915228366852e-11
2761,1,recording,5457,21,21.0,1,16.66666666666572,0.0,0.0,2.000000000014552,2.000000000014552,0,19,19,2760,-1.4551915228366852e-11
2762,1,recording,5458,16,16.0,1,16.66666666666572,0.0,0.0,1,1,0,13.999999999985448,13.999999999985448,2761,0
2763,1,recording,5459,23,23.0,2,33.33333333333144,0.0,0.0,4.000000000029104,4.000000000029104,0,21.999999999985448,21.999999999985448,2762,-1.4551915228366852e-11
2764,1,recording,5460,21,21.0,1,16.66666666666572,0.0,0.0,2.000000000014552,2.000000000014552,0,16.999999999985448,16.999999999985448,2763,1.4551915228366852e-11
2765,1,recording,5461,32,32.0,2,33.33333333333144,0.0,0.0,6.0,6,0,30.0,30.0,2764,1.4551915228366852e-11
2766,1,recording,5462,35,35.0,2,33.33333333333144,0.0,0.0,5.0,5,0,29.0,29.0,2765,0.0
2767,1,recording,5463,25,25.0,2,33.33333333333144,0.0,0.0,3.000000000014552,3.000000000014552,0,19.999999999970896,19.999999999970896,2766,-2.9103830456733704e-11
2768,1,recording,5464,21,21.0,1,16.66666666666572,0.0,0.0,2.999999999985448,2.999999999985448,0,18,18,2767,1.4551915228366852e-11
2769,1,recording,5465,26,26.0,1,16.66666666666572,0.0,0.0,1.999999999985448,1.999999999985448,0,23.000000000029104,23.000000000029104,2768,1.4551915228366852e-11
2770,1,recording,5466,28,28.0,2,33.33333333333144,0.0,0.0,5,5,1,26,26,2769,-1.4551915228366852e-11
2771,1,recording,5467,27,27.0,2,33.33333333333144,0.0,0.0,2,2,0,22,22,2770,0
2772,1,recording,5468,23,23.0,1,16.66666666666572,0.0,0.0,2.000000000014552,2.000000000014552,0,20.999999999985448,20.999999999985448,2771,-1.4551915228366852e-11
2773,1,recording,5469,27,27.0,2,33.33333333333144,0.0,0.0,1.000000000014552,1.000000000014552,0,25,25,2772,1.4551915228366852e-11
2774,1,recording,5470,24,24.0,1,16.66666666666572,0.0,0.0,2.000000000014552,2.000000000014552,0,22.999999999985448,22.999999999985448,2773,0
2775,1,recording,5471,24,24.0,2,33.33333333333144,0.0,0.0,4,4,0,21.999999999985448,21.999999999985448,2774,0
2776,1,recording,5472,24,24.0,1,16.66666666666572,0.0,0.0,1.9999999999708962,1.9999999999708962,0,20.000000000014552,20.000000000014552,2775,1.4551915228366852e-11
2777,1,recording,5473,32,32.0,2,33.33333333333144,0.0,0.0,3.000000000014552,2.000000000014552,1,30.0,30.0,2776,-2.9103830456733704e-11
2778,1,recording,5474,19,19.0,1,16.66666666666572,0.0,0.0,2,2,0,16,17,2777,1.4551915228366852e-11
2779,1,recording,5475,19,19.0,1,16.66666666666572,0.0,0.0,2.000000000014552,2.000000000014552,0,17,17,2778,0
2780,1,recording,5476,17,17.0,1,16.66666666666572,0.0,0.0,2,2,0,14.999999999985448,14.999999999985448,2779,0
2781,1,recording,5477,23,23.0,2,33.33333333333144,0.0,0.0,2,2,0,21,21,2780,0
2782,1,recording,5478,17,17.0,1,16.66666666666572,0.0,0.0,4,4,0,15,15,2781,0
2783,1,recording,5479,23,23.0,1,16.66666666666572,0.0,0.0,3,3,0,19,19,2782,0
2784,1,recording,5480,24,24.0,1,16.66666666666572,0.0,0.0,2,2,1,21,21,2783,0
2785,1,recording,5481,24,24.0,2,33.33333333333144,0.0,0.0,3.999999999970896,3.999999999970896,0,22.000000000029104,22.000000000029104,2784,2.9103830456733704e-11
2786,1,recording,5482,23,23.0,1,16.66666666666572,0.0,0.0,4,4,1.0000000000291038,19,19,2785,-2.9103830456733704e-11
2787,1,recording,5483,32,32.0,2,33.33333333333144,0.0,0.0,1,1,1,28,28,2786,0
2788,1,recording,5484,29,29.0,2,33.33333333333144,0.0,0.0,3,3,0,28,28,2787,0
2789,1,recording,5485,27,27.0,2,33.33333333333144,0.0,0.0,3,3,0,24,24,2788,0
2790,1,recording,5486,28,28.0,1,16.66666666666572,0.0,0.0,1,1,0,25,25,2789,0
2791,1,recording,5487,31,31.0,2,33.33333333333144,0.0,0.0,2,2,0,30,30,2790,0
2792,1,recording,5488,23,23.0,1,16.66666666666572,0.0,0.0,2,2,0,21,21,2791,0
2793,1,recording,5489,45,45.0,3,49.99999999999716,0.0,0.0,4,4,0,43,43,2792,0
2794,1,recording,5490,29,29.0,2,33.33333333333144,0.0,0.0,4,4,1,25,25,2793,0
2795,1,recording,5491,32,32.0,2,33.33333333333144,0.0,0.0,3,3,0,28,28,2794,0
2796,1,recording,5492,30,30.0,2,33.33333333333144,0.0,0.0,3,3,0,27,27,2795,0
2797,1,recording,5493,23,23.0,1,16.66666666666572,0.0,0.0,2,2,0,20,20,2796,0
2798,1,recording,5494,18,18.0,1,16.66666666666572,0.0,0.0,2,2,0,16,16,2797,0
2799,1,recording,5495,13,13.0,1,16.66666666666572,0.0,0.0,2,2,1,11,11,2798,0
2800,1,recording,5496,20,20.0,1,16.66666666666572,0.0,0.0,2.000000000029104,2.000000000029104,1.0000000000291038,18,18,2799,0
2801,1,recording,5497,26,26.0,2,33.33333333333144,0.0,0.0,5,5,0,23.999999999970896,23.999999999970896,2800,0
2802,1,recording,5498,22,22.0,1,16.66666666666572,0.0,0.0,2,2,0,17,17,2801,0
2803,1,recording,5499,21,21.0,1,16.66666666666572,0.0,0.0,5,5,0,19,19,2802,0
2804,1,recording,5500,32,32.0,2,33.33333333333144,0.0,0.0,3,3,0,27,27,2803,0
2805,1,recording,5501,38,38.0,2,33.33333333333144,0.0,0.0,1.9999999999708962,1.9999999999708962,0,35.000000000029104,35.000000000029104,2804,2.9103830456733704e-11
2806,1,recording,5502,21,21.0,2,33.33333333333144,0.0,0.0,3,3,0,19,19,2805,-2.9103830456733704e-11
2807,1,recording,5503,25,25.0,1,16.66666666666572,0.0,0.0,3,3,0,22,22,2806,0
2808,1,recording,5504,20,20.0,1,16.66666666666572,0.0,0.0,2,2,0,17,17,2807,0
2809,1,recording,5505,14,14.0,1,16.66666666666572,0.0,0.0,1,1,0,12,12,2808,0
2810,1,recording,5506,17,17.0,1,16.66666666666572,0.0,0.0,2,2,0,16,16,2809,0
2811,1,recording,5507,18,18.0,1,16.66666666666572,0.0,0.0,2,2,0,16,16,2810,0
2812,1,recording,5508,19,19.0,1,16.66666666666572,0.0,0.0,2,2,0,17,17,2811,0
2813,1,recording,5509,26,26.0,2,33.33333333333144,0.0,0.0,2,2,0,24,24,2812,0
2814,1,recording,5510,21,21.0,1,16.66666666666572,0.0,0.0,2,2,0,19,19,2813,0
2815,1,recording,5511,28,28.0,2,33.33333333333144,0.0,0.0,2,2,0,26,26,2814,0
2816,1,recording,5512,16,16.0,1,16.66666666666572,0.0,0.0,1.9999999999708962,1.9999999999708962,0,15.000000000029104,15.000000000029104,2815,1.0000000000291038
2817,1,recording,5513,20,20.0,1,16.66666666666572,0.0,0.0,2,2,0,17,17,2816,-1.0000000000291038
2818,1,recording,5514,20,20.0,1,16.66666666666572,0.0,0.0,2,2,0,18,18,2817,0
2819,1,recording,5515,18,18.0,1,16.66666666666572,0.0,0.0,4,4,1,16,16,2818,0
2820,1,recording,5516,27,27.0,2,33.33333333333144,0.0,0.0,2,2,0,23,23,2819,0
2821,1,recording,5517,23,23.0,1,16.66666666666572,0.0,0.0,8.999999999970896,8.999999999970896,0,21.000000000029104,21.000000000029104,2820,2.9103830456733704e-11
2822,1,recording,5518,34,34.0,2,33.33333333333144,0.0,0.0,2,2,0,26,26,2821,0.9999999999708962
2823,1,recording,5519,30,30.0,2,33.33333333333144,0.0,0.0,5,5,0,27,27,2822,-1
2824,1,recording,5520,29,29.0,2,33.33333333333144,0.0,0.0,3,3,1,24,24,2823,0
2825,1,recording,5521,24,24.0,1,16.66666666666572,0.0,0.0,3,3,0,21,21,2824,0
2826,1,recording,5522,29,29.0,2,33.33333333333144,0.0,0.0,37,37,2,26,26,2825,0
2827,1,recording,5523,82,82.0,4,66.66666666666288,0.0,25.333333333337176,8,8,0,45,45,2826,0
2828,1,recording,5524,38,38.0,2,33.33333333333144,0.0,0.0,3,3,0,30,30,2827,0
2829,1,recording,5525,16,16.0,1,16.66666666666572,0.0,0.0,4.000000000029104,3.000000000029104,1,13,14,2828,0
2830,1,recording,5526,52,52.0,3,49.99999999999716,0.0,0.0,3,3,0,47.999999999970896,47.999999999970896,2829,0
2831,1,recording,5527,41,41.0,2,33.33333333333144,0.0,0.0,1.9999999999708962,1.9999999999708962,0,38.000000000029104,38.000000000029104,2830,2.9103830456733704e-11
2832,1,recording,5528,28,28.0,2,33.33333333333144,0.0,0.0,2.000000000029104,2.000000000029104,0,26,26,2831,-2.9103830456733704e-11
2833,1,recording,5529,23,23.0,1,16.66666666666572,0.0,0.0,3,3,0,20.999999999970896,20.999999999970896,2832,0
2834,1,recording,5530,26,26.0,2,33.33333333333144,0.0,0.0,4,4,0,23,23,2833,0
2835,1,recording,5531,25,25.0,1,16.66666666666572,0.0,0.0,2,2,0,21,21,2834,0
2836,1,recording,5532,39,39.0,3,49.99999999999716,0.0,0.0,2.000000000029104,2.000000000029104,0,37,37,2835,0
2837,1,recording,5533,14,14.0,1,16.66666666666572,0.0,0.0,1.9999999999708962,1.9999999999708962,0,12.0,12.0,2836,2.9103830456733704e-11
2838,1,recording,5534,24,24.0,1,16.66666666666572,0.0,0.0,2,2,1,22,22,2837,-2.9103830456733704e-11
2839,1,recording,5535,17,17.0,1,16.66666666666572,0.0,0.0,2,2,0,15,15,2838,0
2840,1,recording,5536,24,24.0,2,33.33333333333144,0.0,0.0,1,1,0,23,23,2839,1
2841,1,recording,5537,36,36.0,2,33.33333333333144,0.0,0.0,3.999999999970896,3.999999999970896,0,34.000000000029104,34.000000000029104,2840,-0.9999999999708962
2842,1,recording,5538,38,38.0,2,33.33333333333144,0.0,0.0,3,3,0,34,34,2841,-2.9103830456733704e-11
2843,1,recording,5539,31,31.0,2,33.33333333333144,0.0,0.0,2,2,0,28,28,2842,0
2844,1,recording,5540,25,25.0,1,16.66666666666572,0.0,0.0,3,3,0,23,23,2843,0
2845,1,recording,5541,24,24.0,2,33.33333333333144,0.0,0.0,3,3,0,21,21,2844,0
2846,1,recording,5542,20,20.0,1,16.66666666666572,0.0,0.0,3,3,0,17,17,2845,0
2847,1,recording,5543,25,25.0,1,16.66666666666572,0.0,0.0,4.000000000029104,4.000000000029104,0,22,22,2846,0
2848,1,recording,5544,21,21.0,2,33.33333333333144,0.0,0.0,2,2,0,16.999999999970896,16.999999999970896,2847,0
2849,1,recording,5545,17,17.0,1,16.66666666666572,0.0,0.0,2,2,0,15,15,2848,0
2850,1,recording,5546,16,16.0,1,16.66666666666572,0.0,0.0,2,2,0,14,14,2849,0
2851,1,recording,5547,17,17.0,1,16.66666666666572,0.0,0.0,2,2,0,15,15,2850,0
2852,1,recording,5548,24,24.0,1,16.66666666666572,0.0,0.0,2,2,0,22,22,2851,0
2853,1,recording,5549,21,21.0,1,16.66666666666572,0.0,0.0,2,2,0,19,19,2852,0
2854,1,recording,5550,17,17.0,1,16.66666666666572,0.0,0.0,3,3,0,15,15,2853,0
2855,1,recording,5551,18,18.0,2,33.33333333333144,0.0,0.0,3,3,0,15,15,2854,0
2856,1,recording,5552,17,17.0,1,16.66666666666572,0.0,0.0,2,2,0,14,14,2855,0
2857,1,recording,5553,19,19.0,1,16.66666666666572,0.0,0.0,2,2,0,17,17,2856,0
2858,1,recording,5554,18,18.0,1,16.66666666666572,0.0,0.0,4,4,0,16,16,2857,0
2859,1,recording,5555,23,23.0,1,16.66666666666572,0.0,0.0,3,3,0,19,19,2858,0
2860,1,recording,5556,22,22.0,1,16.66666666666572,0.0,0.0,1,1,0,19,19,2859,0
2861,1,recording,5557,20,20.0,2,33.33333333333144,0.0,0.0,2,2,0,19,19,2860,0
2862,1,recording,5558,21,21.0,1,16.66666666666572,0.0,0.0,1,1,0,19,19,2861,0
2863,1,recording,5559,15,15.0,1,16.66666666666572,0.0,0.0,4,4,0,14,14,2862,0
2864,1,recording,5560,23,23.0,1,16.66666666666572,0.0,0.0,1,1,0,19,19,2863,0
2865,1,recording,5561,21,21.0,1,16.66666666666572,0.0,0.0,1,1,0,20,20,2864,0
2866,1,recording,5562,31,31.0,2,33.33333333333144,0.0,0.0,2,2,0,30,30,2865,0
2867,1,recording,5563,28,28.0,2,33.33333333333144,0.0,0.0,2,2,0,26,26,2866,0
2868,1,recording,5564,19,19.0,1,16.66666666666572,0.0,0.0,1,1,0,17,17,2867,0
2869,1,recording,5565,16,16.0,1,16.66666666666572,0.0,0.0,1,1,0,15,15,2868,0
2870,1,recording,5566,44,44.0,3,49.99999999999716,0.0,0.0,3,3,0,43,43,2869,0
2871,1,recording,5567,23,23.0,1,16.66666666666572,0.0,0.0,2,2,0,20,20,2870,0
2872,1,recording,5568,18,18.0,1,16.66666666666572,0.0,0.0,1,1,0,16,16,2871,0
2873,1,recording,5569,20,20.0,1,16.66666666666572,0.0,0.0,2,2,0,19,19,2872,0
2874,1,recording,5570,21,21.0,2,33.33333333333144,0.0,0.0,2,2,0,19,19,2873,0
2875,1,recording,5571,47,47.0,2,33.33333333333144,0.0,0.0,3.999999999970896,3.999999999970896,0,45.000000000029104,45.000000000029104,2874,2.9103830456733704e-11
2876,1,recording,5572,24,24.0,2,33.33333333333144,0.0,0.0,4,4,0,20,20,2875,-2.9103830456733704e-11
2877,1,recording,5573,17,17.0,1,16.66666666666572,0.0,0.0,2,2,0,13,13,2876,0
2878,1,recording,5574,21,21.0,1,16.66666666666572,0.0,0.0,1,1,0,19,19,2877,0
2879,1,recording,5575,19,19.0,1,16.66666666666572,0.0,0.0,2.000000000029104,2.000000000029104,0,18,18,2878,0
2880,1,recording,5576,18,18.0,1,16.66666666666572,0.0,0.0,3,3,0,15.999999999970896,15.999999999970896,2879,0
2881,1,recording,5577,28,28.0,2,33.33333333333144,0.0,0.0,3,3,0,25,25,2880,0
2882,1,recording,5578,28,28.0,2,33.33333333333144,0.0,0.0,2,2,0,25,25,2881,0
2883,1,recording,5579,21,21.0,1,16.66666666666572,0.0,0.0,2,2,0,19,19,2882,0
2884,1,recording,5580,28,28.0,2,33.33333333333144,0.0,0.0,3,3,0,26,26,2883,0
2885,1,recording,5581,16,16.0,1,16.66666666666572,0.0,0.0,1.9999999999708962,1.9999999999708962,0,13.000000000029104,13.000000000029104,2884,2.9103830456733704e-11
2886,1,recording,5582,24,24.0,1,16.66666666666572,0.0,0.0,1.9999999999708962,1.9999999999708962,0,22.000000000029104,22.000000000029104,2885,0.0
2887,1,recording,5583,18,18.0,1,16.66666666666572,0.0,0.0,2.999999999970896,2.999999999970896,0,16.000000000029104,16.000000000029104,2886,0.0
2888,1,recording,5584,30,30.0,2,33.33333333333144,0.0,0.0,2,2,0,27,27,2887,-2.9103830456733704e-11
2889,1,recording,5585,23,23.0,1,16.66666666666572,0.0,0.0,2,2,0,21,21,2888,0
2890,1,recording,5586,36,36.0,3,49.99999999999716,0.0,0.0,2.999999999970896,2.999999999970896,0,34.000000000029104,34.000000000029104,2889,2.9103830456733704e-11
2891,1,recording,5587,26,26.0,1,16.66666666666572,0.0,0.0,2,2,0,23,23,2890,-2.9103830456733704e-11
2892,1,recording,5588,22,22.0,1,16.66666666666572,0.0,0.0,2,2,0,20,20,2891,0
2893,1,recording,5589,15,15.0,1,16.66666666666572,0.0,0.0,2,2,0,13,13,2892,0
2894,1,recording,5590,17,17.0,1,16.66666666666572,0.0,0.0,1,1,0,15,15,2893,0
2895,1,recording,5591,26,26.0,2,33.33333333333144,0.0,0.0,3,3,0,25,25,2894,0
2896,1,recording,5592,20,20.0,1,16.66666666666572,0.0,0.0,2,2,0,17,17,2895,0
2897,1,recording,5593,22,22.0,1,16.66666666666572,0.0,0.0,2,2,0,20,20,2896,0
2898,1,recording,5594,15,15.0,1,16.66666666666572,0.0,0.0,2,2,0,13,13,2897,0
2899,1,recording,5595,19,19.0,1,16.66666666666572,0.0,0.0,2,2,0,17,17,2898,0
2900,1,recording,5596,16,16.0,1,16.66666666666572,0.0,0.0,2,2,0,14,14,2899,0
2901,1,recording,5597,15,15.0,1,16.66666666666572,0.0,0.0,2,2,0,13,13,2900,0
2902,1,recording,5598,24,24.0,2,33.33333333333144,0.0,0.0,2,2,0,22,22,2901,0
2903,1,recording,5599,18,18.0,1,16.66666666666572,0.0,0.0,2,2,1.0000000000291038,16,16,2902,0
2904,1,recording,5600,29,29.0,2,33.33333333333144,0.0,0.0,2.000000000029104,2.000000000029104,0,27,27,2903,0
2905,1,recording,5601,25,25.0,1,16.66666666666572,0.0,0.0,5,5,0,22.999999999970896,22.999999999970896,2904,0
2906,1,recording,5602,34,34.0,2,33.33333333333144,0.0,0.0,5,5,1,29,29,2905,0
2907,1,recording,5603,24,24.0,2,33.33333333333144,0.0,0.0,1,1,0,19,19,2906,0
2908,1,recording,5604,30,30.0,1,16.66666666666572,0.0,0.0,2.000000000029104,2.000000000029104,0,29,29,2907,0
2909,1,recording,5605,25,25.0,2,33.33333333333144,0.0,0.0,2,2,0,22.999999999970896,22.999999999970896,2908,0
2910,1,recording,5606,17,17.0,1,16.66666666666572,0.0,0.0,4,4,0,15,15,2909,0
2911,1,recording,5607,29,29.0,2,33.33333333333144,0.0,0.0,5,5,0,25,25,2910,0
2912,1,recording,5608,28,28.0,1,16.66666666666572,0.0,0.0,3,3,0,23,23,2911,0
2913,1,recording,5609,22,22.0,2,33.33333333333144,0.0,0.0,2.999999999970896,2.999999999970896,0,19.000000000029104,19.000000000029104,2912,2.9103830456733704e-11
2914,1,recording,5610,24,24.0,1,16.66666666666572,0.0,0.0,1,1,0,21,21,2913,-2.9103830456733704e-11
2915,1,recording,5611,16,16.0,1,16.66666666666572,0.0,0.0,2,2,0,15,15,2914,0
2916,1,recording,5612,20,20.0,1,16.66666666666572,0.0,0.0,3,3,0,18,18,2915,0
2917,1,recording,5613,18,18.0,1,16.66666666666572,0.0,0.0,2,2,0,15,15,2916,0
2918,1,recording,5614,75,75.0,4,66.66666666666288,0.0,21.666666666670526,7,7,1,73,73,2917,0
2919,1,recording,5615,44,44.0,2,33.33333333333144,0.0,0.0,3,3,0,37,37,2918,0
2920,1,recording,5616,27,27.0,2,33.33333333333144,0.0,0.0,2.000000000029104,2.000000000029104,0,24,24,2919,0
2921,1,recording,5617,23,23.0,1,16.66666666666572,0.0,0.0,3.000000000029104,3.000000000029104,0,20.999999999970896,20.999999999970896,2920,0
2922,1,recording,5618,37,37.0,2,33.33333333333144,0.0,0.0,1,1,0,33.999999999970896,33.999999999970896,2921,0
2923,1,recording,5619,26,26.0,2,33.33333333333144,0.0,0.0,2,2,0,25,25,2922,0
2924,1,recording,5620,41,41.0,2,33.33333333333144,0.0,0.0,0.9999999999708962,0.9999999999708962,0,39.000000000029104,39.000000000029104,2923,2.9103830456733704e-11
2925,1,recording,5621,40,40.0,3,49.99999999999716,0.0,0.0,2.000000000029104,2.000000000029104,0,39,39,2924,-2.9103830456733704e-11
2926,1,recording,5622,51,51.0,3,49.99999999999716,0.0,0.0,5,5,0,48.999999999970896,48.999999999970896,2925,0
2927,1,recording,5623,29,29.0,2,33.33333333333144,0.0,0.0,4,4,1,24,24,2926,0
2928,1,recording,5624,55,55.0,3,49.99999999999716,0.0,0.0,3,3,1,51,51,2927,0
2929,1,recording,5625,25,25.0,1,16.66666666666572,0.0,0.0,3,2,1,22,22,2928,0
2930,1,recording,5626,21,21.0,2,33.33333333333144,0.0,0.0,3,3,0,18,19,2929,0
2931,1,recording,5627,27,27.0,1,16.66666666666572,0.0,0.0,1,1,0,24,24,2930,0
2932,1,recording,5628,71,71.0,4,66.66666666666288,0.0,17.000000000003805,3,3,0,70,70,2931,0
2933,1,recording,5629,48,48.0,2,33.33333333333144,0.0,0.0,5,5,0,45,45,2932,0
2934,1,recording,5630,29,29.0,2,33.33333333333144,0.0,0.0,3.000000000029104,3.000000000029104,0,24,24,2933,0
2935,1,recording,5631,21,21.0,1,16.66666666666572,0.0,0.0,3.999999999970896,3.999999999970896,0,18.0,18.0,2934,2.9103830456733704e-11
2936,1,recording,5632,17,17.0,1,16.66666666666572,0.0,0.0,4,4,0,14,14,2935,0.9999999999708962
2937,1,recording,5633,20,20.0,2,33.33333333333144,0.0,0.0,3,3,1,15,15,2936,-1
2938,1,recording,5634,16,16.0,1,16.66666666666572,0.0,0.0,1,1,0,13,13,2937,0
2939,1,recording,5635,18,18.0,1,16.66666666666572,0.0,0.0,1.9999999999708962,1.9999999999708962,0,17.000000000029104,17.000000000029104,2938,2.9103830456733704e-11
2940,1,recording,5636,20,20.0,1,16.66666666666572,0.0,0.0,3,3,0,18,18,2939,-2.9103830456733704e-11
2941,1,recording,5637,25,25.0,1,16.66666666666572,0.0,0.0,4,4,0,23,23,2940,1
2942,1,recording,5638,21,21.0,2,33.33333333333144,0.0,0.0,1,1,0,16,16,2941,-1
2943,1,recording,5639,25,25.0,1,16.66666666666572,0.0,0.0,2,2,0,24,24,2942,0
2944,1,recording,5640,21,21.0,1,16.66666666666572,0.0,0.0,2,2,0,19,19,2943,0
2945,1,recording,5641,24,24.0,2,33.33333333333144,0.0,0.0,4,4,0,22,22,2944,0
2946,1,recording,5642,20,20.0,1,16.66666666666572,0.0,0.0,3,3,0,16,16,2945,0
2947,1,recording,5643,24,24.0,1,16.66666666666572,0.0,0.0,4,4,0,21,21,2946,0
2948,1,recording,5644,23,23.0,2,33.33333333333144,0.0,0.0,2,2,1,19,19,2947,0
2949,1,recording,5645,22,22.0,1,16.66666666666572,0.0,0.0,3,3,0,21,21,2948,1
2950,1,recording,5646,19,19.0,1,16.66666666666572,0.0,0.0,1,1,0,16,16,2949,0
2951,1,recording,5647,17,17.0,1,16.66666666666572,0.0,0.0,4,4,0,15,15,2950,-1
2952,1,recording,5648,20,20.0,2,33.33333333333144,0.0,0.0,2,2,0,16,16,2951,0
2953,1,recording,5649,27,27.0,1,16.66666666666572,0.0,0.0,2,2,0,25,25,2952,0
2954,1,recording,5650,32,32.0,2,33.33333333333144,0.0,0.0,13,13,0,30,30,2953,0
2955,1,recording,5651,40,40.0,2,33.33333333333144,0.0,0.0,2,2,0,27,27,2954,0
2956,1,recording,5652,25,25.0,2,33.33333333333144,0.0,0.0,1.9999999999708962,1.9999999999708962,0,23.000000000029104,23.000000000029104,2955,2.9103830456733704e-11
2957,1,recording,5653,16,16.0,1,16.66666666666572,0.0,0.0,2.000000000029104,2.000000000029104,0,14,14,2956,-2.9103830456733704e-11
2958,1,recording,5654,14,14.0,1,16.66666666666572,0.0,0.0,2,2,0,11.999999999970896,11.999999999970896,2957,0
2959,1,recording,5655,13,13.0,1,16.66666666666572,0.0,0.0,2,2,0,11,11,2958,0
2960,1,recording,5656,15,15.0,0,0.0,0.0,0.0,2,2,0,13,13,2959,0
2961,1,recording,5657,15,15.0,1,16.66666666666572,0.0,0.0,2,2,0,13,13,2960,0
2962,1,recording,5658,13,13.0,1,16.66666666666572,0.0,0.0,2,2,0,11,11,2961,0
2963,1,recording,5659,14,14.0,1,16.66666666666572,0.0,0.0,2,2,0,12,12,2962,0
2964,1,recording,5660,18,18.0,1,16.66666666666572,0.0,0.0,3,3,0,16,16,2963,0
2965,1,recording,5661,16,16.0,1,16.66666666666572,0.0,0.0,3.000000000029104,3.000000000029104,0,13,13,2964,0
2966,1,recording,5662,21,21.0,1,16.66666666666572,0.0,0.0,2,2,0,17.999999999970896,17.999999999970896,2965,0
2967,1,recording,5663,30,30.0,2,33.33333333333144,0.0,0.0,6,6,1,28,28,2966,0
2968,1,recording,5664,24,24.0,1,16.66666666666572,0.0,0.0,2,2,0,18,18,2967,0
2969,1,recording,5665,20,20.0,2,33.33333333333144,0.0,0.0,3.000000000029104,3.000000000029104,0,18,18,2968,0
2970,1,recording,5666,22,22.0,1,16.66666666666572,0.0,0.0,2,2,0,18.999999999970896,18.999999999970896,2969,0
2971,1,recording,5667,20,20.0,1,16.66666666666572,0.0,0.0,3.000000000029104,3.000000000029104,0,18,18,2970,0
2972,1,recording,5668,17,17.0,1,16.66666666666572,0.0,0.0,5,5,0,13.999999999970896,13.999999999970896,2971,0
2973,1,recording,5669,17,17.0,1,16.66666666666572,0.0,0.0,2,2,0,12,12,2972,0
2974,1,recording,5670,13,13.0,1,16.66666666666572,0.0,0.0,3,3,1,11,11,2973,0
2975,1,recording,5671,16,16.0,1,16.66666666666572,0.0,0.0,3,3,0,13,13,2974,0
2976,1,recording,5672,17,17.0,1,16.66666666666572,0.0,0.0,3.999999999970896,3.999999999970896,0,14.000000000029104,14.000000000029104,2975,2.9103830456733704e-11
2977,1,recording,5673,18,18.0,1,16.66666666666572,0.0,0.0,2.999999999970896,2.999999999970896,0,14.000000000029104,14.000000000029104,2976,0.0
2978,1,recording,5674,18,18.0,1,16.66666666666572,0.0,0.0,1.9999999999708962,1.9999999999708962,0,15.000000000029104,15.000000000029104,2977,0.0
2979,1,recording,5675,15,15.0,1,16.66666666666572,0.0,0.0,4,4,0,13,13,2978,-2.9103830456733704e-11
2980,1,recording,5676,18,18.0,1,16.66666666666572,0.0,0.0,2,2,0,14,14,2979,0
2981,1,recording,5677,15,15.0,1,16.66666666666572,0.0,0.0,2,2,0,13,13,2980,0
2982,1,recording,5678,15,15.0,1,16.66666666666572,0.0,0.0,2,2,0,13,13,2981,0
2983,1,recording,5679,17,17.0,1,16.66666666666572,0.0,0.0,2,2,0,15,15,2982,0
2984,1,recording,5680,17,17.0,1,16.66666666666572,0.0,0.0,1,1,0,15,15,2983,0
2985,1,recording,5681,16,16.0,1,16.66666666666572,0.0,0.0,1.9999999999708962,0.9999999999708962,1,15.000000000029104,15.000000000029104,2984,2.9103830456733704e-11
2986,1,recording,5682,17,17.0,1,16.66666666666572,0.0,0.0,4,4,0,15,16,2985,-2.9103830456733704e-11
2987,1,recording,5683,18,18.0,1,16.66666666666572,0.0,0.0,4,4,0,14,14,2986,0
2988,1,recording,5684,16,16.0,1,16.66666666666572,0.0,0.0,3,3,0,12,12,2987,0
2989,1,recording,5685,19,19.0,1,16.66666666666572,0.0,0.0,2,2,0,16,16,2988,0
2990,1,recording,5686,14,14.0,1,16.66666666666572,0.0,0.0,2,2,0,12,12,2989,0
2991,1,recording,5687,17,17.0,1,16.66666666666572,0.0,0.0,2.999999999970896,2.999999999970896,0,15.000000000029104,15.000000000029104,2990,2.9103830456733704e-11
2992,1,recording,5688,16,16.0,1,16.66666666666572,0.0,0.0,4,4,0,13,13,2991,-2.9103830456733704e-11
2993,1,recording,5689,17,17.0,1,16.66666666666572,0.0,0.0,1,1,0,13,13,2992,0
2994,1,recording,5690,17,17.0,1,16.66666666666572,0.0,0.0,3,3,0,16,16,2993,0
2995,1,recording,5691,22,22.0,1,16.66666666666572,0.0,0.0,1,1,0,19,19,2994,0
2996,1,recording,5692,20,20.0,2,33.33333333333144,0.0,0.0,4,4,0,19,19,2995,0
2997,1,recording,5693,20,20.0,1,16.66666666666572,0.0,0.0,2,2,0,16,16,2996,0
2998,1,recording,5694,13,13.0,1,16.66666666666572,0.0,0.0,2.999999999970896,2.999999999970896,0,11.000000000029104,11.000000000029104,2997,2.9103830456733704e-11
2999,1,recording,5695,14,14.0,0,0.0,0.0,0.0,2,2,0,11,11,2998,-2.9103830456733704e-11
3000,1,recording,5696,15,15.0,1,16.66666666666572,0.0,0.0,1.0000000000291038,1.0000000000291038,0,13,13,2999,0
3001,1,recording,5697,18,18.0,1,16.66666666666572,0.0,0.0,1.0000000000291038,1.0000000000291038,0,16.999999999970896,16.999999999970896,3000,0
3002,1,recording,5698,13,13.0,1,16.66666666666572,0.0,0.0,3,3,1,11.999999999970896,11.999999999970896,3001,0
3003,1,recording,5699,18,18.0,1,16.66666666666572,0.0,0.0,1,1,0,15,15,3002,0
3004,1,recording,5700,13,13.0,1,16.66666666666572,0.0,0.0,2,2,0,12,12,3003,0
3005,1,recording,5701,17,17.0,1,16.66666666666572,0.0,0.0,1,1,0,15,15,3004,0
3006,1,recording,5702,17,17.0,1,16.66666666666572,0.0,0.0,1.9999999999708962,1.9999999999708962,0,16.000000000029104,16.000000000029104,3005,2.9103830456733704e-11
3007,1,recording,5703,16,16.0,1,16.66666666666572,0.0,0.0,2.000000000029104,2.000000000029104,0,14,14,3006,-2.9103830456733704e-11
3008,1,recording,5704,19,19.0,1,16.66666666666572,0.0,0.0,4,4,0,16.999999999970896,16.999999999970896,3007,0
3009,1,recording,5705,15,15.0,1,16.66666666666572,0.0,0.0,3,3,1,11,11,3008,0
3010,1,recording,5706,16,16.0,1,16.66666666666572,0.0,0.0,3,3,0,13,13,3009,0
3011,1,recording,5707,17,17.0,1,16.66666666666572,0.0,0.0,3,3,0,14,14,3010,0
3012,1,recording,5708,20,20.0,1,16.66666666666572,0.0,0.0,2,2,0,17,17,3011,0
3013,1,recording,5709,47,47.0,3,49.99999999999716,0.0,0.0,4,4,0,45,45,3012,0
3014,1,recording,5710,35,35.0,2,33.33333333333144,0.0,0.0,3,3,0,31,31,3013,0
3015,1,recording,5711,20,20.0,1,16.66666666666572,0.0,0.0,4,4,0,17,17,3014,0
3016,1,recording,5712,17,17.0,1,16.66666666666572,0.0,0.0,3,3,0,13,13,3015,0
3017,1,recording,5713,13,13.0,1,16.66666666666572,0.0,0.0,2,2,0,10,10,3016,0
3018,1,recording,5714,18,18.0,1,16.66666666666572,0.0,0.0,2,2,0,16,16,3017,0
3019,1,recording,5715,16,16.0,1,16.66666666666572,0.0,0.0,2,2,0,14,14,3018,0
3020,1,recording,5716,15,15.0,1,16.66666666666572,0.0,0.0,1,1,0,13,13,3019,0
3021,1,recording,5717,15,15.0,1,16.66666666666572,0.0,0.0,2,2,0,14,14,3020,0
3022,1,recording,5718,21,21.0,1,16.66666666666572,0.0,0.0,3,3,0,19,19,3021,0
3023,1,recording,5719,19,19.0,1,16.66666666666572,0.0,0.0,1,1,0,16,16,3022,0
3024,1,recording,5720,12,12.0,1,16.66666666666572,0.0,0.0,2,2,0,11,11,3023,0
3025,1,recording,5721,16,16.0,1,16.66666666666572,0.0,0.0,1,1,0,14,14,3024,0
3026,1,recording,5722,16,16.0,1,16.66666666666572,0.0,0.0,2,2,0,15,15,3025,0
3027,1,recording,5723,16,16.0,1,16.66666666666572,0.0,0.0,2.999999999970896,2.999999999970896,0,14.000000000029104,14.000000000029104,3026,2.9103830456733704e-11
3028,1,recording,5724,21,21.0,1,16.66666666666572,0.0,0.0,3.000000000029104,3.000000000029104,0,18,18,3027,-2.9103830456733704e-11
3029,1,recording,5725,17,17.0,1,16.66666666666572,0.0,0.0,1,1,0,13.999999999970896,13.999999999970896,3028,0
3030,1,recording,5726,22,22.0,2,33.33333333333144,0.0,0.0,3,3,0,21,21,3029,0
3031,1,recording,5727,18,18.0,1,16.66666666666572,0.0,0.0,2,2,0,15,15,3030,0
3032,1,recording,5728,16,16.0,1,16.66666666666572,0.0,0.0,4,4,0,14,14,3031,0
3033,1,recording,5729,18,18.0,1,16.66666666666572,0.0,0.0,2,2,0,14,14,3032,0
3034,1,recording,5730,18,18.0,1,16.66666666666572,0.0,0.0,2,2,1.0000000000291038,16,16,3033,0
3035,1,recording,5731,17,17.0,1,16.66666666666572,0.0,0.0,3,3,0,15,15,3034,0
3036,1,recording,5732,18,18.0,1,16.66666666666572,0.0,0.0,2,2,0,15,15,3035,0
3037,1,recording,5733,18,18.0,1,16.66666666666572,0.0,0.0,2,2,0,16,16,3036,0
3038,1,recording,5734,16,16.0,1,16.66666666666572,0.0,0.0,1,1,0,14,14,3037,0
3039,1,recording,5735,13,13.0,1,16.66666666666572,0.0,0.0,4,4,0,12,12,3038,0
3040,1,recording,5736,20,20.0,1,16.66666666666572,0.0,0.0,2.999999999970896,2.999999999970896,0,16.000000000029104,16.000000000029104,3039,2.9103830456733704e-11
3041,1,recording,5737,15,15.0,1,16.66666666666572,0.0,0.0,2,2,0,12,12,3040,-2.9103830456733704e-11
3042,1,recording,5738,15,15.0,1,16.66666666666572,0.0,0.0,2.999999999970896,2.999999999970896,1,13.000000000029104,13.000000000029104,3041,2.9103830456733704e-11
3043,1,recording,5739,20,20.0,1,16.66666666666572,0.0,0.0,1,1,0,17,17,3042,-2.9103830456733704e-11
3044,1,recording,5740,20,20.0,1,16.66666666666572,0.0,0.0,1,1,0,19,19,3043,0
3045,1,recording,5741,17,17.0,1,16.66666666666572,0.0,0.0,3,3,0,16,16,3044,0
3046,1,recording,5742,17,17.0,1,16.66666666666572,0.0,0.0,2,2,0,14,14,3045,0
3047,1,recording,5743,18,18.0,1,16.66666666666572,0.0,0.0,2,2,0,16,16,3046,0
3048,1,recording,5744,14,14.0,1,16.66666666666572,0.0,0.0,2,2,0,12,12,3047,0
3049,1,recording,5745,18,18.0,1,16.66666666666572,0.0,0.0,2.999999999970896,2.999999999970896,0,17.000000000029104,17.000000000029104,3048,1.0000000000291038
3050,1,recording,5746,20,20.0,1,16.66666666666572,0.0,0.0,3,3,0,16,16,3049,-1.0000000000291038
3051,1,recording,5747,15,15.0,1,16.66666666666572,0.0,0.0,4,4,0,13,13,3050,1
3052,1,recording,5748,20,20.0,1,16.66666666666572,0.0,0.0,3,3,0,15,15,3051,-1
3053,1,recording,5749,16,16.0,1,16.66666666666572,0.0,0.0,2,2,0,13,13,3052,0
3054,1,recording,5750,20,20.0,2,33.33333333333144,0.0,0.0,3,3,0,18,18,3053,0
3055,1,recording,5751,16,16.0,1,16.66666666666572,0.0,0.0,2,2,0,13,13,3054,0
3056,1,recording,5752,13,13.0,0,0.0,0.0,0.0,1.9999999999708962,1.9999999999708962,0,11.000000000029104,11.000000000029104,3055,2.9103830456733704e-11
3057,1,recording,5753,24,24.0,2,33.33333333333144,0.0,0.0,2,2,0,23,23,3056,0.9999999999708962
3058,1,recording,5754,17,17.0,1,16.66666666666572,0.0,0.0,1,1,0,14,14,3057,-1
3059,1,recording,5755,21,21.0,1,16.66666666666572,0.0,0.0,1,1,0,20,20,3058,0
3060,1,recording,5756,16,16.0,1,16.66666666666572,0.0,0.0,1,1,0,15,15,3059,0
3061,1,recording,5757,18,18.0,1,16.66666666666572,0.0,0.0,4,4,0,17,17,3060,0
3062,1,recording,5758,18,18.0,1,16.66666666666572,0.0,0.0,1,1,0,15,15,3061,1
3063,1,recording,5759,17,17.0,1,16.66666666666572,0.0,0.0,2.999999999970896,2.999999999970896,0,15.000000000029104,15.000000000029104,3062,-0.9999999999708962
3064,1,recording,5760,24,24.0,2,33.33333333333144,0.0,0.0,4,4,0,21,21,3063,-2.9103830456733704e-11
3065,1,recording,5761,18,18.0,1,16.66666666666572,0.0,0.0,2,2,0,14,14,3064,0
3066,1,recording,5762,20,20.0,1,16.66666666666572,0.0,0.0,2,2,0,18,18,3065,0
3067,1,recording,5763,15,15.0,1,16.66666666666572,0.0,0.0,4,4,0,13,13,3066,0
3068,1,recording,5764,16,16.0,1,16.66666666666572,0.0,0.0,1,1,0,12,12,3067,0
3069,1,recording,5765,44,44.0,2,33.33333333333144,0.0,0.0,0.9999999999708962,0.9999999999708962,0,43.000000000029104,43.000000000029104,3068,2.9103830456733704e-11
3070,1,recording,5766,36,36.0,3,49.99999999999716,0.0,0.0,3,3,0,35,35,3069,-2.9103830456733704e-11
3071,1,recording,5767,22,22.0,1,16.66666666666572,0.0,0.0,1,1,0,20,20,3070,1
3072,1,recording,5768,17,17.0,1,16.66666666666572,0.0,0.0,2.000000000029104,2.000000000029104,1.0000000000291038,15,15,3071,-1
3073,1,recording,5769,19,19.0,1,16.66666666666572,0.0,0.0,1.0000000000291038,1.0000000000291038,0,16.999999999970896,16.999999999970896,3072,0
3074,1,recording,5770,15,15.0,1,16.66666666666572,0.0,0.0,2,2,0,13.999999999970896,13.999999999970896,3073,0
3075,1,recording,5771,17,17.0,1,16.66666666666572,0.0,0.0,3,3,0,15,15,3074,0
3076,1,recording,5772,17,17.0,1,16.66666666666572,0.0,0.0,2,2,0,14,14,3075,0
3077,1,recording,5773,19,19.0,1,16.66666666666572,0.0,0.0,3,3,0,17,17,3076,0
3078,1,recording,5774,14,14.0,1,16.66666666666572,0.0,0.0,2,2,0,11,11,3077,0
3079,1,recording,5775,17,17.0,1,16.66666666666572,0.0,0.0,3.000000000029104,3.000000000029104,0,15,15,3078,0
3080,1,recording,5776,17,17.0,1,16.66666666666572,0.0,0.0,2,2,0,13.999999999970896,13.999999999970896,3079,0
3081,1,recording,5777,16,16.0,1,16.66666666666572,0.0,0.0,1.9999999999708962,1.9999999999708962,0,14.000000000029104,14.000000000029104,3080,2.9103830456733704e-11
3082,1,recording,5778,18,18.0,1,16.66666666666572,0.0,0.0,3.999999999970896,3.999999999970896,0,16.000000000029104,16.000000000029104,3081,0.0
3083,1,recording,5779,19,19.0,1,16.66666666666572,0.0,0.0,2,2,0,15,15,3082,-2.9103830456733704e-11
3084,1,recording,5780,14,14.0,1,16.66666666666572,0.0,0.0,2,2,0,12,12,3083,0
3085,1,recording,5781,16,16.0,1,16.66666666666572,0.0,0.0,2,2,0,14,14,3084,0
3086,1,recording,5782,16,16.0,1,16.66666666666572,0.0,0.0,3,3,0,14,14,3085,0
3087,1,recording,5783,19,19.0,1,16.66666666666572,0.0,0.0,3,3,0,16,16,3086,0
3088,1,recording,5784,16,16.0,1,16.66666666666572,0.0,0.0,3,3,0,13,13,3087,0
3089,1,recording,5785,16,16.0,1,16.66666666666572,0.0,0.0,2,2,0,13,13,3088,0
3090,1,recording,5786,16,16.0,1,16.66666666666572,0.0,0.0,4,4,0,14,14,3089,0
3091,1,recording,5787,19,19.0,1,16.66666666666572,0.0,0.0,3,3,0,15,15,3090,0
3092,1,recording,5788,17,17.0,1,16.66666666666572,0.0,0.0,4,4,0,14,14,3091,0
3093,1,recording,5789,18,18.0,1,16.66666666666572,0.0,0.0,3,3,0,14,14,3092,0
3094,1,recording,5790,18,18.0,1,16.66666666666572,0.0,0.0,3,3,0,15,15,3093,0
3095,1,recording,5791,15,15.0,1,16.66666666666572,0.0,0.0,3,3,0,12,12,3094,0
3096,1,recording,5792,17,17.0,1,16.66666666666572,0.0,0.0,3,3,0,14,14,3095,0
3097,1,recording,5793,21,21.0,1,16.66666666666572,0.0,0.0,2,2,0,18,18,3096,0
3098,1,recording,5794,19,19.0,2,33.33333333333144,0.0,0.0,4,4,0,17,17,3097,0
3099,1,recording,5795,18,18.0,1,16.66666666666572,0.0,0.0,3,3,0,14,14,3098,0
3100,1,recording,5796,17,17.0,1,16.66666666666572,0.0,0.0,1,1,0,14,14,3099,0
3101,1,recording,5797,18,18.0,1,16.66666666666572,0.0,0.0,1,1,0,17,17,3100,0
3102,1,recording,5798,16,16.0,1,16.66666666666572,0.0,0.0,1.9999999999708962,1.9999999999708962,0,15.000000000029104,15.000000000029104,3101,2.9103830456733704e-11
3103,1,recording,5799,19,19.0,1,16.66666666666572,0.0,0.0,4,4,0,17,17,3102,-2.9103830456733704e-11
3104,1,recording,5800,17,17.0,1,16.66666666666572,0.0,0.0,0.9999999999708962,0.9999999999708962,0,13.000000000029104,13.000000000029104,3103,2.9103830456733704e-11
3105,1,recording,5801,12,12.0,1,16.66666666666572,0.0,0.0,1,1,0,11,11,3104,-2.9103830456733704e-11
3106,1,recording,5802,16,16.0,1,16.66666666666572,0.0,0.0,1,1,0,15,15,3105,0
3107,1,recording,5803,12,12.0,0,0.0,0.0,0.0,2,2,0,11,11,3106,0
3108,1,recording,5804,16,16.0,1,16.66666666666572,0.0,0.0,3,3,0,14,14,3107,0
3109,1,recording,5805,15,15.0,1,16.66666666666572,0.0,0.0,2.999999999970896,2.999999999970896,0,12.000000000029104,12.000000000029104,3108,2.9103830456733704e-11
3110,1,recording,5806,17,17.0,1,16.66666666666572,0.0,0.0,41,41,0,14,14,3109,-2.9103830456733704e-11
3111,1,recording,5807,169,169.0,4,66.66666666666288,0.0,113.33333333333722,6,6,1,130,130,3110,2
3112,1,recording,5808,28,28.0,1,16.66666666666572,0.0,0.0,4,4,0,20,20,3111,-2
3113,1,recording,5809,20,20.0,1,16.66666666666572,0.0,0.0,3,3,0,16,16,3112,0
3114,1,recording,5810,18,18.0,1,16.66666666666572,0.0,0.0,3,3,1,15,15,3113,0
3115,1,recording,5811,15,15.0,1,16.66666666666572,0.0,0.0,3,3,0,12,12,3114,0
3116,1,recording,5812,16,16.0,1,16.66666666666572,0.0,0.0,1,1,0,13,13,3115,0
3117,1,recording,5813,68,68.0,4,66.66666666666288,0.0,15.000000000003801,2,2,0,67,67,3116,0
3118,1,recording,5814,19,19.0,1,16.66666666666572,0.0,0.0,4,4,0,17,17,3117,0
3119,1,recording,5815,19,19.0,1,16.66666666666572,0.0,0.0,2,2,0,15,15,3118,0
3120,1,recording,5816,19,19.0,1,16.66666666666572,0.0,0.0,3.000000000029104,3.000000000029104,0,17,17,3119,0
3121,1,recording,5817,15,15.0,1,16.66666666666572,0.0,0.0,2.999999999970896,2.999999999970896,0.9999999999708962,12.0,12.0,3120,2.9103830456733704e-11
3122,1,recording,5818,16,16.0,1,16.66666666666572,0.0,0.0,3,3,0,13,13,3121,-2.9103830456733704e-11
3123,1,recording,5819,14,14.0,1,16.66666666666572,0.0,0.0,3,3,0,11,11,3122,0
3124,1,recording,5820,14,14.0,0,0.0,0.0,0.0,2,2,0,11,11,3123,0
3125,1,recording,5821,16,16.0,1,16.66666666666572,0.0,0.0,4,4,0,14,14,3124,0
3126,1,recording,5822,16,16.0,1,16.66666666666572,0.0,0.0,2,2,0,12,12,3125,0
3127,1,recording,5823,15,15.0,1,16.66666666666572,0.0,0.0,4.000000000029104,4.000000000029104,0,13,13,3126,0
3128,1,recording,5824,17,17.0,1,16.66666666666572,0.0,0.0,3,3,0,12.999999999970896,12.999999999970896,3127,0
3129,1,recording,5825,18,18.0,1,16.66666666666572,0.0,0.0,2,2,0,15,15,3128,0
3130,1,recording,5826,15,15.0,1,16.66666666666572,0.0,0.0,3,3,0,13,13,3129,0
3131,1,recording,5827,19,19.0,1,16.66666666666572,0.0,0.0,3,3,0,16,16,3130,0
3132,1,recording,5828,19,19.0,2,33.33333333333144,0.0,0.0,4,4,0,17,17,3131,1
3133,1,recording,5829,89,89.0,4,66.66666666666288,0.0,23.33333333333712,4,4,0,84,84,3132,-1
3134,1,recording,5830,16,16.0,0,0.0,0.0,0.0,1,1,0,12,12,3133,0
3135,1,recording,5831,23,23.0,2,33.33333333333144,0.0,0.0,2,2,0,22,22,3134,0
3136,1,recording,5832,23,23.0,1,16.66666666666572,0.0,0.0,1,1,0,21,21,3135,0
3137,1,recording,5833,15,15.0,1,16.66666666666572,0.0,0.0,4,4,0,15,15,3136,1
3138,1,recording,5834,15,15.0,1,16.66666666666572,0.0,0.0,4,4,0,10,10,3137,-1
3139,1,recording,5835,17,17.0,1,16.66666666666572,0.0,0.0,3,3,0,13,13,3138,0
3140,1,recording,5836,16,16.0,1,16.66666666666572,0.0,0.0,2,2,0,13,13,3139,0
3141,1,recording,5837,15,15.0,1,16.66666666666572,0.0,0.0,3,3,0,13,13,3140,0
3142,1,recording,5838,19,19.0,1,16.66666666666572,0.0,0.0,1,1,0,16,16,3141,0
3143,1,recording,5839,14,14.0,1,16.66666666666572,0.0,0.0,4,4,0,13,13,3142,0
3144,1,recording,5840,18,18.0,1,16.66666666666572,0.0,0.0,2,2,0,14,14,3143,0
3145,1,recording,5841,16,16.0,1,16.66666666666572,0.0,0.0,3,3,0,14,14,3144,0
3146,1,recording,5842,16,16.0,1,16.66666666666572,0.0,0.0,2,2,0,13,13,3145,0
3147,1,recording,5843,16,16.0,1,16.66666666666572,0.0,0.0,2,2,0,14,14,3146,0
3148,1,recording,5844,22,22.0,1,16.66666666666572,0.0,0.0,1,1,0,20,20,3147,0
3149,1,recording,5845,17,17.0,1,16.66666666666572,0.0,0.0,1,1,0,16,16,3148,0
3150,1,recording,5846,11,11.0,1,16.66666666666572,0.0,0.0,3,3,0,10,10,3149,0
3151,1,recording,5847,17,17.0,1,16.66666666666572,0.0,0.0,3.000000000029104,3.000000000029104,0,14,14,3150,0
3152,1,recording,5848,19,19.0,1,16.66666666666572,0.0,0.0,2.000000000029104,2.000000000029104,0,15.999999999970896,15.999999999970896,3151,0
3153,1,recording,5849,16,16.0,1,16.66666666666572,0.0,0.0,2,2,0,13.999999999970896,13.999999999970896,3152,0
3154,1,recording,5850,15,15.0,1,16.66666666666572,0.0,0.0,4,4,0,13,13,3153,0
3155,1,recording,5851,16,16.0,1,16.66666666666572,0.0,0.0,2,2,0,12,12,3154,0
3156,1,recording,5852,17,17.0,1,16.66666666666572,0.0,0.0,2,2,0,15,15,3155,0
3157,1,recording,5853,17,17.0,1,16.66666666666572,0.0,0.0,1,1,0,15,15,3156,0
3158,1,recording,5854,17,17.0,1,16.66666666666572,0.0,0.0,2,2,0,16,16,3157,0
3159,1,recording,5855,16,16.0,1,16.66666666666572,0.0,0.0,3,3,0,14,14,3158,0
3160,1,recording,5856,18,18.0,1,16.66666666666572,0.0,0.0,2,2,0,15,15,3159,0
3161,1,recording,5857,16,16.0,1,16.66666666666572,0.0,0.0,2,2,0,14,14,3160,0
3162,1,recording,5858,16,16.0,1,16.66666666666572,0.0,0.0,2,2,0,14,14,3161,0
3163,1,recording,5859,17,17.0,1,16.66666666666572,0.0,0.0,2,2,0,15,15,3162,0
3164,1,recording,5860,16,16.0,1,16.66666666666572,0.0,0.0,2,2,1,14,14,3163,0
3165,1,recording,5861,17,17.0,1,16.66666666666572,0.0,0.0,3,3,0,15,15,3164,0
3166,1,recording,5862,17,17.0,1,16.66666666666572,0.0,0.0,3.000000000029104,3.000000000029104,0,14,14,3165,0
3167,1,recording,5863,16,16.0,1,16.66666666666572,0.0,0.0,2,2,0,12.999999999970896,12.999999999970896,3166,0
3168,1,recording,5864,17,17.0,1,16.66666666666572,0.0,0.0,3.999999999970896,3.999999999970896,0,15.000000000029104,15.000000000029104,3167,2.9103830456733704e-11
3169,1,recording,5865,17,17.0,1,16.66666666666572,0.0,0.0,4,4,0,13,13,3168,-2.9103830456733704e-11
3170,1,recording,5866,17,17.0,1,16.66666666666572,0.0,0.0,3,3,0,13,13,3169,0
3171,1,recording,5867,33,33.0,2,33.33333333333144,0.0,0.0,3,3,0,30,30,3170,0
3172,1,recording,5868,49,49.0,3,49.99999999999716,0.0,0.0,3.000000000029104,3.000000000029104,0,46,46,3171,0
3173,1,recording,5869,16,16.0,1,16.66666666666572,0.0,0.0,3,3,0,12.999999999970896,12.999999999970896,3172,0
3174,1,recording,5870,21,21.0,1,16.66666666666572,0.0,0.0,2.000000000029104,2.000000000029104,0,18,18,3173,0
3175,1,recording,5871,19,19.0,1,16.66666666666572,0.0,0.0,1,1,0,16.999999999970896,16.999999999970896,3174,0
3176,1,recording,5872,11,11.0,1,16.66666666666572,0.0,0.0,2,2,0,10,10,3175,0
3177,1,recording,5873,19,19.0,1,16.66666666666572,0.0,0.0,1,1,0,17,17,3176,0
3178,1,recording,5874,15,15.0,1,16.66666666666572,0.0,0.0,4,4,0,14,14,3177,0
3179,1,recording,5875,17,17.0,1,16.66666666666572,0.0,0.0,2,2,0,13,13,3178,0
3180,1,recording,5876,16,16.0,1,16.66666666666572,0.0,0.0,1.9999999999708962,1.9999999999708962,0,14.000000000029104,14.000000000029104,3179,2.9103830456733704e-11
3181,1,recording,5877,17,17.0,1,16.66666666666572,0.0,0.0,4,4,0,15,15,3180,-2.9103830456733704e-11
3182,1,recording,5878,19,19.0,1,16.66666666666572,0.0,0.0,4,4,0,15,15,3181,0
3183,1,recording,5879,19,19.0,1,16.66666666666572,0.0,0.0,2,2,0,15,15,3182,0
3184,1,recording,5880,12,12.0,1,16.66666666666572,0.0,0.0,2,2,1,10,10,3183,0
3185,1,recording,5881,20,20.0,1,16.66666666666572,0.0,0.0,3,3,1,18,18,3184,0
3186,1,recording,5882,15,15.0,1,16.66666666666572,0.0,0.0,2,2,0,12,12,3185,0
3187,1,recording,5883,18,18.0,1,16.66666666666572,0.0,0.0,2,2,0,16,16,3186,0
3188,1,recording,5884,17,17.0,1,16.66666666666572,0.0,0.0,1.9999999999708962,1.9999999999708962,0,15.000000000029104,15.000000000029104,3187,2.9103830456733704e-11
3189,1,recording,5885,16,16.0,1,16.66666666666572,0.0,0.0,2.000000000029104,2.000000000029104,0,14,14,3188,-2.9103830456733704e-11
3190,1,recording,5886,18,18.0,1,16.66666666666572,0.0,0.0,3,3,0,15.999999999970896,15.999999999970896,3189,0
3191,1,recording,5887,13,13.0,1,16.66666666666572,0.0,0.0,1,1,0,10,10,3190,0
3192,1,recording,5888,16,16.0,1,16.66666666666572,0.0,0.0,2,2,0,15,15,3191,0
3193,1,recording,5889,17,17.0,1,16.66666666666572,0.0,0.0,1,1,0,15,15,3192,0
3194,1,recording,5890,16,16.0,1,16.66666666666572,0.0,0.0,2,2,0,15,15,3193,0
3195,1,recording,5891,17,17.0,1,16.66666666666572,0.0,0.0,1.9999999999708962,1.9999999999708962,0,15.000000000029104,15.000000000029104,3194,2.9103830456733704e-11
3196,1,recording,5892,19,19.0,1,16.66666666666572,0.0,0.0,2,2,0,17,17,3195,-2.9103830456733704e-11
3197,1,recording,5893,16,16.0,1,16.66666666666572,0.0,0.0,3,3,0,14,14,3196,0
3198,1,recording,5894,16,16.0,1,16.66666666666572,0.0,0.0,2,2,0,13,13,3197,0
3199,1,recording,5895,16,16.0,1,16.66666666666572,0.0,0.0,3,3,0,14,14,3198,0
3200,1,recording,5896,18,18.0,1,16.66666666666572,0.0,0.0,2,2,0,15,15,3199,0
3201,1,recording,5897,16,16.0,1,16.66666666666572,0.0,0.0,3.999999999970896,3.999999999970896,0,14.000000000029104,14.000000000029104,3200,2.9103830456733704e-11
3202,1,recording,5898,16,16.0,1,16.66666666666572,0.0,0.0,3,3,0,13,13,3201,0.9999999999708962
3203,1,recording,5899,27,27.0,1,16.66666666666572,0.0,0.0,3,3,0,24,24,3202,0
3204,1,recording,5900,20,20.0,2,33.33333333333144,0.0,0.0,3,3,0,16,16,3203,-1
3205,1,recording,5901,16,16.0,1,16.66666666666572,0.0,0.0,2,2,0,13,13,3204,0
3206,1,recording,5902,14,14.0,0,0.0,0.0,0.0,4,4,0,12,12,3205,0
3207,1,recording,5903,19,19.0,2,33.33333333333144,0.0,0.0,3,3,0,15,15,3206,0
3208,1,recording,5904,18,18.0,1,16.66666666666572,0.0,0.0,3.999999999970896,3.999999999970896,0,16.000000000029104,16.000000000029104,3207,1.0000000000291038
3209,1,recording,5905,19,19.0,1,16.66666666666572,0.0,0.0,4,4,0,15,15,3208,-2.9103830456733704e-11
3210,1,recording,5906,15,15.0,1,16.66666666666572,0.0,0.0,3.000000000029104,3.000000000029104,0,10,10,3209,-1
3211,1,recording,5907,17,17.0,1,16.66666666666572,0.0,0.0,3,3,1,13.999999999970896,13.999999999970896,3210,0
3212,1,recording,5908,24,24.0,1,16.66666666666572,0.0,0.0,2,2,0,21,21,3211,0
3213,1,recording,5909,22,22.0,2,33.33333333333144,0.0,0.0,2,2,0,20,20,3212,0
3214,1,recording,5910,14,14.0,0,0.0,0.0,0.0,3.000000000029104,3.000000000029104,0,12,12,3213,0
3215,1,recording,5911,23,23.0,2,33.33333333333144,0.0,0.0,3,3,0,19.999999999970896,19.999999999970896,3214,0
3216,1,recording,5912,17,17.0,1,16.66666666666572,0.0,0.0,2,2,0,14,14,3215,0
3217,1,recording,5913,22,22.0,1,16.66666666666572,0.0,0.0,4,4,0,20,20,3216,0
3218,1,recording,5914,14,14.0,1,16.66666666666572,0.0,0.0,3,3,1,10,10,3217,0
3219,1,recording,5915,16,16.0,1,16.66666666666572,0.0,0.0,2,2,0,13,13,3218,0
3220,1,recording,5916,16,16.0,1,16.66666666666572,0.0,0.0,3,3,0,14,14,3219,0
3221,1,recording,5917,21,21.0,1,16.66666666666572,0.0,0.0,2,2,0,18,18,3220,0
3222,1,recording,5918,14,14.0,1,16.66666666666572,0.0,0.0,2,2,0,12,12,3221,0
3223,1,recording,5919,17,17.0,1,16.66666666666572,0.0,0.0,1,1,0,16,16,3222,1
3224,1,recording,5920,16,16.0,1,16.66666666666572,0.0,0.0,2.999999999970896,2.999999999970896,0,14.000000000029104,14.000000000029104,3223,-0.9999999999708962
3225,1,recording,5921,18,18.0,1,16.66666666666572,0.0,0.0,3,3,0,15,15,3224,-2.9103830456733704e-11
3226,1,recording,5922,18,18.0,1,16.66666666666572,0.0,0.0,3,3,0,15,15,3225,0
3227,1,recording,5923,17,17.0,1,16.66666666666572,0.0,0.0,2,2,0,14,14,3226,0
3228,1,recording,5924,13,13.0,1,16.66666666666572,0.0,0.0,2,2,0,11,11,3227,0
3229,1,recording,5925,36,36.0,2,33.33333333333144,0.0,0.0,4,4,0,34,34,3228,0
3230,1,recording,5926,49,49.0,3,49.99999999999716,0.0,0.0,3,3,0,45,45,3229,0
3231,1,recording,5927,23,23.0,1,16.66666666666572,0.0,0.0,2,2,0,20,20,3230,0
3232,1,recording,5928,19,19.0,2,33.33333333333144,0.0,0.0,4,4,0,17,17,3231,0
3233,1,recording,5929,23,23.0,1,16.66666666666572,0.0,0.0,4.000000000029104,4.000000000029104,0,19,19,3232,0
3234,1,recording,5930,17,17.0,1,16.66666666666572,0.0,0.0,2,2,0,12.999999999970896,12.999999999970896,3233,0
3235,1,recording,5931,17,17.0,1,16.66666666666572,0.0,0.0,1.9999999999708962,1.9999999999708962,0,15.000000000029104,15.000000000029104,3234,2.9103830456733704e-11
3236,1,recording,5932,14,14.0,1,16.66666666666572,0.0,0.0,2,2,0,12,12,3235,-2.9103830456733704e-11
3237,1,recording,5933,17,17.0,1,16.66666666666572,0.0,0.0,4,4,0,15,15,3236,0
3238,1,recording,5934,17,17.0,1,16.66666666666572,0.0,0.0,2,2,0,13,13,3237,0
3239,1,recording,5935,15,15.0,1,16.66666666666572,0.0,0.0,4,4,0,13,13,3238,0
3240,1,recording,5936,39,39.0,2,33.33333333333144,0.0,0.0,2,2,0,35,35,3239,0
3241,1,recording,5937,12,12.0,1,16.66666666666572,0.0,0.0,2,2,0,10,10,3240,0
3242,1,recording,5938,13,13.0,1,16.66666666666572,0.0,0.0,2,2,0,11,11,3241,0
3243,1,recording,5939,16,16.0,1,16.66666666666572,0.0,0.0,5,5,0,14,14,3242,0
3244,1,recording,5940,19,19.0,1,16.66666666666572,0.0,0.0,2,2,0,14,14,3243,0
3245,1,recording,5941,16,16.0,1,16.66666666666572,0.0,0.0,2,2,0,14,14,3244,0
3246,1,recording,5942,11,11.0,0,0.0,0.0,0.0,3,3,0,9,9,3245,0
3247,1,recording,5943,16,16.0,1,16.66666666666572,0.0,0.0,2,2,0,13,13,3246,0
3248,1,recording,5944,15,15.0,1,16.66666666666572,0.0,0.0,4,4,0,14,14,3247,1
3249,1,recording,5945,17,17.0,1,16.66666666666572,0.0,0.0,2,2,0,12,12,3248,-1
3250,1,recording,5946,12,12.0,1,16.66666666666572,0.0,0.0,2,2,0,10,10,3249,0
3251,1,recording,5947,16,16.0,1,16.66666666666572,0.0,0.0,2,2,0,14,14,3250,0
3252,1,recording,5948,17,17.0,1,16.66666666666572,0.0,0.0,2,2,0,15,15,3251,0
3253,1,recording,5949,17,17.0,1,16.66666666666572,0.0,0.0,1,1,0,15,15,3252,0
3254,1,recording,5950,16,16.0,1,16.66666666666572,0.0,0.0,2,2,0,15,15,3253,0
3255,1,recording,5951,17,17.0,1,16.66666666666572,0.0,0.0,3,3,0,15,15,3254,0
3256,1,recording,5952,16,16.0,1,16.66666666666572,0.0,0.0,2,2,0,13,13,3255,0
3257,1,recording,5953,17,17.0,1,16.66666666666572,0.0,0.0,1,1,0,16,16,3256,1
3258,1,recording,5954,17,17.0,1,16.66666666666572,0.0,0.0,1,1,0,15,15,3257,-1
3259,1,recording,5955,17,17.0,1,16.66666666666572,0.0,0.0,2,2,1,16,16,3258,0
3260,1,recording,5956,17,17.0,1,16.66666666666572,0.0,0.0,1,1,0,15,15,3259,0
3261,1,recording,5957,19,19.0,1,16.66666666666572,0.0,0.0,1,1,0,18,18,3260,0
3262,1,recording,5958,13,13.0,1,16.66666666666572,0.0,0.0,3.000000000029104,3.000000000029104,0,13,13,3261,1
3263,1,recording,5959,18,18.0,1,16.66666666666572,0.0,0.0,1,1,0,13.999999999970896,13.999999999970896,3262,-1
3264,1,recording,5960,16,16.0,1,16.66666666666572,0.0,0.0,2.999999999970896,2.999999999970896,0,15.000000000029104,15.000000000029104,3263,2.9103830456733704e-11
3265,1,recording,5961,17,17.0,1,16.66666666666572,0.0,0.0,1.0000000000291038,1.0000000000291038,0,14,14,3264,-2.9103830456733704e-11
3266,1,recording,5962,17,17.0,1,16.66666666666572,0.0,0.0,2,2,0,15.999999999970896,15.999999999970896,3265,0
3267,1,recording,5963,16,16.0,1,16.66666666666572,0.0,0.0,2,2,0,14,14,3266,0
3268,1,recording,5964,17,17.0,1,16.66666666666572,0.0,0.0,4,4,0,15,15,3267,0
3269,1,recording,5965,17,17.0,1,16.66666666666572,0.0,0.0,3,3,1,13,13,3268,0
3270,1,recording,5966,18,18.0,1,16.66666666666572,0.0,0.0,1,1,0,15,15,3269,0
3271,1,recording,5967,20,20.0,1,16.66666666666572,0.0,0.0,2,2,0,19,19,3270,0
3272,1,recording,5968,16,16.0,1,16.66666666666572,0.0,0.0,2,2,0,14,14,3271,0
3273,1,recording,5969,18,18.0,1,16.66666666666572,0.0,0.0,2,2,1,16,16,3272,0
3274,1,recording,5970,13,13.0,1,16.66666666666572,0.0,0.0,2,2,0,11,11,3273,0
3275,1,recording,5971,14,14.0,1,16.66666666666572,0.0,0.0,2,2,0,12,12,3274,0
3276,1,recording,5972,17,17.0,1,16.66666666666572,0.0,0.0,1,1,0,15,15,3275,0
3277,1,recording,5973,17,17.0,1,16.66666666666572,0.0,0.0,2,2,0,16,16,3276,0
3278,1,recording,5974,16,16.0,1,16.66666666666572,0.0,0.0,3,3,0,14,14,3277,0
3279,1,recording,5975,17,17.0,1,16.66666666666572,0.0,0.0,1.9999999999708962,1.9999999999708962,0,14.000000000029104,14.000000000029104,3278,2.9103830456733704e-11
3280,1,recording,5976,17,17.0,1,16.66666666666572,0.0,0.0,3,3,0,15,15,3279,-2.9103830456733704e-11
3281,1,recording,5977,17,17.0,1,16.66666666666572,0.0,0.0,4,4,0,14,14,3280,0
3282,1,recording,5978,17,17.0,1,16.66666666666572,0.0,0.0,4,4,0,13,13,3281,0
3283,1,recording,5979,18,18.0,1,16.66666666666572,0.0,0.0,2,2,0,14,14,3282,0
3284,1,recording,5980,24,24.0,1,16.66666666666572,0.0,0.0,2.000000000029104,2.000000000029104,0,22,22,3283,0
3285,1,recording,5981,25,25.0,2,33.33333333333144,0.0,0.0,4,4,0,22.999999999970896,22.999999999970896,3284,0
3286,1,recording,5982,34,34.0,2,33.33333333333144,0.0,0.0,5,5,0,30,30,3285,0
3287,1,recording,5983,33,33.0,2,33.33333333333144,0.0,0.0,6,6,0,28,28,3286,0
3288,1,recording,5984,21,21.0,1,16.66666666666572,0.0,0.0,4,4,1,15,15,3287,0
3289,1,recording,5985,19,19.0,1,16.66666666666572,0.0,0.0,4,4,0,15,15,3288,0
3290,1,recording,5986,16,16.0,1,16.66666666666572,0.0,0.0,5,5,0,12,12,3289,0
3291,1,recording,5987,16,16.0,1,16.66666666666572,0.0,0.0,3,3,1,11,11,3290,0
3292,1,recording,5988,19,19.0,1,16.66666666666572,0.0,0.0,2,2,0,16,16,3291,0
3293,1,recording,5989,17,17.0,1,16.66666666666572,0.0,0.0,3,3,1,15,15,3292,0
3294,1,recording,5990,16,16.0,1,16.66666666666572,0.0,0.0,1,1,0,14,14,3293,1
3295,1,recording,5991,18,18.0,1,16.66666666666572,0.0,0.0,2,2,0,16,16,3294,-1
3296,1,recording,5992,15,15.0,1,16.66666666666572,0.0,0.0,4,4,0,13,13,3295,0
3297,1,recording,5993,21,21.0,2,33.33333333333144,0.0,0.0,2.999999999970896,2.999999999970896,0,17.000000000029104,17.000000000029104,3296,2.9103830456733704e-11
3298,1,recording,5994,24,24.0,1,16.66666666666572,0.0,0.0,1.9999999999708962,1.9999999999708962,0,21.000000000029104,21.000000000029104,3297,0.0
3299,1,recording,5995,12,12.0,1,16.66666666666572,0.0,0.0,1.9999999999708962,1.9999999999708962,0,10.000000000029104,10.000000000029104,3298,0.0
3300,1,recording,5996,18,18.0,1,16.66666666666572,0.0,0.0,2,2,0,17,17,3299,0.9999999999708962
3301,1,recording,5997,23,23.0,1,16.66666666666572,0.0,0.0,3,3,1,20,20,3300,-1
3302,1,recording,5998,22,22.0,2,33.33333333333144,0.0,0.0,1,1,0,19,19,3301,0
3303,1,recording,5999,12,12.0,0,0.0,0.0,0.0,2.000000000029104,2.000000000029104,0,11,11,3302,0
3304,1,recording,6000,19,19.0,1,16.66666666666572,0.0,0.0,2,2,0,16.999999999970896,16.999999999970896,3303,0
3305,1,recording,6001,16,16.0,1,16.66666666666572,0.0,0.0,2,2,0,14,14,3304,0
3306,1,recording,6002,15,15.0,1,16.66666666666572,0.0,0.0,2.999999999970896,2.999999999970896,0,13.000000000029104,13.000000000029104,3305,2.9103830456733704e-11
3307,1,recording,6003,17,17.0,1,16.66666666666572,0.0,0.0,4,4,0,14,14,3306,-2.9103830456733704e-11
3308,1,recording,6004,18,18.0,1,16.66666666666572,0.0,0.0,2,2,0,14,14,3307,0
3309,1,recording,6005,19,19.0,2,33.33333333333144,0.0,0.0,4,4,0,18,18,3308,1
3310,1,recording,6006,19,19.0,1,16.66666666666572,0.0,0.0,3,3,0,14,14,3309,-1
3311,1,recording,6007,18,18.0,1,16.66666666666572,0.0,0.0,2,2,0,15,15,3310,0
3312,1,recording,6008,13,13.0,1,16.66666666666572,0.0,0.0,2,2,0,11,11,3311,0
3313,1,recording,6009,30,30.0,1,16.66666666666572,0.0,0.0,3,3,0,28,28,3312,0
3314,1,recording,6010,18,18.0,1,16.66666666666572,0.0,0.0,2,2,0,15,15,3313,0
3315,1,recording,6011,19,19.0,2,33.33333333333144,0.0,0.0,4,4,0,17,17,3314,0
3316,1,recording,6012,19,19.0,1,16.66666666666572,0.0,0.0,2,2,0,15,15,3315,0
3317,1,recording,6013,23,23.0,1,16.66666666666572,0.0,0.0,3,3,0,21,21,3316,0
3318,1,recording,6014,13,13.0,1,16.66666666666572,0.0,0.0,3.999999999970896,3.999999999970896,0,10.000000000029104,10.000000000029104,3317,2.9103830456733704e-11
3319,1,recording,6015,18,18.0,1,16.66666666666572,0.0,0.0,4.999999999970896,4.999999999970896,0,14.000000000029104,14.000000000029104,3318,0.0
3320,1,recording,6016,21,21.0,1,16.66666666666572,0.0,0.0,2,2,0,16,16,3319,-2.9103830456733704e-11
3321,1,recording,6017,16,16.0,1,16.66666666666572,0.0,0.0,4,4,0,14,14,3320,0
3322,1,recording,6018,13,13.0,1,16.66666666666572,0.0,0.0,3,3,0,9,9,3321,0
3323,1,recording,6019,15,15.0,1,16.66666666666572,0.0,0.0,2,2,0,12,12,3322,0
3324,1,recording,6020,17,17.0,1,16.66666666666572,0.0,0.0,2,2,0,15,15,3323,0
3325,1,recording,6021,17,17.0,1,16.66666666666572,0.0,0.0,2.000000000029104,2.000000000029104,0,15,15,3324,0
3326,1,recording,6022,16,16.0,1,16.66666666666572,0.0,0.0,2,2,0,13.999999999970896,13.999999999970896,3325,0
3327,1,recording,6023,17,17.0,1,16.66666666666572,0.0,0.0,2,2,0,15,15,3326,0
3328,1,recording,6024,17,17.0,1,16.66666666666572,0.0,0.0,3,3,0,15,15,3327,0
3329,1,recording,6025,17,17.0,1,16.66666666666572,0.0,0.0,3,3,0,14,14,3328,0
3330,1,recording,6026,16,16.0,1,16.66666666666572,0.0,0.0,3,3,1,13,13,3329,0
3331,1,recording,6027,17,17.0,1,16.66666666666572,0.0,0.0,2,2,0,14,14,3330,0
3332,1,recording,6028,18,18.0,1,16.66666666666572,0.0,0.0,2,2,0,16,16,3331,0
3333,1,recording,6029,18,18.0,1,16.66666666666572,0.0,0.0,2,2,0,16,16,3332,0
3334,1,recording,6030,14,14.0,1,16.66666666666572,0.0,0.0,1.0000000000291038,1.0000000000291038,0,12,12,3333,0
3335,1,recording,6031,18,18.0,1,16.66666666666572,0.0,0.0,2,2,0,16.999999999970896,16.999999999970896,3334,0
3336,1,recording,6032,16,16.0,1,16.66666666666572,0.0,0.0,3,3,0,14,14,3335,0
3337,1,recording,6033,19,19.0,1,16.66666666666572,0.0,0.0,4,4,0,16,16,3336,0
3338,1,recording,6034,16,16.0,1,16.66666666666572,0.0,0.0,3,3,0,12,12,3337,0
3339,1,recording,6035,14,14.0,1,16.66666666666572,0.0,0.0,2,2,0,11,11,3338,0
3340,1,recording,6036,17,17.0,1,16.66666666666572,0.0,0.0,2.000000000029104,2.000000000029104,0,15,15,3339,0
3341,1,recording,6037,32,32.0,2,33.33333333333144,0.0,0.0,1.9999999999708962,1.9999999999708962,0,30.0,30.0,3340,2.9103830456733704e-11
3342,1,recording,6038,36,36.0,2,33.33333333333144,0.0,0.0,1,1,0,34,34,3341,-2.9103830456733704e-11
3343,1,recording,6039,21,21.0,1,16.66666666666572,0.0,0.0,2,2,0,20,20,3342,0
3344,1,recording,6040,17,17.0,1,16.66666666666572,0.0,0.0,2,2,0,15,15,3343,0
3345,1,recording,6041,18,18.0,1,16.66666666666572,0.0,0.0,1,1,0,16,16,3344,0
3346,1,recording,6042,17,17.0,1,16.66666666666572,0.0,0.0,2,2,0,16,16,3345,0
3347,1,recording,6043,13,13.0,1,16.66666666666572,0.0,0.0,3,3,0,12,12,3346,1
3348,1,recording,6044,20,20.0,1,16.66666666666572,0.0,0.0,1,1,0,16,16,3347,-1
3349,1,recording,6045,18,18.0,1,16.66666666666572,0.0,0.0,2,2,0,17,17,3348,0
3350,1,recording,6046,21,21.0,2,33.33333333333144,0.0,0.0,1,1,0,19,19,3349,0
3351,1,recording,6047,16,16.0,1,16.66666666666572,0.0,0.0,2,2,0,15,15,3350,0
3352,1,recording,6048,18,18.0,1,16.66666666666572,0.0,0.0,2,2,0,16,16,3351,0
3353,1,recording,6049,20,20.0,1,16.66666666666572,0.0,0.0,2,2,0,18,18,3352,0
3354,1,recording,6050,17,17.0,1,16.66666666666572,0.0,0.0,2,2,0,15,15,3353,0
3355,1,recording,6051,16,16.0,1,16.66666666666572,0.0,0.0,3,3,0,14,14,3354,0
3356,1,recording,6052,16,16.0,1,16.66666666666572,0.0,0.0,2,2,0,13,13,3355,0
3357,1,recording,6053,17,17.0,1,16.66666666666572,0.0,0.0,2,2,0,15,15,3356,0
3358,1,recording,6054,19,19.0,1,16.66666666666572,0.0,0.0,3,3,0,17,17,3357,0
3359,1,recording,6055,14,14.0,1,16.66666666666572,0.0,0.0,2,2,0,11,11,3358,0
3360,1,recording,6056,17,17.0,1,16.66666666666572,0.0,0.0,6.0,6,1.0000000000291038,15.000000000029104,15.000000000029104,3359,2.9103830456733704e-11
3361,1,recording,6057,17,17.0,1,16.66666666666572,0.0,0.0,2,2,0,10.999999999970896,10.999999999970896,3360,-2.9103830456733704e-11
3362,1,recording,6058,16,16.0,1,16.66666666666572,0.0,0.0,4,4,0,14,14,3361,0
3363,1,recording,6059,17,17.0,1,16.66666666666572,0.0,0.0,2,2,0,13,13,3362,0
3364,1,recording,6060,21,21.0,1,16.66666666666572,0.0,0.0,5,5,0,19,19,3363,0
3365,1,recording,6061,18,18.0,1,16.66666666666572,0.0,0.0,2,2,0,13,13,3364,0
3366,1,recording,6062,20,20.0,1,16.66666666666572,0.0,0.0,2,2,0,18,18,3365,0
3367,1,recording,6063,15,15.0,1,16.66666666666572,0.0,0.0,2,2,0,13,13,3366,0
3368,1,recording,6064,19,19.0,1,16.66666666666572,0.0,0.0,1.9999999999708962,1.9999999999708962,0,17.000000000029104,17.000000000029104,3367,2.9103830456733704e-11
3369,1,recording,6065,15,15.0,1,16.66666666666572,0.0,0.0,2,2,0,13,13,3368,-2.9103830456733704e-11
3370,1,recording,6066,15,15.0,1,16.66666666666572,0.0,0.0,2,2,0,13,13,3369,0
3371,1,recording,6067,13,13.0,1,16.66666666666572,0.0,0.0,2,2,0,11,11,3370,0
3372,1,recording,6068,15,15.0,1,16.66666666666572,0.0,0.0,3,3,0,13,13,3371,0
3373,1,recording,6069,17,17.0,1,16.66666666666572,0.0,0.0,1,1,0,14,14,3372,0
3374,1,recording,6070,15,15.0,1,16.66666666666572,0.0,0.0,2,2,0,14,14,3373,0
3375,1,recording,6071,17,17.0,1,16.66666666666572,0.0,0.0,2.999999999970896,2.999999999970896,0,15.000000000029104,15.000000000029104,3374,2.9103830456733704e-11
3376,1,recording,6072,19,19.0,1,16.66666666666572,0.0,0.0,2,2,0,16,16,3375,-2.9103830456733704e-11
3377,1,recording,6073,15,15.0,1,16.66666666666572,0.0,0.0,2,2,0,13,13,3376,0
3378,1,recording,6074,16,16.0,1,16.66666666666572,0.0,0.0,3,3,0,14,14,3377,0
3379,1,recording,6075,17,17.0,1,16.66666666666572,0.0,0.0,2,2,0,14,14,3378,0
3380,1,recording,6076,17,17.0,1,16.66666666666572,0.0,0.0,1,1,0,15,15,3379,0
3381,1,recording,6077,16,16.0,1,16.66666666666572,0.0,0.0,4,4,0,15,15,3380,0
3382,1,recording,6078,19,19.0,1,16.66666666666572,0.0,0.0,0.9999999999708962,0.9999999999708962,0,15.000000000029104,15.000000000029104,3381,2.9103830456733704e-11
3383,1,recording,6079,17,17.0,1,16.66666666666572,0.0,0.0,3,3,0,16,16,3382,-2.9103830456733704e-11
3384,1,recording,6080,14,14.0,1,16.66666666666572,0.0,0.0,1,1,0,11,11,3383,0
3385,1,recording,6081,17,17.0,1,16.66666666666572,0.0,0.0,2,2,0,16,16,3384,0
3386,1,recording,6082,16,16.0,1,16.66666666666572,0.0,0.0,3,3,0,14,14,3385,0
3387,1,recording,6083,17,17.0,1,16.66666666666572,0.0,0.0,2,2,0,14,14,3386,0
3388,1,recording,6084,17,17.0,1,16.66666666666572,0.0,0.0,2,2,0,15,15,3387,0
3389,1,recording,6085,17,17.0,1,16.66666666666572,0.0,0.0,2,2,0,15,15,3388,0
3390,1,recording,6086,16,16.0,1,16.66666666666572,0.0,0.0,0.9999999999708962,0.9999999999708962,0,14.000000000029104,14.000000000029104,3389,2.9103830456733704e-11
3391,1,recording,6087,17,17.0,1,16.66666666666572,0.0,0.0,2,2,0,16,16,3390,-2.9103830456733704e-11
3392,1,recording,6088,17,17.0,1,16.66666666666572,0.0,0.0,2,2,0,15,15,3391,0
3393,1,recording,6089,19,19.0,1,16.66666666666572,0.0,0.0,3,3,0,17,17,3392,0
3394,1,recording,6090,17,17.0,1,16.66666666666572,0.0,0.0,4,4,0,14,14,3393,0
3395,1,recording,6091,26,26.0,2,33.33333333333144,0.0,0.0,2,2,0,22,22,3394,0
3396,1,recording,6092,17,17.0,1,16.66666666666572,0.0,0.0,1.9999999999708962,1.9999999999708962,0,15.000000000029104,15.000000000029104,3395,2.9103830456733704e-11
3397,1,recording,6093,20,20.0,1,16.66666666666572,0.0,0.0,2,2,0,18,18,3396,-2.9103830456733704e-11
3398,1,recording,6094,17,17.0,1,16.66666666666572,0.0,0.0,2,2,0,15,15,3397,0
3399,1,recording,6095,22,22.0,1,16.66666666666572,0.0,0.0,4,4,0,20,20,3398,0
3400,1,recording,6096,32,32.0,2,33.33333333333144,0.0,0.0,12,12,0,28,28,3399,0
3401,1,recording,6097,56,56.0,3,49.99999999999716,0.0,0.0,5,5,0,44,44,3400,0
3402,1,recording,6098,26,26.0,2,33.33333333333144,0.0,0.0,4,4,0,21,21,3401,0
3403,1,recording,6099,19,19.0,1,16.66666666666572,0.0,0.0,4,4,0,15,15,3402,0
3404,1,recording,6100,18,18.0,1,16.66666666666572,0.0,0.0,3,3,0,14,14,3403,0
3405,1,recording,6101,12,12.0,1,16.66666666666572,0.0,0.0,2,2,0,9,9,3404,0
3406,1,recording,6102,17,17.0,1,16.66666666666572,0.0,0.0,3,3,0,15,15,3405,0
3407,1,recording,6103,16,16.0,1,16.66666666666572,0.0,0.0,4,4,0,13,13,3406,0
3408,1,recording,6104,20,20.0,1,16.66666666666572,0.0,0.0,4,4,0,16,16,3407,0
3409,1,recording,6105,26,26.0,2,33.33333333333144,0.0,0.0,3,3,0,22,22,3408,0
3410,1,recording,6106,22,22.0,1,16.66666666666572,0.0,0.0,3,3,0,19,19,3409,0
3411,1,recording,6107,15,15.0,1,16.66666666666572,0.0,0.0,3,3,0,12,12,3410,0
3412,1,recording,6108,21,21.0,1,16.66666666666572,0.0,0.0,3.000000000029104,3.000000000029104,0,19,19,3411,1
3413,1,recording,6109,17,17.0,1,16.66666666666572,0.0,0.0,4,4,0,12.999999999970896,12.999999999970896,3412,-1
3414,1,recording,6110,14,14.0,1,16.66666666666572,0.0,0.0,4,4,0,10,10,3413,0
3415,1,recording,6111,16,16.0,1,16.66666666666572,0.0,0.0,2,2,0,12,12,3414,0
3416,1,recording,6112,19,19.0,1,16.66666666666572,0.0,0.0,4,4,0,17,17,3415,0
3417,1,recording,6113,15,15.0,1,16.66666666666572,0.0,0.0,1,1,0,11,11,3416,0
3418,1,recording,6114,14,14.0,1,16.66666666666572,0.0,0.0,2,2,0,13,13,3417,0
3419,1,recording,6115,17,17.0,1,16.66666666666572,0.0,0.0,2,2,0,15,15,3418,0
3420,1,recording,6116,16,16.0,1,16.66666666666572,0.0,0.0,1.0000000000291038,1.0000000000291038,0,14,14,3419,0
3421,1,recording,6117,16,16.0,1,16.66666666666572,0.0,0.0,3,3,0,15.999999999970896,15.999999999970896,3420,1
3422,1,recording,6118,17,17.0,1,16.66666666666572,0.0,0.0,2,2,0,13,13,3421,-1
3423,1,recording,6119,17,17.0,1,16.66666666666572,0.0,0.0,2,2,0,15,15,3422,0
3424,1,recording,6120,16,16.0,1,16.66666666666572,0.0,0.0,2,1,1,14,15,3423,0
3425,1,recording,6121,17,17.0,1,16.66666666666572,0.0,0.0,3,3,0,15,15,3424,0
3426,1,recording,6122,17,17.0,1,16.66666666666572,0.0,0.0,1,1,0,14,14,3425,0
3427,1,recording,6123,17,17.0,1,16.66666666666572,0.0,0.0,1,1,0,16,16,3426,0
3428,1,recording,6124,17,17.0,1,16.66666666666572,0.0,0.0,2,2,1,16,16,3427,0
3429,1,recording,6125,16,16.0,1,16.66666666666572,0.0,0.0,2.999999999970896,2.999999999970896,0,14.000000000029104,14.000000000029104,3428,2.9103830456733704e-11
3430,1,recording,6126,17,17.0,1,16.66666666666572,0.0,0.0,1.0000000000291038,1.0000000000291038,0,14,14,3429,-2.9103830456733704e-11
3431,1,recording,6127,16,16.0,1,16.66666666667993,0.0,0.0,2,2,1,14.999999999970896,14.999999999970896,3430,0
3432,1,recording,6128,19,19.0,1,16.66666666667993,0.0,0.0,3,3,0,17,17,3431,0
3433,1,recording,6129,16,16.0,1,16.66666666667993,0.0,0.0,2,2,0,13,13,3432,0
3434,1,recording,6130,16,16.0,1,16.66666666667993,0.0,0.0,2,2,0,14,14,3433,0
3435,1,recording,6131,16,16.0,1,16.66666666667993,0.0,0.0,2,0.9999999999708962,1.0000000000291038,14,15.000000000029104,3434,0
3436,1,recording,6132,17,17.0,1,16.66666666667993,0.0,0.0,3,3,0,15,15,3435,0
3437,1,recording,6133,16,16.0,1,16.66666666667993,0.0,0.0,2,2,0,13,13,3436,0
3438,1,recording,6134,18,18.0,1,16.66666666667993,0.0,0.0,2,2,0,16,16,3437,0
3439,1,recording,6135,16,16.0,1,16.66666666667993,0.0,0.0,5,5,1,14,14,3438,0
3440,1,recording,6136,18,18.0,1,16.66666666667993,0.0,0.0,4,4,1,13,13,3439,0
3441,1,recording,6137,21,21.0,1,16.66666666667993,0.0,0.0,4,4,0,17,17,3440,0
3442,1,recording,6138,15,15.0,1,16.66666666667993,0.0,0.0,2,2,0,11,11,3441,0
3443,1,recording,6139,16,16.0,1,16.66666666667993,0.0,0.0,3,3,0,14,14,3442,0
3444,1,recording,6140,14,14.0,1,16.66666666667993,0.0,0.0,2,2,0,11,11,3443,0
3445,1,recording,6141,16,16.0,1,16.66666666667993,0.0,0.0,2,2,0,14,14,3444,0
3446,1,recording,6142,17,17.0,1,16.66666666667993,0.0,0.0,6,6,0,15,15,3445,0
3447,1,recording,6143,18,18.0,1,16.66666666667993,0.0,0.0,2,2,0,12,12,3446,0
3448,1,recording,6144,15,15.0,1,16.66666666667993,0.0,0.0,2,2,0,13,13,3447,0
3449,1,recording,6145,16,16.0,1,16.66666666667993,0.0,0.0,2,2,0,14,14,3448,0
3450,1,recording,6146,17,17.0,1,16.66666666667993,0.0,0.0,2,2,0,15,15,3449,0
3451,1,recording,6147,17,17.0,1,16.66666666667993,0.0,0.0,1,1,0,15,15,3450,0
3452,1,recording,6148,17,17.0,1,16.66666666667993,0.0,0.0,4,4,0,16,16,3451,0
3453,1,recording,6149,18,18.0,1,16.66666666667993,0.0,0.0,1,1,0,14,14,3452,0
3454,1,recording,6150,15,15.0,1,16.66666666667993,0.0,0.0,3,3,0,14,14,3453,0
3455,1,recording,6151,17,17.0,1,16.66666666667993,0.0,0.0,1,1,0,14,14,3454,0
3456,1,recording,6152,16,16.0,1,16.66666666667993,0.0,0.0,2,2,0,15,15,3455,0
3457,1,recording,6153,20,20.0,1,16.66666666667993,0.0,0.0,0.9999999999708962,0.9999999999708962,0,18.000000000029104,18.000000000029104,3456,2.9103830456733704e-11
3458,1,recording,6154,20,20.0,1,16.66666666667993,0.0,0.0,2,2,0,19,19,3457,-2.9103830456733704e-11
3459,1,recording,6155,11,11.0,1,16.66666666667993,0.0,0.0,6,6,0,9,9,3458,0
3460,1,recording,6156,37,37.0,2,33.33333333335986,0.0,0.0,2,2,0,31,31,3459,0
3461,1,recording,6157,33,33.0,2,33.33333333335986,0.0,0.0,2,2,0,31,31,3460,0
3462,1,recording,6158,20,20.0,1,16.66666666667993,0.0,0.0,1,1,0,18,18,3461,0
3463,1,recording,6159,18,18.0,1,16.66666666667993,0.0,0.0,2,2,0,17,17,3462,0
3464,1,recording,6160,16,16.0,1,16.66666666667993,0.0,0.0,0.9999999999708962,0.9999999999708962,0,14.000000000029104,14.000000000029104,3463,2.9103830456733704e-11
3465,1,recording,6161,13,13.0,1,16.66666666667993,0.0,0.0,2,2,0,12,12,3464,-2.9103830456733704e-11
3466,1,recording,6162,15,15.0,1,16.66666666667993,0.0,0.0,1,1,0,13,13,3465,0
3467,1,recording,6163,19,19.0,1,16.66666666667993,0.0,0.0,1,1,0,19,19,3466,1
3468,1,recording,6164,18,18.0,1,16.66666666667993,0.0,0.0,2,2,0,16,16,3467,-1
3469,1,recording,6165,17,17.0,1,16.66666666667993,0.0,0.0,2,2,0,15,15,3468,0
3470,1,recording,6166,18,18.0,1,16.66666666667993,0.0,0.0,1.0000000000291038,1.0000000000291038,0,16,16,3469,0
3471,1,recording,6167,14,14.0,1,16.66666666667993,0.0,0.0,3,3,0,13.999999999970896,13.999999999970896,3470,1
3472,1,recording,6168,19,19.0,1,16.66666666667993,0.0,0.0,2,2,0,15,15,3471,-1
3473,1,recording,6169,15,15.0,1,16.66666666667993,0.0,0.0,2,2,0,13,13,3472,0
3474,1,recording,6170,14,14.0,1,16.66666666667993,0.0,0.0,1,1,0,12,12,3473,0
3475,1,recording,6171,15,15.0,1,16.66666666667993,0.0,0.0,2,2,0,14,14,3474,0
3476,1,recording,6172,15,15.0,1,16.66666666667993,0.0,0.0,2,1,1,13,13,3475,0
3477,1,recording,6173,17,17.0,1,16.66666666667993,0.0,0.0,2,2,0,15,16,3476,0
3478,1,recording,6174,16,16.0,1,16.66666666667993,0.0,0.0,2,2,0,14,14,3477,0
3479,1,recording,6175,17,17.0,1,16.66666666667993,0.0,0.0,4,4,0,15,15,3478,0
3480,1,recording,6176,17,17.0,1,16.66666666667993,0.0,0.0,3.000000000029104,3.000000000029104,0,13,13,3479,0
3481,1,recording,6177,17,17.0,1,16.66666666667993,0.0,0.0,5,5,0,13.999999999970896,13.999999999970896,3480,0
3482,1,recording,6178,20,20.0,1,16.66666666667993,0.0,0.0,5,5,0,15,15,3481,0
3483,1,recording,6179,18,18.0,1,16.66666666667993,0.0,0.0,2,2,0,13,13,3482,0
3484,1,recording,6180,12,12.0,1,16.66666666667993,0.0,0.0,2,2,0,10,10,3483,0
3485,1,recording,6181,21,21.0,1,16.66666666667993,0.0,0.0,3,3,0,19,19,3484,0
3486,1,recording,6182,16,16.0,1,16.66666666667993,0.0,0.0,1.9999999999708962,1.9999999999708962,0,13.000000000029104,13.000000000029104,3485,2.9103830456733704e-11
3487,1,recording,6183,13,13.0,1,16.66666666667993,0.0,0.0,2,2,0,11,11,3486,-2.9103830456733704e-11
3488,1,recording,6184,18,18.0,1,16.66666666667993,0.0,0.0,2,2,0,17,17,3487,1
3489,1,recording,6185,17,17.0,1,16.66666666667993,0.0,0.0,6,6,0,14,14,3488,-1
3490,1,recording,6186,19,19.0,1,16.66666666667993,0.0,0.0,2,2,0,13,13,3489,0
3491,1,recording,6187,12,12.0,1,16.66666666667993,0.0,0.0,2,2,0,10,10,3490,0
3492,1,recording,6188,16,16.0,1,16.66666666667993,0.0,0.0,2,2,1,14,14,3491,0
3493,1,recording,6189,31,31.0,2,33.33333333335986,0.0,0.0,2,2,0,29,29,3492,0
3494,1,recording,6190,10,10.0,0,0.0,0.0,0.0,1.0000000000291038,1.0000000000291038,0,8,8,3493,0
3495,1,recording,6191,9,9.0,1,16.66666666667993,0.0,0.0,4.000000000029104,4.000000000029104,0,7.999999999970896,7.999999999970896,3494,0
3496,1,recording,6192,22,22.0,1,16.66666666667993,0.0,0.0,1.9999999999708962,1.9999999999708962,0,18.0,18.0,3495,2.9103830456733704e-11
3497,1,recording,6193,13,13.0,1,16.66666666667993,0.0,0.0,3,3,0,11,11,3496,-2.9103830456733704e-11
3498,1,recording,6194,16,16.0,1,16.66666666667993,0.0,0.0,1,1,0,13,13,3497,0
3499,1,recording,6195,16,16.0,1,16.66666666667993,0.0,0.0,1,1,0,15,15,3498,0
3500,1,recording,6196,17,17.0,1,16.66666666667993,0.0,0.0,3.000000000029104,3.000000000029104,0,16,16,3499,0
3501,1,recording,6197,17,17.0,1,16.66666666667993,0.0,0.0,2,2,0,14.999999999970896,14.999999999970896,3500,1
3502,1,recording,6198,17,17.0,1,16.66666666667993,0.0,0.0,2,2,0,14,14,3501,-1
3503,1,recording,6199,16,16.0,1,16.66666666667993,0.0,0.0,2,2,0,14,14,3502,0
3504,1,recording,6200,16,16.0,1,16.66666666667993,0.0,0.0,2,2,0,14,14,3503,0
3505,1,recording,6201,17,17.0,1,16.66666666667993,0.0,0.0,2,2,0,15,15,3504,0
3506,1,recording,6202,17,17.0,1,16.66666666667993,0.0,0.0,1,1,0,15,15,3505,0
3507,1,recording,6203,16,16.0,1,16.66666666667993,0.0,0.0,2,2,0,15,15,3506,0
3508,1,recording,6204,17,17.0,1,16.66666666667993,0.0,0.0,2,2,0,15,15,3507,0
3509,1,recording,6205,17,17.0,1,16.66666666667993,0.0,0.0,1,1,0,15,15,3508,0
3510,1,recording,6206,16,16.0,1,16.66666666667993,0.0,0.0,2,2,0,15,15,3509,0
3511,1,recording,6207,17,17.0,1,16.66666666667993,0.0,0.0,1,1,0,15,15,3510,0
3512,1,recording,6208,17,17.0,1,16.66666666667993,0.0,0.0,2,2,0,16,16,3511,0
3513,1,recording,6209,16,16.0,1,16.66666666667993,0.0,0.0,2,2,1,14,14,3512,0
3514,1,recording,6210,17,17.0,1,16.66666666667993,0.0,0.0,1,1,0,15,15,3513,0
3515,1,recording,6211,17,17.0,1,16.66666666667993,0.0,0.0,2,2,0,16,16,3514,0
3516,1,recording,6212,16,16.0,1,16.66666666667993,0.0,0.0,2,2,0,14,14,3515,0
3517,1,recording,6213,17,17.0,1,16.66666666667993,0.0,0.0,2.999999999970896,2.999999999970896,0.9999999999708962,15.000000000029104,15.000000000029104,3516,2.9103830456733704e-11
3518,1,recording,6214,17,17.0,1,16.66666666667993,0.0,0.0,1.0000000000291038,1.0000000000291038,0,14,14,3517,-2.9103830456733704e-11
3519,1,recording,6215,17,17.0,1,16.66666666667993,0.0,0.0,2,2,0,15.999999999970896,15.999999999970896,3518,0
3520,1,recording,6216,25,25.0,1,16.66666666667993,0.0,0.0,1,1,0,23,23,3519,0
3521,1,recording,6217,8,8.0,1,16.66666666667993,0.0,0.0,1,1,0,8,8,3520,1
3522,1,recording,6218,17,17.0,1,16.66666666667993,0.0,0.0,2,2,0,15,15,3521,-1
3523,1,recording,6219,16,16.0,1,16.66666666667993,0.0,0.0,2,2,0,14,14,3522,0
3524,1,recording,6220,17,17.0,1,16.66666666667993,0.0,0.0,2.000000000029104,2.000000000029104,0,15,15,3523,0
3525,1,recording,6221,16,16.0,1,16.66666666667993,0.0,0.0,2,2,0,13.999999999970896,13.999999999970896,3524,0
3526,1,recording,6222,17,17.0,1,16.66666666667993,0.0,0.0,2,2,0,15,15,3525,0
3527,1,recording,6223,17,17.0,1,16.66666666667993,0.0,0.0,2,2,0,15,15,3526,0
3528,1,recording,6224,17,17.0,1,16.66666666667993,0.0,0.0,1,1,0,15,15,3527,0
3529,1,recording,6225,16,16.0,1,16.66666666667993,0.0,0.0,2,2,0,15,15,3528,0
3530,1,recording,6226,17,17.0,1,16.66666666667993,0.0,0.0,2,2,0,15,15,3529,0
3531,1,recording,6227,17,17.0,1,16.66666666667993,0.0,0.0,2,2,0,15,15,3530,0
3532,1,recording,6228,16,16.0,1,16.66666666667993,0.0,0.0,1.9999999999708962,1.9999999999708962,0,14.000000000029104,14.000000000029104,3531,2.9103830456733704e-11
3533,1,recording,6229,17,17.0,1,16.66666666667993,0.0,0.0,2,2,0,15,15,3532,-2.9103830456733704e-11
3534,1,recording,6230,19,19.0,1,16.66666666667993,0.0,0.0,2,2,0,17,17,3533,0
3535,1,recording,6231,17,17.0,1,16.66666666667993,0.0,0.0,3,3,0,15,15,3534,0
3536,1,recording,6232,14,14.0,1,16.66666666667993,0.0,0.0,1,1,0,11,11,3535,0
3537,1,recording,6233,16,16.0,1,16.66666666667993,0.0,0.0,2,2,1,15,15,3536,0
3538,1,recording,6234,17,17.0,1,16.66666666667993,0.0,0.0,1.0000000000291038,1.0000000000291038,0,15,15,3537,0
3539,1,recording,6235,16,16.0,1,16.66666666667993,0.0,0.0,2,2,0,14.999999999970896,14.999999999970896,3538,0
3540,1,recording,6236,17,17.0,1,16.66666666667993,0.0,0.0,2,2,0,15,15,3539,0
3541,1,recording,6237,17,17.0,1,16.66666666667993,0.0,0.0,1,1,0,15,15,3540,0
3542,1,recording,6238,16,16.0,1,16.66666666667993,0.0,0.0,1,1,0,16,16,3541,1
3543,1,recording,6239,17,17.0,1,16.66666666667993,0.0,0.0,2,2,0,15,15,3542,-1
3544,1,recording,6240,18,18.0,1,16.66666666667993,0.0,0.0,1,1,0,16,16,3543,0
3545,1,recording,6241,16,16.0,1,16.66666666667993,0.0,0.0,2,2,0,15,15,3544,0
3546,1,recording,6242,17,17.0,1,16.66666666667993,0.0,0.0,2,2,0,15,15,3545,0
3547,1,recording,6243,16,16.0,1,16.66666666667993,0.0,0.0,1.9999999999708962,1.9999999999708962,0.9999999999708962,14.000000000029104,14.000000000029104,3546,2.9103830456733704e-11
3548,1,recording,6244,22,22.0,1,16.66666666667993,0.0,0.0,3,3,0,20,20,3547,-2.9103830456733704e-11
3549,1,recording,6245,15,15.0,1,16.66666666667993,0.0,0.0,2,2,0,12,12,3548,0
3550,1,recording,6246,27,27.0,2,33.33333333335986,0.0,0.0,2,2,0,25,25,3549,0
3551,1,recording,6247,119,119.0,4,66.66666666671972,0.0,55.3333333332805,3,3,1,118,118,3550,1
3552,1,recording,6248,33,33.0,1,16.66666666667993,0.0,0.0,1,1,0,29,29,3551,-1
3553,1,recording,6249,19,19.0,2,33.33333333335986,0.0,0.0,2,2,0,18,18,3552,0
3554,1,recording,6250,18,18.0,1,16.66666666667993,0.0,0.0,2,2,0,16,16,3553,0
3555,1,recording,6251,18,18.0,1,16.66666666667993,0.0,0.0,4,4,0,16,16,3554,0
3556,1,recording,6252,22,22.0,1,16.66666666667993,0.0,0.0,2,2,0,18,18,3555,0
3557,1,recording,6253,14,14.0,1,16.66666666667993,0.0,0.0,2,2,0,12,12,3556,0
3558,1,recording,6254,18,18.0,1,16.66666666667993,0.0,0.0,2,2,0,16,16,3557,0
3559,1,recording,6255,21,21.0,1,16.66666666667993,0.0,0.0,2,2,0,19,19,3558,0
3560,1,recording,6256,13,13.0,1,16.66666666667993,0.0,0.0,3,3,0,11,11,3559,0
3561,1,recording,6257,19,19.0,1,16.66666666667993,0.0,0.0,3.000000000029104,3.000000000029104,0,16,16,3560,0
3562,1,recording,6258,17,17.0,1,16.66666666667993,0.0,0.0,2,2,0,13.999999999970896,13.999999999970896,3561,0
3563,1,recording,6259,20,20.0,1,16.66666666667993,0.0,0.0,3,3,1,18,18,3562,0
3564,1,recording,6260,22,22.0,2,33.33333333335986,0.0,0.0,4,4,0,19,19,3563,0
3565,1,recording,6261,15,15.0,1,16.66666666667993,0.0,0.0,3,3,0,11,11,3564,0
3566,1,recording,6262,14,14.0,0,0.0,0.0,0.0,1,1,0,11,11,3565,0
3567,1,recording,6263,16,16.0,1,16.66666666667993,0.0,0.0,3.999999999970896,3.999999999970896,0,15.000000000029104,15.000000000029104,3566,2.9103830456733704e-11
3568,1,recording,6264,17,17.0,1,16.66666666667993,0.0,0.0,3,3,0,13,13,3567,-2.9103830456733704e-11
3569,1,recording,6265,14,14.0,1,16.66666666667993,0.0,0.0,5.000000000029104,5.000000000029104,0,11,11,3568,0
3570,1,recording,6266,19,19.0,1,16.66666666667993,0.0,0.0,3,3,0,13.999999999970896,13.999999999970896,3569,0
3571,1,recording,6267,17,17.0,1,16.66666666667993,0.0,0.0,2,2,0,14,14,3570,0
3572,1,recording,6268,18,18.0,2,33.33333333335986,0.0,0.0,2,2,0,16,16,3571,0
3573,1,recording,6269,68,68.0,4,66.66666666671972,0.0,1.9999999999469469,2.000000000029104,2.000000000029104,0,66,66,3572,0
3574,1,recording,6270,16,16.0,0,0.0,0.0,0.0,4.000000000029104,4.000000000029104,0,13.999999999970896,13.999999999970896,3573,0
3575,1,recording,6271,19,19.0,2,33.33333333335986,0.0,0.0,4,4,0,14.999999999970896,14.999999999970896,3574,0
3576,1,recording,6272,24,24.0,1,16.66666666667993,0.0,0.0,2,2,0,20,20,3575,0
3577,1,recording,6273,30,30.0,2,33.33333333335986,0.0,0.0,4,4,0,28,28,3576,0
3578,1,recording,6274,23,23.0,1,16.66666666667993,0.0,0.0,3.000000000029104,3.000000000029104,1.0000000000291038,19,19,3577,0
3579,1,recording,6275,108,108.0,4,66.66666666671972,0.0,53.33333333328029,4,4,0,104.9999999999709,104.9999999999709,3578,0
3580,1,recording,6276,41,41.0,2,33.33333333335986,0.0,0.0,2,2,0,37,37,3579,0
3581,1,recording,6277,17,17.0,1,16.66666666667993,0.0,0.0,1,1,0,15,15,3580,0
3582,1,recording,6278,14,14.0,1,16.66666666667993,0.0,0.0,1,1,0,13,13,3581,0
3583,1,recording,6279,14,14.0,1,16.66666666667993,0.0,0.0,2,2,0,13,13,3582,0
3584,1,recording,6280,13,13.0,0,0.0,0.0,0.0,2,2,0,11,11,3583,0
3585,1,recording,6281,15,15.0,1,16.66666666667993,0.0,0.0,2,2,0,13,13,3584,0
3586,1,recording,6282,15,15.0,1,16.66666666667993,0.0,0.0,1,1,0,13,13,3585,0
3587,1,recording,6283,17,17.0,1,16.66666666667993,0.0,0.0,2,2,0,16,16,3586,0
3588,1,recording,6284,21,21.0,2,33.33333333335986,0.0,0.0,2.000000000029104,2.000000000029104,0,19,19,3587,0
3589,1,recording,6285,22,22.0,1,16.66666666667993,0.0,0.0,3,3,0,19.999999999970896,19.999999999970896,3588,0
3590,1,recording,6286,16,16.0,1,16.66666666667993,0.0,0.0,2,2,0,13,13,3589,0
3591,1,recording,6287,20,20.0,1,16.66666666667993,0.0,0.0,4,4,0,18,18,3590,0
3592,1,recording,6288,18,18.0,1,16.66666666667993,0.0,0.0,1,1,0,14,14,3591,0
3593,1,recording,6289,20,20.0,1,16.66666666667993,0.0,0.0,3,3,0,19,19,3592,0
3594,1,recording,6290,13,13.0,1,16.66666666667993,0.0,0.0,3.999999999970896,3.999999999970896,0,10.000000000029104,10.000000000029104,3593,2.9103830456733704e-11
3595,1,recording,6291,16,16.0,1,16.66666666667993,0.0,0.0,2.000000000029104,2.000000000029104,0,12,12,3594,-2.9103830456733704e-11
3596,1,recording,6292,12,12.0,1,16.66666666667993,0.0,0.0,4,4,0,9.999999999970896,9.999999999970896,3595,0
3597,1,recording,6293,14,14.0,1,16.66666666667993,0.0,0.0,2,2,0,10,10,3596,0
3598,1,recording,6294,16,16.0,1,16.66666666667993,0.0,0.0,2,2,0,14,14,3597,0
3599,1,recording,6295,13,13.0,0,0.0,0.0,0.0,1,1,0,11,11,3598,0
3600,1,recording,6296,16,16.0,1,16.66666666667993,0.0,0.0,2.000000000029104,2.000000000029104,0,15,15,3599,0
3601,1,recording,6297,17,17.0,1,16.66666666667993,0.0,0.0,2,2,0,14.999999999970896,14.999999999970896,3600,0
3602,1,recording,6298,16,16.0,1,16.66666666667993,0.0,0.0,2,2,0,14,14,3601,0
3603,1,recording,6299,16,16.0,1,16.66666666667993,0.0,0.0,3,3,1,14,14,3602,0
3604,1,recording,6300,21,21.0,1,16.66666666667993,0.0,0.0,2,2,0,19,19,3603,1
3605,1,recording,6301,16,16.0,1,16.66666666667993,0.0,0.0,3,3,0,13,13,3604,-1
3606,1,recording,6302,15,15.0,1,16.66666666667993,0.0,0.0,4,4,0,12,12,3605,0
3607,1,recording,6303,17,17.0,1,16.66666666667993,0.0,0.0,3,3,0,13,13,3606,0
3608,1,recording,6304,24,24.0,2,33.33333333335986,0.0,0.0,2,2,0,21,21,3607,0
3609,1,recording,6305,20,20.0,1,16.66666666667993,0.0,0.0,3,3,0,18,18,3608,0
3610,1,recording,6306,21,21.0,1,16.66666666667993,0.0,0.0,2,2,0,18,18,3609,0
3611,1,recording,6307,20,20.0,1,16.66666666667993,0.0,0.0,2,2,0,18,18,3610,0
3612,1,recording,6308,14,14.0,1,16.66666666667993,0.0,0.0,2,2,0,12,12,3611,0
3613,1,recording,6309,16,16.0,1,16.66666666667993,0.0,0.0,2,2,0,14,14,3612,0
3614,1,recording,6310,16,16.0,1,16.66666666667993,0.0,0.0,2,2,0,14,14,3613,0
3615,1,recording,6311,18,18.0,1,16.66666666667993,0.0,0.0,2,2,0,16,16,3614,0
3616,1,recording,6312,15,15.0,1,16.66666666667993,0.0,0.0,12.0,12,0,13.000000000029104,13.000000000029104,3615,2.9103830456733704e-11
3617,1,recording,6313,24,24.0,2,33.33333333335986,0.0,0.0,1.9999999999708962,1.9999999999708962,0,12.0,12.0,3616,0.0
3618,1,recording,6314,17,17.0,1,16.66666666667993,0.0,0.0,3,3,0,15,15,3617,-2.9103830456733704e-11
3619,1,recording,6315,18,18.0,1,16.66666666667993,0.0,0.0,2,2,0,15,15,3618,0
3620,1,recording,6316,15,15.0,1,16.66666666667993,0.0,0.0,1,1,0,14,14,3619,1
3621,1,recording,6317,21,21.0,1,16.66666666667993,0.0,0.0,1.9999999999708962,1.9999999999708962,0,19.000000000029104,19.000000000029104,3620,-0.9999999999708962
3622,1,recording,6318,24,24.0,1,16.66666666667993,0.0,0.0,1.9999999999708962,1.9999999999708962,0,22.000000000029104,22.000000000029104,3621,0.0
3623,1,recording,6319,17,17.0,1,16.66666666667993,0.0,0.0,2,2,0,15,15,3622,-2.9103830456733704e-11
3624,1,recording,6320,16,16.0,1,16.66666666667993,0.0,0.0,3.000000000029104,3.000000000029104,0,14,14,3623,0
3625,1,recording,6321,17,17.0,1,16.66666666667993,0.0,0.0,2,2,0,13.999999999970896,13.999999999970896,3624,0
3626,1,recording,6322,16,16.0,1,16.66666666667993,0.0,0.0,2,2,0,14,14,3625,0
3627,1,recording,6323,16,16.0,1,16.66666666667993,0.0,0.0,2,2,0,14,14,3626,0
3628,1,recording,6324,16,16.0,1,16.66666666667993,0.0,0.0,2,2,0,14,14,3627,0
3629,1,recording,6325,17,17.0,1,16.66666666667993,0.0,0.0,2,2,0,15,15,3628,0
3630,1,recording,6326,17,17.0,1,16.66666666667993,0.0,0.0,2,2,0,15,15,3629,0
3631,1,recording,6327,16,16.0,1,16.66666666667993,0.0,0.0,2,2,0,14,14,3630,0
3632,1,recording,6328,18,18.0,1,16.66666666667993,0.0,0.0,2,2,0,16,16,3631,0
3633,1,recording,6329,16,16.0,1,16.66666666667993,0.0,0.0,2,2,0,14,14,3632,0
3634,1,recording,6330,17,17.0,1,16.66666666667993,0.0,0.0,1,1,0,15,15,3633,0
3635,1,recording,6331,17,17.0,1,16.66666666667993,0.0,0.0,2,2,0,16,16,3634,0
3636,1,recording,6332,20,20.0,2,33.33333333335986,0.0,0.0,5,5,1,18,18,3635,0
3637,1,recording,6333,18,18.0,1,16.66666666667993,0.0,0.0,3,3,0,14,14,3636,1
3638,1,recording,6334,16,16.0,1,16.66666666667993,0.0,0.0,12,12,0,12,12,3637,-1
3639,1,recording,6335,26,26.0,1,16.66666666667993,0.0,0.0,3,3,0,14,14,3638,0
3640,1,recording,6336,27,27.0,2,33.33333333335986,0.0,0.0,3,3,0,24,24,3639,0
3641,1,recording,6337,17,17.0,1,16.66666666667993,0.0,0.0,2,2,0,14,14,3640,0
3642,1,recording,6338,22,22.0,1,16.66666666667993,0.0,0.0,3,3,0,20,20,3641,0
3643,1,recording,6339,20,20.0,1,16.66666666667993,0.0,0.0,2,2,0,17,17,3642,0
3644,1,recording,6340,23,23.0,2,33.33333333335986,0.0,0.0,8.999999999970896,8.999999999970896,2.000000000029104,21.000000000029104,21.000000000029104,3643,2.9103830456733704e-11
3645,1,recording,6341,21,21.0,1,16.66666666667993,0.0,0.0,3,3,0,12,12,3644,-2.9103830456733704e-11
3646,1,recording,6342,19,19.0,1,16.66666666667993,0.0,0.0,4,4,0,16,16,3645,0
3647,1,recording,6343,34,34.0,2,33.33333333335986,0.0,0.0,2,2,0,30,30,3646,0
3648,1,recording,6344,16,16.0,1,16.66666666667993,0.0,0.0,3,3,0,14,14,3647,0
3649,1,recording,6345,23,23.0,1,16.66666666667993,0.0,0.0,1.9999999999708962,1.9999999999708962,0,20.000000000029104,20.000000000029104,3648,2.9103830456733704e-11
3650,1,recording,6346,26,26.0,2,33.33333333335986,0.0,0.0,3,3,0,24,24,3649,-2.9103830456733704e-11
3651,1,recording,6347,25,25.0,1,16.66666666667993,0.0,0.0,4,4,0,22,22,3650,0
3652,1,recording,6348,21,21.0,2,33.33333333335986,0.0,0.0,4,4,0,17,17,3651,0
3653,1,recording,6349,31,31.0,2,33.33333333335986,0.0,0.0,2,2,0,28,28,3652,1
3654,1,recording,6350,35,35.0,2,33.33333333335986,0.0,0.0,8,8,0,32,32,3653,-1
3655,1,recording,6351,20,20.0,1,16.66666666667993,0.0,0.0,2,2,0,12,12,3654,0
3656,1,recording,6352,18,18.0,1,16.66666666667993,0.0,0.0,5,5,0,16,16,3655,0
3657,1,recording,6353,74,74.0,4,66.66666666671972,0.0,15.333333333280324,11.000000000029104,11.000000000029104,1,70,70,3656,1
3658,1,recording,6354,29,29.0,1,16.66666666667993,0.0,0.0,3,3,1,16.999999999970896,16.999999999970896,3657,-1
3659,1,recording,6355,21,21.0,2,33.33333333335986,0.0,0.0,4,4,0,18,18,3658,0
3660,1,recording,6356,26,26.0,1,16.66666666667993,0.0,0.0,2,2,0,22,22,3659,0
3661,1,recording,6357,24,24.0,2,33.33333333335986,0.0,0.0,1.9999999999708962,1.9999999999708962,0,23.000000000029104,23.000000000029104,3660,1.0000000000291038
3662,1,recording,6358,17,17.0,1,16.66666666667993,0.0,0.0,9,9,0,14,14,3661,-1.0000000000291038
3663,1,recording,6359,25,25.0,1,16.66666666667993,0.0,0.0,5,5,1.0000000000291038,16,16,3662,0
3664,1,recording,6360,25,25.0,2,33.33333333335986,0.0,0.0,3,3,0,20,20,3663,0
3665,1,recording,6361,22,22.0,1,16.66666666667993,0.0,0.0,3,3,0,19,19,3664,0
3666,1,recording,6362,21,21.0,1,16.66666666667993,0.0,0.0,2,2,0,19,19,3665,1
3667,1,recording,6363,15,15.0,1,16.66666666667993,0.0,0.0,4,4,0,12,12,3666,-1
3668,1,recording,6364,21,21.0,1,16.66666666667993,0.0,0.0,2,2,0,17,17,3667,0
3669,1,recording,6365,19,19.0,1,16.66666666667993,0.0,0.0,2,2,0,17,17,3668,0
3670,1,recording,6366,20,20.0,2,33.33333333335986,0.0,0.0,3,3,0,18,18,3669,0
3671,1,recording,6367,17,17.0,1,16.66666666667993,0.0,0.0,9,9,0,14,14,3670,0
3672,1,recording,6368,20,20.0,1,16.66666666667993,0.0,0.0,5,5,0,11,11,3671,0
3673,1,recording,6369,19,19.0,1,16.66666666667993,0.0,0.0,3,3,0,14,14,3672,0
3674,1,recording,6370,20,20.0,1,16.66666666667993,0.0,0.0,4,4,0,17,17,3673,0
3675,1,recording,6371,23,23.0,2,33.33333333335986,0.0,0.0,849,849,0,19,19,3674,0
3676,1,recording,6372,1305,250.0,4,66.66666666671972,1055.0,183.999999999947,37.000000000029104,37.000000000029104,0,456,456,3675,0
3677,1,recording,6373,75,75.0,4,66.66666666671972,0.0,8.333333333280276,4.000000000029104,4.000000000029104,0,37.999999999970896,37.999999999970896,3676,0
3678,1,recording,6374,18,18.0,1,16.66666666667993,0.0,0.0,2,2,0,13.999999999970896,13.999999999970896,3677,0
3679,1,recording,6375,17,17.0,1,16.66666666667993,0.0,0.0,3,3,0,15,15,3678,0
3680,1,recording,6376,17,17.0,1,16.66666666667993,0.0,0.0,14,14,0,14,14,3679,0
3681,1,recording,6377,25,25.0,1,16.66666666667993,0.0,0.0,2,2,0,11,11,3680,0
3682,1,recording,6378,17,17.0,1,16.66666666667993,0.0,0.0,2,2,0,15,15,3681,0
3683,1,recording,6379,20,20.0,1,16.66666666667993,0.0,0.0,3,3,0,19,19,3682,1
3684,1,recording,6380,22,22.0,2,33.33333333335986,0.0,0.0,5,5,0,18,18,3683,-1
3685,1,recording,6381,17,17.0,1,16.66666666667993,0.0,0.0,3,3,0,12,12,3684,0
3686,1,recording,6382,25,25.0,1,16.66666666667993,0.0,0.0,3,3,0,22,22,3685,0
3687,1,recording,6383,22,22.0,2,33.33333333335986,0.0,0.0,2.999999999970896,2.999999999970896,0,19.000000000029104,19.000000000029104,3686,2.9103830456733704e-11
3688,1,recording,6384,18,18.0,1,16.66666666667993,0.0,0.0,1,1,0,16,16,3687,0.9999999999708962
3689,1,recording,6385,19,19.0,1,16.66666666667993,0.0,0.0,3,3,0,17,17,3688,-1
3690,1,recording,6386,19,19.0,1,16.66666666667993,0.0,0.0,2,2,0,16,16,3689,0
3691,1,recording,6387,14,14.0,1,16.66666666667993,0.0,0.0,3,3,0,13,13,3690,1
3692,1,recording,6388,17,17.0,1,16.66666666667993,0.0,0.0,3,3,0,13,13,3691,-1
3693,1,recording,6389,25,25.0,1,16.66666666667993,0.0,0.0,3,3,0,22,22,3692,0
3694,1,recording,6390,18,18.0,1,16.66666666667993,0.0,0.0,4,4,0,15,15,3693,0
3695,1,recording,6391,21,21.0,2,33.33333333335986,0.0,0.0,2,2,0,17,17,3694,0
3696,1,recording,6392,13,13.0,0,0.0,0.0,0.0,1,1,0,12,12,3695,1
3697,1,recording,6393,24,24.0,2,33.33333333335986,0.0,0.0,3,3,0,22,22,3696,-1
3698,1,recording,6394,23,23.0,1,16.66666666667993,0.0,0.0,3,3,0,20,20,3697,0
3699,1,recording,6395,14,14.0,1,16.66666666667993,0.0,0.0,2,2,0,12,12,3698,1
3700,1,recording,6396,15,15.0,1,16.66666666667993,0.0,0.0,2,2,0,12,12,3699,-1
3701,1,recording,6397,15,15.0,1,16.66666666667993,0.0,0.0,2,2,0,13,13,3700,0
3702,1,recording,6398,14,14.0,1,16.66666666667993,0.0,0.0,3,3,1,12,12,3701,0
3703,1,recording,6399,19,19.0,1,16.66666666667993,0.0,0.0,3,3,0,16,16,3702,0
3704,1,recording,6400,21,21.0,1,16.66666666667993,0.0,0.0,2,2,0,18,18,3703,0
3705,1,recording,6401,16,16.0,1,16.66666666667993,0.0,0.0,3,3,0,14,14,3704,0
3706,1,recording,6402,14,14.0,1,16.66666666667993,0.0,0.0,3,3,0,11,11,3705,0
3707,1,recording,6403,14,14.0,1,16.66666666667993,0.0,0.0,3,3,0,11,11,3706,0
3708,1,recording,6404,21,21.0,1,16.66666666667993,0.0,0.0,4,4,0,18,18,3707,0
3709,1,recording,6405,30,30.0,2,33.33333333335986,0.0,0.0,0.9999999999708962,0.9999999999708962,0,27.000000000029104,27.000000000029104,3708,1.0000000000291038
3710,1,recording,6406,43,43.0,2,33.33333333335986,0.0,0.0,2,2,0,41,41,3709,-1.0000000000291038
3711,1,recording,6407,33,33.0,2,33.33333333335986,0.0,0.0,5,5,0,31,31,3710,0
3712,1,recording,6408,18,18.0,1,16.66666666667993,0.0,0.0,2.000000000029104,2.000000000029104,0,13,13,3711,0
3713,1,recording,6409,20,20.0,2,33.33333333335986,0.0,0.0,2.999999999970896,2.999999999970896,0,18.0,18.0,3712,2.9103830456733704e-11
3714,1,recording,6410,15,15.0,0,0.0,0.0,0.0,2,2,0,12,12,3713,-2.9103830456733704e-11
3715,1,recording,6411,12,12.0,1,16.66666666667993,0.0,0.0,2,2,0,10,10,3714,0
3716,1,recording,6412,17,17.0,1,16.66666666667993,0.0,0.0,2,2,0,15,15,3715,0
3717,1,recording,6413,17,17.0,1,16.66666666667993,0.0,0.0,3,3,0,15,15,3716,0
3718,1,recording,6414,17,17.0,1,16.66666666667993,0.0,0.0,1,1,0,14,14,3717,0
3719,1,recording,6415,30,30.0,2,33.33333333335986,0.0,0.0,3,3,0,29,29,3718,0
3720,1,recording,6416,23,23.0,1,16.66666666667993,0.0,0.0,3.999999999970896,3.999999999970896,0.9999999999708962,20.000000000029104,20.000000000029104,3719,2.9103830456733704e-11
3721,1,recording,6417,15,15.0,1,16.66666666667993,0.0,0.0,2,2,0,11,11,3720,-2.9103830456733704e-11
3722,1,recording,6418,15,15.0,1,16.66666666667993,0.0,0.0,1.9999999999708962,1.9999999999708962,0,13.000000000029104,13.000000000029104,3721,2.9103830456733704e-11
3723,1,recording,6419,22,22.0,2,33.33333333335986,0.0,0.0,4,4,0,20,20,3722,-2.9103830456733704e-11
3724,1,recording,6420,25,25.0,1,16.66666666667993,0.0,0.0,3,3,0,21,21,3723,0
3725,1,recording,6421,17,17.0,1,16.66666666667993,0.0,0.0,2,2,0,14,14,3724,0
3726,1,recording,6422,14,14.0,1,16.66666666667993,0.0,0.0,4,4,0,12,12,3725,0
3727,1,recording,6423,19,19.0,1,16.66666666667993,0.0,0.0,2,2,0,15,15,3726,0
3728,1,recording,6424,15,15.0,1,16.66666666667993,0.0,0.0,1.0000000000291038,1.0000000000291038,0,13,13,3727,0
3729,1,recording,6425,14,14.0,1,16.66666666667993,0.0,0.0,2,2,0,12.999999999970896,12.999999999970896,3728,0
3730,1,recording,6426,14,14.0,1,16.66666666667993,0.0,0.0,3,3,0,12,12,3729,0
3731,1,recording,6427,16,16.0,1,16.66666666667993,0.0,0.0,2,2,0,14,14,3730,1
3732,1,recording,6428,15,15.0,1,16.66666666667993,0.0,0.0,2,2,0,12,12,3731,-1
3733,1,recording,6429,18,18.0,1,16.66666666667993,0.0,0.0,2,2,0,16,16,3732,0
3734,1,recording,6430,15,15.0,0,0.0,0.0,0.0,3,3,0,13,13,3733,0
3735,1,recording,6431,19,19.0,2,33.33333333335986,0.0,0.0,5,5,1.0000000000291038,16,16,3734,0
3736,1,recording,6432,15,15.0,1,16.66666666667993,0.0,0.0,1.9999999999708962,1.9999999999708962,0,10.000000000029104,10.000000000029104,3735,2.9103830456733704e-11
3737,1,recording,6433,20,20.0,1,16.66666666667993,0.0,0.0,3,3,0,18,18,3736,-2.9103830456733704e-11
3738,1,recording,6434,27,27.0,1,16.66666666667993,0.0,0.0,3,3,0,24,24,3737,0
3739,1,recording,6435,20,20.0,2,33.33333333335986,0.0,0.0,3,3,0,17,17,3738,0
3740,1,recording,6436,18,18.0,1,16.66666666667993,0.0,0.0,2,2,0,15,15,3739,0
3741,1,recording,6437,14,14.0,0,0.0,0.0,0.0,3,3,0,12,12,3740,0
3742,1,recording,6438,17,17.0,1,16.66666666667993,0.0,0.0,4,3.000000000029104,0.9999999999708962,14,14,3741,0
3743,1,recording,6439,19,19.0,2,33.33333333335986,0.0,0.0,3,3,0,15,15.999999999970896,3742,0
3744,1,recording,6440,18,18.0,1,16.66666666667993,0.0,0.0,3,3,0,15,15,3743,0
3745,1,recording,6441,13,13.0,0,0.0,0.0,0.0,2,2,0,10,10,3744,0
3746,1,recording,6442,16,16.0,1,16.66666666667993,0.0,0.0,2,2,0,14,14,3745,0
3747,1,recording,6443,17,17.0,1,16.66666666667993,0.0,0.0,2,2,0,15,15,3746,0
3748,1,recording,6444,18,18.0,2,33.33333333335986,0.0,0.0,4,4,0,16,16,3747,0
3749,1,recording,6445,25,25.0,1,16.66666666667993,0.0,0.0,2.000000000029104,2.000000000029104,0,21,21,3748,0
3750,1,recording,6446,19,19.0,1,16.66666666667993,0.0,0.0,4,4,0,16.999999999970896,16.999999999970896,3749,0
3751,1,recording,6447,33,33.0,2,33.33333333335986,0.0,0.0,7,7,0,29,29,3750,0
3752,1,recording,6448,32,32.0,2,33.33333333335986,0.0,0.0,3,3,0,25,25,3751,0
3753,1,recording,6449,18,18.0,1,16.66666666667993,0.0,0.0,3,3,0,15,15,3752,0
3754,1,recording,6450,15,15.0,1,16.66666666667993,0.0,0.0,2,2,0,12,12,3753,0
3755,1,recording,6451,18,18.0,1,16.66666666667993,0.0,0.0,4.000000000029104,4.000000000029104,0,16,16,3754,0
3756,1,recording,6452,20,20.0,1,16.66666666667993,0.0,0.0,2,2,0,15.999999999970896,15.999999999970896,3755,0
3757,1,recording,6453,19,19.0,1,16.66666666667993,0.0,0.0,3,3,1,17,17,3756,0
3758,1,recording,6454,16,16.0,1,16.66666666667993,0.0,0.0,3,3,0,13,13,3757,0
3759,1,recording,6455,21,21.0,2,33.33333333335986,0.0,0.0,2,2,0,18,18,3758,0
3760,1,recording,6456,16,16.0,1,16.66666666667993,0.0,0.0,2,2,0,14,14,3759,0
3761,1,recording,6457,17,17.0,1,16.66666666667993,0.0,0.0,5,5,0,15,15,3760,0
3762,1,recording,6458,24,24.0,1,16.66666666667993,0.0,0.0,2.000000000029104,2.000000000029104,0,19,19,3761,0
3763,1,recording,6459,18,18.0,1,16.66666666667993,0.0,0.0,6,6,0,15.999999999970896,15.999999999970896,3762,0
3764,1,recording,6460,46,46.0,3,50.00000000003979,0.0,0.0,2,2,1,40,40,3763,0
3765,1,recording,6461,14,14.0,1,16.66666666667993,0.0,0.0,2,2,0,12,12,3764,0
3766,1,recording,6462,39,39.0,2,33.33333333335986,0.0,0.0,2,2,0,38,38,3765,1
3767,1,recording,6463,17,17.0,1,16.66666666667993,0.0,0.0,5,5,0,14,14,3766,-1
3768,1,recording,6464,29,29.0,2,33.33333333335986,0.0,0.0,5,5,0,24,24,3767,0
3769,1,recording,6465,42,42.0,2,33.33333333335986,0.0,0.0,3,3,0,37,37,3768,0
3770,1,recording,6466,19,19.0,2,33.33333333335986,0.0,0.0,4.000000000029104,4.000000000029104,0,16,16,3769,0
3771,1,recording,6467,20,20.0,1,16.66666666667993,0.0,0.0,3,3,0,15.999999999970896,15.999999999970896,3770,0
3772,1,recording,6468,21,21.0,1,16.66666666667993,0.0,0.0,3,3,1,18,18,3771,0
3773,1,recording,6469,19,19.0,1,16.66666666667993,0.0,0.0,2,2,0,16,16,3772,0
3774,1,recording,6470,30,30.0,2,33.33333333335986,0.0,0.0,8,8,0,28,28,3773,0
3775,1,recording,6471,23,23.0,1,16.66666666667993,0.0,0.0,4.000000000029104,4.000000000029104,0,15,15,3774,0
3776,1,recording,6472,16,16.0,1,16.66666666667993,0.0,0.0,6.0,6,0,12.0,12.0,3775,2.9103830456733704e-11
3777,1,recording,6473,18,18.0,1,16.66666666667993,0.0,0.0,1.9999999999708962,1.9999999999708962,0,12.0,12.0,3776,0.0
3778,1,recording,6474,15,15.0,1,16.66666666667993,0.0,0.0,5,5,0,13,13,3777,-2.9103830456733704e-11
3779,1,recording,6475,18,18.0,1,16.66666666667993,0.0,0.0,2,2,0,13,13,3778,0
3780,1,recording,6476,14,14.0,1,16.66666666667993,0.0,0.0,1,1,0,12,12,3779,0
3781,1,recording,6477,17,17.0,1,16.66666666667993,0.0,0.0,2,2,0,16,16,3780,0
3782,1,recording,6478,14,14.0,1,16.66666666667993,0.0,0.0,2,2,0,12,12,3781,0
3783,1,recording,6479,13,13.0,1,16.66666666667993,0.0,0.0,2,2,0,11,11,3782,0
3784,1,recording,6480,15,15.0,1,16.66666666667993,0.0,0.0,3,3,0,13,13,3783,0
3785,1,recording,6481,12,12.0,0,0.0,0.0,0.0,2,2,0,9,9,3784,0
3786,1,recording,6482,16,16.0,1,16.66666666667993,0.0,0.0,3.000000000029104,3.000000000029104,0,14,14,3785,0
3787,1,recording,6483,17,17.0,1,16.66666666667993,0.0,0.0,1,1,0,13.999999999970896,13.999999999970896,3786,0
3788,1,recording,6484,17,17.0,1,16.66666666667993,0.0,0.0,2,2,0,16,16,3787,0
3789,1,recording,6485,16,16.0,1,16.66666666667993,0.0,0.0,2,2,0,14,14,3788,0
3790,1,recording,6486,17,17.0,1,16.66666666667993,0.0,0.0,2,2,0,15,15,3789,0
3791,1,recording,6487,18,18.0,2,33.33333333335986,0.0,0.0,3,3,0,16,16,3790,0
3792,1,recording,6488,17,17.0,1,16.66666666667993,0.0,0.0,2.000000000029104,2.000000000029104,0,14,14,3791,0
3793,1,recording,6489,25,25.0,1,16.66666666667993,0.0,0.0,3,3,0,22.999999999970896,22.999999999970896,3792,0
3794,1,recording,6490,17,17.0,1,16.66666666667993,0.0,0.0,3,3,0,14,14,3793,0
3795,1,recording,6491,23,23.0,1,16.66666666667993,0.0,0.0,3,3,0,20,20,3794,0
3796,1,recording,6492,15,15.0,1,16.66666666667993,0.0,0.0,2,2,0,12,12,3795,0
3797,1,recording,6493,17,17.0,1,16.66666666667993,0.0,0.0,2.999999999970896,2.999999999970896,0,15.000000000029104,15.000000000029104,3796,2.9103830456733704e-11
3798,1,recording,6494,18,18.0,1,16.66666666667993,0.0,0.0,1.9999999999708962,1.9999999999708962,0,15.000000000029104,15.000000000029104,3797,0.0
3799,1,recording,6495,13,13.0,1,16.66666666667993,0.0,0.0,4,4,0,11,11,3798,-2.9103830456733704e-11
3800,1,recording,6496,15,15.0,1,16.66666666667993,0.0,0.0,2.000000000029104,2.000000000029104,1,11,11,3799,0
3801,1,recording,6497,19,19.0,1,16.66666666667993,0.0,0.0,3,3,0,17.999999999970896,17.999999999970896,3800,1
3802,1,recording,6498,18,18.0,1,16.66666666667993,0.0,0.0,2,2,0,14,14,3801,-1
3803,1,recording,6499,15,15.0,1,16.66666666667993,0.0,0.0,2,2,0,13,13,3802,0
3804,1,recording,6500,13,13.0,1,16.66666666667993,0.0,0.0,37,37,0,11,11,3803,0
3805,1,recording,6501,122,122.0,4,66.66666666671972,0.0,63.999999999946986,4.000000000029104,4.000000000029104,0,86,86,3804,1
3806,1,recording,6502,17,17.0,1,16.66666666667993,0.0,0.0,1.9999999999708962,1.9999999999708962,0,12.0,12.0,3805,-0.9999999999708962
3807,1,recording,6503,17,17.0,1,16.66666666667993,0.0,0.0,3,3,0,15,15,3806,-2.9103830456733704e-11
3808,1,recording,6504,15,15.0,0,0.0,0.0,0.0,2,2,0,12,12,3807,0
3809,1,recording,6505,17,17.0,1,16.66666666667993,0.0,0.0,2,2,0,15,15,3808,0
3810,1,recording,6506,15,15.0,1,16.66666666667993,0.0,0.0,5,5,0,13,13,3809,0
3811,1,recording,6507,26,26.0,2,33.33333333335986,0.0,0.0,4,4,0,21,21,3810,0
3812,1,recording,6508,27,27.0,2,33.33333333335986,0.0,0.0,3,3,0,23,23,3811,0
3813,1,recording,6509,17,17.0,1,16.66666666667993,0.0,0.0,3.000000000029104,3.000000000029104,0,14,14,3812,0
3814,1,recording,6510,26,26.0,1,16.66666666667993,0.0,0.0,3,3,0,22.999999999970896,22.999999999970896,3813,0
3815,1,recording,6511,19,19.0,1,16.66666666667993,0.0,0.0,1.9999999999708962,1.9999999999708962,0,16.000000000029104,16.000000000029104,3814,2.9103830456733704e-11
3816,1,recording,6512,22,22.0,2,33.33333333335986,0.0,0.0,4,4,0,20,20,3815,-2.9103830456733704e-11
3817,1,recording,6513,18,18.0,1,16.66666666667993,0.0,0.0,2,2,0,14,14,3816,0
3818,1,recording,6514,16,16.0,1,16.66666666667993,0.0,0.0,2,2,0,14,14,3817,0
3819,1,recording,6515,16,16.0,1,16.66666666667993,0.0,0.0,2,2,0,14,14,3818,0
3820,1,recording,6516,17,17.0,1,16.66666666667993,0.0,0.0,1.9999999999708962,1.9999999999708962,0,15.000000000029104,15.000000000029104,3819,2.9103830456733704e-11
3821,1,recording,6517,16,16.0,1,16.66666666667993,0.0,0.0,2.000000000029104,2.000000000029104,0,14,14,3820,-2.9103830456733704e-11
3822,1,recording,6518,26,26.0,1,16.66666666667993,0.0,0.0,2,2,0,23.999999999970896,23.999999999970896,3821,0
3823,1,recording,6519,16,16.0,1,16.66666666667993,0.0,0.0,2,2,0,14,14,3822,0
3824,1,recording,6520,16,16.0,1,16.66666666667993,0.0,0.0,2,2,0,14,14,3823,0
3825,1,recording,6521,17,17.0,1,16.66666666667993,0.0,0.0,3,3,0,15,15,3824,0
3826,1,recording,6522,14,14.0,1,16.66666666667993,0.0,0.0,3,3,0,11,11,3825,0
3827,1,recording,6523,15,15.0,1,16.66666666667993,0.0,0.0,2,2,0,12,12,3826,0
3828,1,recording,6524,17,17.0,1,16.66666666667993,0.0,0.0,0.9999999999708962,0.9999999999708962,0,15.000000000029104,15.000000000029104,3827,2.9103830456733704e-11
3829,1,recording,6525,22,22.0,1,16.66666666667993,0.0,0.0,3,3,0,21,21,3828,-2.9103830456733704e-11
3830,1,recording,6526,17,17.0,1,16.66666666667993,0.0,0.0,1,1,0,14,14,3829,0
3831,1,recording,6527,14,14.0,1,16.66666666667993,0.0,0.0,2,2,0,13,13,3830,0
3832,1,recording,6528,16,16.0,1,16.66666666667993,0.0,0.0,3,3,0,14,14,3831,0
3833,1,recording,6529,27,27.0,2,33.33333333335986,0.0,0.0,4,4,0,24,24,3832,0
3834,1,recording,6530,15,15.0,0,0.0,0.0,0.0,2.000000000029104,2.000000000029104,0,11,11,3833,0
3835,1,recording,6531,13,13.0,1,16.66666666667993,0.0,0.0,1.0000000000291038,1.0000000000291038,0,10.999999999970896,10.999999999970896,3834,0
3836,1,recording,6532,17,17.0,1,16.66666666667993,0.0,0.0,3,3,0,15.999999999970896,15.999999999970896,3835,0
3837,1,recording,6533,16,16.0,1,16.66666666667993,0.0,0.0,4,4,0,13,13,3836,0
3838,1,recording,6534,20,20.0,1,16.66666666667993,0.0,0.0,3,3,0,16,16,3837,0
3839,1,recording,6535,15,15.0,1,16.66666666667993,0.0,0.0,2,2,0,12,12,3838,0
3840,1,recording,6536,18,18.0,1,16.66666666667993,0.0,0.0,2,2,0,16,16,3839,0
3841,1,recording,6537,17,17.0,1,16.66666666667993,0.0,0.0,2,2,0,15,15,3840,0
3842,1,recording,6538,17,17.0,1,16.66666666667993,0.0,0.0,2.999999999970896,2.999999999970896,0,15.000000000029104,15.000000000029104,3841,2.9103830456733704e-11
3843,1,recording,6539,26,26.0,2,33.33333333335986,0.0,0.0,2,2,0,23,23,3842,-2.9103830456733704e-11
3844,1,recording,6540,13,13.0,1,16.66666666667993,0.0,0.0,3,3,1,11,11,3843,0
3845,1,recording,6541,17,17.0,1,16.66666666667993,0.0,0.0,2,2,0,14,14,3844,0
3846,1,recording,6542,14,14.0,1,16.66666666667993,0.0,0.0,2,2,0,12,12,3845,0
3847,1,recording,6543,15,15.0,1,16.66666666667993,0.0,0.0,2,2,0,14,14,3846,1
3848,1,recording,6544,17,17.0,1,16.66666666667993,0.0,0.0,4,4,0,14,14,3847,-1
3849,1,recording,6545,17,17.0,1,16.66666666667993,0.0,0.0,3.999999999970896,3.999999999970896,0,13.000000000029104,13.000000000029104,3848,2.9103830456733704e-11
3850,1,recording,6546,18,18.0,1,16.66666666667993,0.0,0.0,2.999999999970896,2.999999999970896,0,14.000000000029104,14.000000000029104,3849,0.0
3851,1,recording,6547,18,18.0,1,16.66666666667993,0.0,0.0,1.9999999999708962,1.9999999999708962,0,15.000000000029104,15.000000000029104,3850,0.0
3852,1,recording,6548,15,15.0,1,16.66666666667993,0.0,0.0,4,4,0,13,13,3851,-2.9103830456733704e-11
3853,1,recording,6549,21,21.0,1,16.66666666667993,0.0,0.0,4,4,0,17,17,3852,0
3854,1,recording,6550,17,17.0,1,16.66666666667993,0.0,0.0,2,2,0,13,13,3853,0
3855,1,recording,6551,12,12.0,1,16.66666666667993,0.0,0.0,2.999999999970896,2.999999999970896,0,10.000000000029104,10.000000000029104,3854,2.9103830456733704e-11
3856,1,recording,6552,16,16.0,1,16.66666666667993,0.0,0.0,3,3,0,13,13,3855,-2.9103830456733704e-11
3857,1,recording,6553,16,16.0,1,16.66666666667993,0.0,0.0,3,3,0,13,13,3856,0
3858,1,recording,6554,19,19.0,1,16.66666666667993,0.0,0.0,2,2,0,16,16,3857,0
3859,1,recording,6555,16,16.0,1,16.66666666667993,0.0,0.0,2,2,0,14,14,3858,0
3860,1,recording,6556,87,87.0,4,66.66666666671972,0.0,23.333333333280304,3,3,0,85,85,3859,0
3861,1,recording,6557,34,34.0,2,33.33333333335986,0.0,0.0,3,3,0,31,31,3860,0
3862,1,recording,6558,47,47.0,2,33.33333333335986,0.0,0.0,3,3,0,44,44,3861,0
3863,1,recording,6559,66,66.0,4,66.66666666671972,0.0,13.666666666613619,3.000000000029104,3.000000000029104,0,63,63,3862,0
3864,1,recording,6560,29,29.0,1,16.66666666667993,0.0,0.0,3,3,0,25.999999999970896,25.999999999970896,3863,0
3865,1,recording,6561,28,28.0,2,33.33333333335986,0.0,0.0,2,2,0,25,25,3864,0
3866,1,recording,6562,31,31.0,2,33.33333333335986,0.0,0.0,2,2,0,29,29,3865,0
3867,1,recording,6563,24,24.0,1,16.66666666667993,0.0,0.0,2,2,0,22,22,3866,0
3868,1,recording,6564,16,16.0,1,16.66666666667993,0.0,0.0,1.9999999999708962,1.9999999999708962,0,14.000000000029104,14.000000000029104,3867,2.9103830456733704e-11
3869,1,recording,6565,14,14.0,1,16.66666666667993,0.0,0.0,4,4,0,12,12,3868,-2.9103830456733704e-11
3870,1,recording,6566,19,19.0,1,16.66666666667993,0.0,0.0,2,2,0,15,15,3869,0
3871,1,recording,6567,30,30.0,2,33.33333333335986,0.0,0.0,2.000000000029104,2.000000000029104,0,28,28,3870,0
3872,1,recording,6568,23,23.0,1,16.66666666667993,0.0,0.0,1,1,0,20.999999999970896,20.999999999970896,3871,0
3873,1,recording,6569,31,31.0,2,33.33333333335986,0.0,0.0,1.0000000000291038,1.0000000000291038,0,31,31,3872,1
3874,1,recording,6570,18,18.0,1,16.66666666667993,0.0,0.0,2,2,0,15.999999999970896,15.999999999970896,3873,-1
3875,1,recording,6571,23,23.0,2,33.33333333335986,0.0,0.0,3,3,0,21,21,3874,0
3876,1,recording,6572,14,14.0,0,0.0,0.0,0.0,1,1,0,11,11,3875,0
3877,1,recording,6573,28,28.0,2,33.33333333335986,0.0,0.0,2.000000000029104,2.000000000029104,0,27,27,3876,0
3878,1,recording,6574,27,27.0,2,33.33333333335986,0.0,0.0,4,4,0,24.999999999970896,24.999999999970896,3877,0
3879,1,recording,6575,18,18.0,1,16.66666666667993,0.0,0.0,3,3,0,14,14,3878,0
3880,1,recording,6576,21,21.0,1,16.66666666667993,0.0,0.0,2,2,0,18,18,3879,0
3881,1,recording,6577,36,36.0,2,33.33333333335986,0.0,0.0,4,4,1,34,34,3880,0
3882,1,recording,6578,15,15.0,1,16.66666666667993,0.0,0.0,5,5,0,11,11,3881,0
3883,1,recording,6579,13,13.0,1,16.66666666667993,0.0,0.0,4,4,1,8,8,3882,0
3884,1,recording,6580,15,15.0,1,16.66666666667993,0.0,0.0,2.999999999970896,2.999999999970896,0,11.000000000029104,11.000000000029104,3883,2.9103830456733704e-11
3885,1,recording,6581,18,18.0,1,16.66666666667993,0.0,0.0,1.9999999999708962,1.9999999999708962,0,15.000000000029104,15.000000000029104,3884,0.0
3886,1,recording,6582,19,19.0,1,16.66666666667993,0.0,0.0,2,2,0,17,17,3885,-2.9103830456733704e-11
3887,1,recording,6583,19,19.0,1,16.66666666667993,0.0,0.0,2,2,0,17,17,3886,0
3888,1,recording,6584,13,13.0,1,16.66666666667993,0.0,0.0,2,2,0,11,11,3887,0
3889,1,recording,6585,13,13.0,1,16.66666666667993,0.0,0.0,2,2,0,11,11,3888,0
3890,1,recording,6586,14,14.0,1,16.66666666667993,0.0,0.0,3,3,0,12,12,3889,0
3891,1,recording,6587,16,16.0,1,16.66666666667993,0.0,0.0,2,2,0,13,13,3890,0
3892,1,recording,6588,14,14.0,0,0.0,0.0,0.0,1,1,0,12,12,3891,0
3893,1,recording,6589,15,15.0,1,16.66666666667993,0.0,0.0,1.0000000000291038,1.0000000000291038,0,15,15,3892,1
3894,1,recording,6590,17,17.0,1,16.66666666667993,0.0,0.0,3.000000000029104,3.000000000029104,0,14.999999999970896,14.999999999970896,3893,-1
3895,1,recording,6591,17,17.0,1,16.66666666667993,0.0,0.0,2,2,0,13.999999999970896,13.999999999970896,3894,0
3896,1,recording,6592,17,17.0,1,16.66666666667993,0.0,0.0,2,2,0,15,15,3895,0
3897,1,recording,6593,17,17.0,1,16.66666666667993,0.0,0.0,2,2,0,15,15,3896,0
3898,1,recording,6594,19,19.0,2,33.33333333335986,0.0,0.0,2,2,0,17,17,3897,0
3899,1,recording,6595,21,21.0,1,16.66666666667993,0.0,0.0,1.0000000000291038,1.0000000000291038,0,19,19,3898,0
3900,1,recording,6596,13,13.0,1,16.66666666667993,0.0,0.0,1.9999999999708962,1.9999999999708962,0,12.0,12.0,3899,2.9103830456733704e-11
3901,1,recording,6597,19,19.0,1,16.66666666667993,0.0,0.0,2,2,0,17,17,3900,-2.9103830456733704e-11
3902,1,recording,6598,14,14.0,1,16.66666666667993,0.0,0.0,4,4,0,12,12,3901,0
3903,1,recording,6599,14,14.0,0,0.0,0.0,0.0,2,2,0,10,10,3902,0
3904,1,recording,6600,18,18.0,2,33.33333333335986,0.0,0.0,2,2,0,16,16,3903,0
3905,1,recording,6601,15,15.0,0,0.0,0.0,0.0,2,2,0,13,13,3904,0
3906,1,recording,6602,16,16.0,1,16.66666666667993,0.0,0.0,2,2,1,14,14,3905,0
3907,1,recording,6603,17,17.0,1,16.66666666667993,0.0,0.0,1.9999999999708962,1.9999999999708962,0,15.000000000029104,15.000000000029104,3906,2.9103830456733704e-11
3908,1,recording,6604,17,17.0,1,16.66666666667993,0.0,0.0,2,2,0,15,15,3907,-2.9103830456733704e-11
3909,1,recording,6605,16,16.0,1,16.66666666667993,0.0,0.0,2,2,0,14,14,3908,0
3910,1,recording,6606,17,17.0,1,16.66666666667993,0.0,0.0,2,2,0,15,15,3909,0
3911,1,recording,6607,17,17.0,1,16.66666666667993,0.0,0.0,2,2,0,15,15,3910,0
3912,1,recording,6608,16,16.0,1,16.66666666667993,0.0,0.0,2,2,0,14,14,3911,0
3913,1,recording,6609,17,17.0,1,16.66666666667993,0.0,0.0,3,3,0,15,15,3912,0
3914,1,recording,6610,19,19.0,2,33.33333333335986,0.0,0.0,1.9999999999708962,1.9999999999708962,0,16.000000000029104,16.000000000029104,3913,2.9103830456733704e-11
3915,1,recording,6611,15,15.0,0,0.0,0.0,0.0,2,2,0,13,13,3914,-2.9103830456733704e-11
3916,1,recording,6612,17,17.0,1,16.66666666667993,0.0,0.0,3,3,0,15,15,3915,0
3917,1,recording,6613,17,17.0,1,16.66666666667993,0.0,0.0,3,3,0,14,14,3916,0
3918,1,recording,6614,19,19.0,2,33.33333333335986,0.0,0.0,3,3,0,16,16,3917,0
3919,1,recording,6615,23,23.0,1,16.66666666667993,0.0,0.0,2,2,0,20,20,3918,0
3920,1,recording,6616,34,34.0,2,33.33333333335986,0.0,0.0,3.999999999970896,3.999999999970896,0,32.000000000029104,32.000000000029104,3919,2.9103830456733704e-11
3921,1,recording,6617,21,21.0,1,16.66666666667993,0.0,0.0,6,6,0,17,17,3920,-2.9103830456733704e-11
3922,1,recording,6618,19,19.0,1,16.66666666667993,0.0,0.0,3,3,1.0000000000291038,13,13,3921,0
3923,1,recording,6619,16,16.0,1,16.66666666667993,0.0,0.0,4,4,0,13,13,3922,0
3924,1,recording,6620,21,21.0,2,33.33333333335986,0.0,0.0,3,3,1,17,17,3923,0
3925,1,recording,6621,14,14.0,0,0.0,0.0,0.0,1,1,0,12,12,3924,1
3926,1,recording,6622,20,20.0,2,33.33333333335986,0.0,0.0,4,4,0,18,18,3925,-1
3927,1,recording,6623,14,14.0,1,16.66666666667993,0.0,0.0,3.999999999970896,3.999999999970896,0,10.000000000029104,10.000000000029104,3926,2.9103830456733704e-11
3928,1,recording,6624,19,19.0,1,16.66666666667993,0.0,0.0,4,4,1,15,15,3927,-2.9103830456733704e-11
3929,1,recording,6625,15,15.0,1,16.66666666667993,0.0,0.0,3,3,0,11,11,3928,0
3930,1,recording,6626,16,16.0,1,16.66666666667993,0.0,0.0,3,3,0,13,13,3929,0
3931,1,recording,6627,20,20.0,1,16.66666666667993,0.0,0.0,3,3,0,17,17,3930,0
3932,1,recording,6628,18,18.0,1,16.66666666667993,0.0,0.0,3,3,0,15,15,3931,0
3933,1,recording,6629,28,28.0,1,16.66666666667993,0.0,0.0,2,2,0,25,25,3932,0
3934,1,recording,6630,17,17.0,2,33.33333333335986,0.0,0.0,2,2,0,15,15,3933,0
3935,1,recording,6631,19,19.0,1,16.66666666667993,0.0,0.0,3.000000000029104,3.000000000029104,0,17,17,3934,0
3936,1,recording,6632,13,13.0,0,0.0,0.0,0.0,1.0000000000291038,1.0000000000291038,0,10.999999999970896,10.999999999970896,3935,1
3937,1,recording,6633,16,16.0,1,16.66666666667993,0.0,0.0,2,2,0,14.999999999970896,14.999999999970896,3936,0
3938,1,recording,6634,17,17.0,1,16.66666666667993,0.0,0.0,2,2,0,14,14,3937,-1
3939,1,recording,6635,22,22.0,2,33.33333333335986,0.0,0.0,3,3,0,21,21,3938,1
3940,1,recording,6636,15,15.0,1,16.66666666667993,0.0,0.0,3.000000000029104,3.000000000029104,0,11,11,3939,-1
3941,1,recording,6637,27,27.0,1,16.66666666667993,0.0,0.0,3.999999999970896,3.999999999970896,1,24.0,24.0,3940,2.9103830456733704e-11
3942,1,recording,6638,29,29.0,2,33.33333333335986,0.0,0.0,6,6,0,25,25,3941,-2.9103830456733704e-11
3943,1,recording,6639,18,18.0,1,16.66666666667993,0.0,0.0,6,6,0,12,12,3942,0
3944,1,recording,6640,22,22.0,1,16.66666666667993,0.0,0.0,4,4,0,16,16,3943,0
3945,1,recording,6641,19,19.0,2,33.33333333335986,0.0,0.0,5,5,0,15,15,3944,0
3946,1,recording,6642,15,15.0,0,0.0,0.0,0.0,2,2,0,10,10,3945,0
3947,1,recording,6643,24,24.0,2,33.33333333335986,0.0,0.0,2,2,0,22,22,3946,0
3948,1,recording,6644,18,18.0,1,16.66666666667993,0.0,0.0,3,3,0,16,16,3947,0
3949,1,recording,6645,20,20.0,1,16.66666666667993,0.0,0.0,1,1,0,17,17,3948,0
3950,1,recording,6646,23,23.0,2,33.33333333335986,0.0,0.0,3,3,0,22,22,3949,0
3951,1,recording,6647,20,20.0,1,16.66666666667993,0.0,0.0,2,2,0,17,17,3950,0
3952,1,recording,6648,20,20.0,1,16.66666666667993,0.0,0.0,1,1,0,18,18,3951,0
3953,1,recording,6649,17,17.0,1,16.66666666667993,0.0,0.0,4,4,0,16,16,3952,0
3954,1,recording,6650,18,18.0,1,16.66666666667993,0.0,0.0,2,2,0,14,14,3953,0
3955,1,recording,6651,16,16.0,1,16.66666666667993,0.0,0.0,3,3,0,14,14,3954,0
3956,1,recording,6652,19,19.0,1,16.66666666667993,0.0,0.0,4,4,0,16,16,3955,0
3957,1,recording,6653,18,18.0,1,16.66666666667993,0.0,0.0,4,4,0,14,14,3956,0
3958,1,recording,6654,21,21.0,1,16.66666666667993,0.0,0.0,5,5,0,17,17,3957,0
3959,1,recording,6655,24,24.0,2,33.33333333335986,0.0,0.0,3,3,0,19,19,3958,0
3960,1,recording,6656,12,12.0,1,16.66666666667993,0.0,0.0,3,3,0,9,9,3959,0
3961,1,recording,6657,32,32.0,2,33.33333333335986,0.0,0.0,5.999999999970896,5.999999999970896,0,29.000000000029104,29.000000000029104,3960,2.9103830456733704e-11
3962,1,recording,6658,18,18.0,1,16.66666666667993,0.0,0.0,3,3,0,12,12,3961,-2.9103830456733704e-11
3963,1,recording,6659,15,15.0,1,16.66666666667993,0.0,0.0,3,3,0,12,12,3962,0
3964,1,recording,6660,19,19.0,1,16.66666666667993,0.0,0.0,6,6,0,16,16,3963,0
3965,1,recording,6661,23,23.0,1,16.66666666667993,0.0,0.0,4,4,0,17,17,3964,0
3966,1,recording,6662,21,21.0,1,16.66666666667993,0.0,0.0,1,1,0,17,17,3965,0
3967,1,recording,6663,22,22.0,2,33.33333333335986,0.0,0.0,3,3,0,21,21,3966,0
3968,1,recording,6664,15,15.0,1,16.66666666667993,0.0,0.0,3,3,0,12,12,3967,0
3969,1,recording,6665,18,18.0,1,16.66666666667993,0.0,0.0,2,2,0,15,15,3968,0
3970,1,recording,6666,13,13.0,0,0.0,0.0,0.0,4,4,0,11,11,3969,0
3971,1,recording,6667,22,22.0,2,33.33333333335986,0.0,0.0,3,3,0,18,18,3970,0
3972,1,recording,6668,19,19.0,1,16.66666666667993,0.0,0.0,1,1,0,17,17,3971,1
3973,1,recording,6669,20,20.0,1,16.66666666667993,0.0,0.0,3,3,1.0000000000291038,18,18,3972,-1
3974,1,recording,6670,43,43.0,3,50.00000000003979,0.0,0.0,3,3,0,40,40,3973,0
3975,1,recording,6671,43,43.0,2,33.33333333335986,0.0,0.0,4.000000000029104,4.000000000029104,0,40,40,3974,0
3976,1,recording,6672,28,28.0,2,33.33333333335986,0.0,0.0,2.999999999970896,2.999999999970896,0,24.0,24.0,3975,2.9103830456733704e-11
3977,1,recording,6673,15,15.0,1,16.66666666667993,0.0,0.0,4,4,0,12,12,3976,-2.9103830456733704e-11
3978,1,recording,6674,23,23.0,1,16.66666666667993,0.0,0.0,3,3,0,19,19,3977,0
3979,1,recording,6675,19,19.0,1,16.66666666667993,0.0,0.0,3,3,0,16,16,3978,0
3980,1,recording,6676,21,21.0,2,33.33333333335986,0.0,0.0,7,7,0,18,18,3979,0
3981,1,recording,6677,24,24.0,1,16.66666666667993,0.0,0.0,2,2,0,17,17,3980,0
3982,1,recording,6678,33,33.0,2,33.33333333335986,0.0,0.0,2.000000000029104,2.000000000029104,0,31,31,3981,0
3983,1,recording,6679,24,24.0,1,16.66666666667993,0.0,0.0,4,4,0,21.999999999970896,21.999999999970896,3982,0
3984,1,recording,6680,20,20.0,2,33.33333333335986,0.0,0.0,1,1,0,17,17,3983,1
3985,1,recording,6681,17,17.0,1,16.66666666667993,0.0,0.0,2,2,0,15,15,3984,-1
3986,1,recording,6682,16,16.0,1,16.66666666667993,0.0,0.0,2,2,0,14,14,3985,0
3987,1,recording,6683,17,17.0,1,16.66666666667993,0.0,0.0,4,4,1,15,15,3986,0
3988,1,recording,6684,19,19.0,1,16.66666666667993,0.0,0.0,2.000000000029104,2.000000000029104,0,15,15,3987,0
3989,1,recording,6685,14,14.0,1,16.66666666667993,0.0,0.0,2.999999999970896,2.999999999970896,0,12.0,12.0,3988,2.9103830456733704e-11
3990,1,recording,6686,29,29.0,1,16.66666666667993,0.0,0.0,3,3,0,26,26,3989,-2.9103830456733704e-11
3991,1,recording,6687,20,20.0,2,33.33333333335986,0.0,0.0,3,3,0,17,17,3990,0
3992,1,recording,6688,23,23.0,1,16.66666666667993,0.0,0.0,2,2,0,20,20,3991,0
3993,1,recording,6689,14,14.0,1,16.66666666667993,0.0,0.0,2,2,1,12,12,3992,0
3994,1,recording,6690,19,19.0,1,16.66666666667993,0.0,0.0,3,3,0,17,17,3993,0
3995,1,recording,6691,20,20.0,1,16.66666666667993,0.0,0.0,4.999999999970896,4.999999999970896,0,17.000000000029104,17.000000000029104,3994,2.9103830456733704e-11
3996,1,recording,6692,23,23.0,1,16.66666666667993,0.0,0.0,5,5,0,18,18,3995,-2.9103830456733704e-11
3997,1,recording,6693,23,23.0,2,33.33333333335986,0.0,0.0,4,4,0,18,18,3996,0
3998,1,recording,6694,18,18.0,1,16.66666666667993,0.0,0.0,3,3,1,15,15,3997,1
3999,1,recording,6695,18,18.0,1,16.66666666667993,0.0,0.0,2,2,0,14,14,3998,-1
4000,1,recording,6696,16,16.0,1,16.66666666667993,0.0,0.0,3.000000000029104,3.000000000029104,0,14,14,3999,0
4001,1,recording,6697,18,18.0,1,16.66666666667993,0.0,0.0,1,1,0,14.999999999970896,14.999999999970896,4000,0
4002,1,recording,6698,13,13.0,1,16.66666666667993,0.0,0.0,3,3,1,12,12,4001,0
4003,1,recording,6699,16,16.0,1,16.66666666667993,0.0,0.0,2,2,0,13,13,4002,0
4004,1,recording,6700,21,21.0,1,16.66666666667993,0.0,0.0,2,2,0,19,19,4003,0
4005,1,recording,6701,25,25.0,2,33.33333333335986,0.0,0.0,4,4,0,23,23,4004,0
4006,1,recording,6702,17,17.0,1,16.66666666667993,0.0,0.0,1.9999999999708962,1.9999999999708962,0,13.000000000029104,13.000000000029104,4005,2.9103830456733704e-11
4007,1,recording,6703,20,20.0,1,16.66666666667993,0.0,0.0,2,2,0,18,18,4006,-2.9103830456733704e-11
4008,1,recording,6704,23,23.0,1,16.66666666667993,0.0,0.0,3,3,0,21,21,4007,0
4009,1,recording,6705,18,18.0,1,16.66666666667993,0.0,0.0,3,3,0,15,15,4008,0
4010,1,recording,6706,17,17.0,1,16.66666666667993,0.0,0.0,3,3,0,14,14,4009,0
4011,1,recording,6707,17,17.0,1,16.66666666667993,0.0,0.0,2,2,0,14,14,4010,0
4012,1,recording,6708,17,17.0,1,16.66666666667993,0.0,0.0,1,1,0,15,15,4011,0
4013,1,recording,6709,14,14.0,1,16.66666666667993,0.0,0.0,1,1,0,13,13,4012,0
4014,1,recording,6710,25,25.0,2,33.33333333335986,0.0,0.0,6,6,0,24,24,4013,0
4015,1,recording,6711,16,16.0,1,16.66666666667993,0.0,0.0,1.9999999999708962,1.9999999999708962,0,10.000000000029104,10.000000000029104,4014,2.9103830456733704e-11
4016,1,recording,6712,21,21.0,1,16.66666666667993,0.0,0.0,4,4,0,19,19,4015,-2.9103830456733704e-11
4017,1,recording,6713,16,16.0,1,16.66666666667993,0.0,0.0,4,4,0,12,12,4016,0
4018,1,recording,6714,17,17.0,1,16.66666666667993,0.0,0.0,4,4,0,13,13,4017,0
4019,1,recording,6715,19,19.0,1,16.66666666667993,0.0,0.0,1,1,0,15,15,4018,0
4020,1,recording,6716,13,13.0,1,16.66666666667993,0.0,0.0,3.000000000029104,3.000000000029104,0,12,12,4019,0
4021,1,recording,6717,22,22.0,1,16.66666666667993,0.0,0.0,3,3,0,18.999999999970896,18.999999999970896,4020,0
4022,1,recording,6718,31,31.0,2,33.33333333335986,0.0,0.0,3,3,1,28,28,4021,0
4023,1,recording,6719,35,35.0,2,33.33333333335986,0.0,0.0,2,2,0,32,32,4022,0
4024,1,recording,6720,23,23.0,1,16.66666666667993,0.0,0.0,2,2,0,21,21,4023,0
4025,1,inactive,6721,80,80.0,4,66.66666666671972,0.0,28.666666666613676,5,5,0,78,78,4024,0
4026,1,inactive,6722,17,17.0,1,16.66666666667993,0.0,0.0,3,3,0,13,13,4025,1
4027,1,inactive,6723,17,17.0,1,16.66666666667993,0.0,0.0,3,3,0,13,13,4026,-1
4028,1,inactive,6724,17,17.0,1,16.66666666667993,0.0,0.0,4,4,0,14,14,4027,0
4029,1,inactive,6725,20,20.0,1,16.66666666667993,0.0,0.0,5,5,0,16,16,4028,0
4030,1,inactive,6726,15,15.0,1,16.66666666667993,0.0,0.0,2.999999999970896,2.999999999970896,0,10.000000000029104,10.000000000029104,4029,2.9103830456733704e-11
4031,1,inactive,6727,14,14.0,1,16.66666666667993,0.0,0.0,5,5,0,11,11,4030,-2.9103830456733704e-11
4032,1,inactive,6728,27,27.0,1,16.66666666667993,0.0,0.0,2,2,0,22,22,4031,0
4033,1,inactive,6729,91,91.0,4,66.66666666671972,0.0,34.66666666661361,5.000000000029104,5.000000000029104,1,89,89,4032,0
4034,1,inactive,6730,20,20.0,1,16.66666666667993,0.0,0.0,4,4,0,14.999999999970896,14.999999999970896,4033,0
4035,1,inactive,6731,13,13.0,0,0.0,0.0,0.0,4,4,0,9,9,4034,0
4036,1,inactive,6732,25,25.0,2,33.33333333335986,0.0,0.0,7,7,1,21,21,4035,0
4037,1,inactive,6733,19,19.0,1,16.66666666667993,0.0,0.0,3,3,0,12,12,4036,0
4038,2,recording,10375,69,69.0,4,66.66666666671972,0.0,3.3333333332803,16,16,1,,,,
4039,2,recording,10376,50,50.0,3,50.00000000003979,0.0,0.0,2.999999999970896,2.999999999970896,0,33.000000000029104,33.000000000029104,4038,-0.9999999999708962
4040,2,recording,10377,21,21.0,1,16.66666666667993,0.0,0.0,3.000000000029104,3.000000000029104,0,18,18,4039,-2.9103830456733704e-11
4041,2,recording,10378,40,40.0,2,33.33333333335986,0.0,0.0,2,2,0,36.999999999970896,36.999999999970896,4040,0
4042,2,recording,10379,39,39.0,3,50.00000000003979,0.0,0.0,3,3,0,37,37,4041,0
4043,2,recording,10380,37,37.0,2,33.33333333335986,0.0,0.0,7,6,1,35,35,4042,1
4044,2,recording,10381,23,23.0,1,16.66666666667993,0.0,0.0,2,2,0,15,16,4043,-1
4045,2,recording,10382,25,25.0,2,33.33333333335986,0.0,0.0,1.9999999999708962,1.9999999999708962,0,23.000000000029104,23.000000000029104,4044,2.9103830456733704e-11
4046,2,recording,10383,14,14.0,0,0.0,0.0,0.0,1,1,0,13,13,4045,0.9999999999708962
4047,2,recording,10384,19,19.0,2,33.33333333335986,0.0,0.0,3,3,0,17,17,4046,-1
4048,2,recording,10385,25,25.0,1,16.66666666667993,0.0,0.0,3,3,0,22,22,4047,0
4049,2,recording,10386,49,49.0,3,50.00000000003979,0.0,0.0,1.9999999999708962,1.9999999999708962,0,46.000000000029104,46.000000000029104,4048,2.9103830456733704e-11
4050,2,recording,10387,15,15.0,1,16.66666666667993,0.0,0.0,2.000000000029104,2.000000000029104,0,14,14,4049,0.9999999999708962
4051,2,recording,10388,19,19.0,1,16.66666666667993,0.0,0.0,1,1,0,15.999999999970896,15.999999999970896,4050,-1
4052,2,recording,10389,12,12.0,1,16.66666666667993,0.0,0.0,2,2,0,11,11,4051,0
4053,2,recording,10390,17,17.0,1,16.66666666667993,0.0,0.0,4,4,0,15,15,4052,0
4054,2,recording,10391,16,16.0,1,16.66666666667993,0.0,0.0,3,3,0,12,12,4053,0
4055,2,recording,10392,22,22.0,1,16.66666666667993,0.0,0.0,1.9999999999708962,1.9999999999708962,0,19.000000000029104,19.000000000029104,4054,2.9103830456733704e-11
4056,2,recording,10393,17,17.0,1,16.66666666667993,0.0,0.0,4,4,0,15,15,4055,-2.9103830456733704e-11
4057,2,recording,10394,20,20.0,1,16.66666666667993,0.0,0.0,2,2,0,16,16,4056,0
4058,2,recording,10395,15,15.0,1,16.66666666667993,0.0,0.0,2,2,0,14,14,4057,1
4059,2,recording,10396,13,13.0,1,16.66666666667993,0.0,0.0,2,2,0,10,10,4058,-1
4060,2,recording,10397,14,14.0,1,16.66666666667993,0.0,0.0,3,3,0,12,12,4059,0
4061,2,recording,10398,18,18.0,1,16.66666666667993,0.0,0.0,2,2,0,15,15,4060,0
4062,2,recording,10399,25,25.0,1,16.66666666667993,0.0,0.0,2,2,0,23,23,4061,0
4063,2,recording,10400,13,13.0,1,16.66666666667993,0.0,0.0,3,3,0,11,11,4062,0
4064,2,recording,10401,14,14.0,1,16.66666666667993,0.0,0.0,2,2,0,12,12,4063,1
4065,2,recording,10402,19,19.0,1,16.66666666667993,0.0,0.0,2,2,0,16,16,4064,-1
4066,2,recording,10403,14,14.0,1,16.66666666667993,0.0,0.0,4,4,0,12,12,4065,0
4067,2,recording,10404,18,18.0,1,16.66666666667993,0.0,0.0,3,3,0,14,14,4066,0
4068,2,recording,10405,14,14.0,1,16.66666666667993,0.0,0.0,1.9999999999708962,1.9999999999708962,0,11.000000000029104,11.000000000029104,4067,2.9103830456733704e-11
4069,2,recording,10406,14,14.0,1,16.66666666667993,0.0,0.0,2,2,0,12,12,4068,-2.9103830456733704e-11
4070,2,recording,10407,30,30.0,2,33.33333333335986,0.0,0.0,4.000000000029104,4.000000000029104,0,28,28,4069,0
4071,2,recording,10408,19,19.0,1,16.66666666667993,0.0,0.0,5,5,0,14.999999999970896,14.999999999970896,4070,0
4072,2,recording,10409,19,19.0,1,16.66666666667993,0.0,0.0,3,3,0,15,15,4071,1
4073,2,recording,10410,19,19.0,1,16.66666666667993,0.0,0.0,2,2,0,15,15,4072,-1
4074,2,recording,10411,15,15.0,1,16.66666666667993,0.0,0.0,3.000000000029104,3.000000000029104,0,13,13,4073,0
4075,2,recording,10412,20,20.0,1,16.66666666667993,0.0,0.0,1.0000000000291038,1.0000000000291038,0,16.999999999970896,16.999999999970896,4074,0
4076,2,recording,10413,10,10.0,1,16.66666666667993,0.0,0.0,4,4,0,8.999999999970896,8.999999999970896,4075,0
4077,2,recording,10414,19,19.0,1,16.66666666667993,0.0,0.0,2.000000000029104,2.000000000029104,0,15,15,4076,0
4078,2,recording,10415,15,15.0,1,16.66666666667993,0.0,0.0,3,3,0,12.999999999970896,12.999999999970896,4077,0
4079,2,recording,10416,19,19.0,1,16.66666666667993,0.0,0.0,2,2,0,16,16,4078,0
4080,2,recording,10417,15,15.0,1,16.66666666667993,0.0,0.0,3,3,0,13,13,4079,0
4081,2,recording,10418,30,30.0,2,33.33333333335986,0.0,0.0,2.999999999970896,2.999999999970896,0.9999999999708962,27.000000000029104,27.000000000029104,4080,2.9103830456733704e-11
4082,2,recording,10419,19,19.0,1,16.66666666667993,0.0,0.0,2,2,0,16,16,4081,-2.9103830456733704e-11
4083,2,recording,10420,15,15.0,1,16.66666666667993,0.0,0.0,2.000000000029104,2.000000000029104,0,13,13,4082,0
4084,2,recording,10421,21,21.0,1,16.66666666667993,0.0,0.0,1,1,0,19.999999999970896,19.999999999970896,4083,1
4085,2,recording,10422,23,23.0,1,16.66666666667993,0.0,0.0,2.999999999970896,2.999999999970896,0,21.000000000029104,21.000000000029104,4084,-0.9999999999708962
4086,2,recording,10423,17,17.0,1,16.66666666667993,0.0,0.0,2,2,0,14,14,4085,-2.9103830456733704e-11
4087,2,recording,10424,13,13.0,1,16.66666666667993,0.0,0.0,2.999999999970896,2.999999999970896,0,11.000000000029104,11.000000000029104,4086,2.9103830456733704e-11
4088,2,recording,10425,15,15.0,1,16.66666666667993,0.0,0.0,2.000000000029104,2.000000000029104,0,12,12,4087,-2.9103830456733704e-11
4089,2,recording,10426,59,59.0,3,50.00000000003979,0.0,0.0,5,5,0,56.999999999970896,56.999999999970896,4088,0
4090,2,recording,10427,56,56.0,4,66.66666666671972,0.0,5.66666666661364,33,33,4,51,51,4089,0
4091,2,recording,10428,101,101.0,4,66.66666666671972,0.0,34.33333333328029,8.999999999970896,8.999999999970896,0,69.0000000000291,69.0000000000291,4090,1.0000000000291038
4092,2,recording,10429,89,89.0,4,66.66666666671972,0.0,22.333333333280276,4,4,0,79,79,4091,-1.0000000000291038
4093,2,recording,10430,65,65.0,3,50.00000000003979,0.0,0.0,6.000000000029104,6.000000000029104,0,62,62,4092,1
4094,2,recording,10431,21,21.0,2,33.33333333335986,0.0,0.0,4.000000000029104,4.000000000029104,0,13.999999999970896,13.999999999970896,4093,-1
4095,2,recording,10432,12,12.0,0,0.0,0.0,0.0,3,3,0,7.999999999970896,7.999999999970896,4094,0
